[     519ms] [WARNING] [WEBSOCKETS] - Subscribing {params: Object, subscriber: bound wsHandlePosition} @ https://kalshi.com/_next/static/chunks/0q~3w5mbasf3y.js?dpl=dpl_8DZC32fyfJrhwVcY7PUjK6qhB1QX:3
[     522ms] [WARNING] [WEBSOCKETS] - Subscribing {params: Object, subscriber: bound queueWsHandleTicker} @ https://kalshi.com/_next/static/chunks/0q~3w5mbasf3y.js?dpl=dpl_8DZC32fyfJrhwVcY7PUjK6qhB1QX:3
[     523ms] [WARNING] [WEBSOCKETS] - Subscribing {params: Object, subscriber: bound wsHandleLifecycle} @ https://kalshi.com/_next/static/chunks/0q~3w5mbasf3y.js?dpl=dpl_8DZC32fyfJrhwVcY7PUjK6qhB1QX:3
[     545ms] [ERROR] Failed to load resource: net::ERR_NAME_NOT_RESOLVED @ https://cdn.lr-ingest.io/logger-1.min.js:0
[     545ms] [ERROR] Failed to load resource: net::ERR_NAME_NOT_RESOLVED @ https://wa.onelink.me/v1/onelink:0
[     545ms] [ERROR] Failed to load resource: net::ERR_NAME_NOT_RESOLVED @ https://sr-client-cfg.amplitude.com/config/a80cc4d021d62947ce3cd389ec3f7e2d?config_group=browser:0
[     628ms] [ERROR] Failed to load resource: net::ERR_NAME_NOT_RESOLVED @ https://featureassets.org/v1/initialize?k=client-3KkiSXMxHCYSq6uJpk22JfwuVcizXfTHrECs42WQ9oZ&st=javascript-client-react&sv=3.31.2&t=1780920629194&sid=dc981656-9129-41a5-8167-0e6326155ba2&se=1:0
[     795ms] [WARNING] [WEBSOCKETS] - Subscribing {params: Object, subscriber: bound queueWsHandleTicker} @ https://kalshi.com/_next/static/chunks/0q~3w5mbasf3y.js?dpl=dpl_8DZC32fyfJrhwVcY7PUjK6qhB1QX:3
[     796ms] [WARNING] [WEBSOCKETS] - Found existing subscription {match: Object, subscription: Object} @ https://kalshi.com/_next/static/chunks/0q~3w5mbasf3y.js?dpl=dpl_8DZC32fyfJrhwVcY7PUjK6qhB1QX:3
[     797ms] [WARNING] [WEBSOCKETS] - Subscribing {params: Object, subscriber: bound wsHandleLifecycle} @ https://kalshi.com/_next/static/chunks/0q~3w5mbasf3y.js?dpl=dpl_8DZC32fyfJrhwVcY7PUjK6qhB1QX:3
[     798ms] [WARNING] [WEBSOCKETS] - Found existing subscription {match: Object, subscription: Object} @ https://kalshi.com/_next/static/chunks/0q~3w5mbasf3y.js?dpl=dpl_8DZC32fyfJrhwVcY7PUjK6qhB1QX:3
[     864ms] [ERROR] Failed to load resource: net::ERR_NAME_NOT_RESOLVED @ https://sr-client-cfg.amplitude.com/config/a80cc4d021d62947ce3cd389ec3f7e2d?config_group=browser:0
[     904ms] [WARNING] LogRocket: script could not load. Check that you have a valid network connection. @ https://kalshi.com/_next/static/chunks/0q~3w5mbasf3y.js?dpl=dpl_8DZC32fyfJrhwVcY7PUjK6qhB1QX:3
[    1059ms] [ERROR] Failed to load resource: net::ERR_NAME_NOT_RESOLVED @ https://api.sprig.com/sdk/1/environments/iOWjIVsDOPhw/config:0
[    1183ms] [ERROR] Failed to load resource: net::ERR_NAME_NOT_RESOLVED @ https://sr-client-cfg.amplitude.com/config/a80cc4d021d62947ce3cd389ec3f7e2d?config_group=browser:0
[    1240ms] [ERROR] Failed to load resource: net::ERR_NAME_NOT_RESOLVED @ https://featureassets.org/v1/initialize?k=client-3KkiSXMxHCYSq6uJpk22JfwuVcizXfTHrECs42WQ9oZ&st=javascript-client-react&sv=3.31.2&t=1780920629800&sid=dc981656-9129-41a5-8167-0e6326155ba2&se=1:0
[    1265ms] [ERROR] Failed to load resource: net::ERR_NAME_NOT_RESOLVED @ https://sr-client-cfg.amplitude.com/config/a80cc4d021d62947ce3cd389ec3f7e2d?config_group=browser:0
[    1276ms] [ERROR] Failed to load resource: net::ERR_NAME_NOT_RESOLVED @ https://sr-client-cfg.amplitude.com/config/a80cc4d021d62947ce3cd389ec3f7e2d?config_group=browser:0
[    1515ms] [ERROR] Failed to load resource: net::ERR_NAME_NOT_RESOLVED @ https://sr-client-cfg.amplitude.com/config/a80cc4d021d62947ce3cd389ec3f7e2d?config_group=browser:0
[    1606ms] [ERROR] Access to fetch at 'https://ai-summary.kalshi.co/timeline-points?event_id=KXNFLNFCCHAMP-27&market_ticker=KXNFLNFCCHAMP-27-LAR&market_ticker=KXNFLNFCCHAMP-27-SEA' from origin 'https://kalshi.com' has been blocked by CORS policy: No 'Access-Control-Allow-Origin' header is present on the requested resource. @ https://kalshi.com/markets/kxnflnfcchamp/national-football-conference-champion/kxnflnfcchamp-27:0
[    1606ms] [ERROR] Failed to load resource: net::ERR_FAILED @ https://ai-summary.kalshi.co/timeline-points?event_id=KXNFLNFCCHAMP-27&market_ticker=KXNFLNFCCHAMP-27-LAR&market_ticker=KXNFLNFCCHAMP-27-SEA:0
[    1606ms] [LOG] Failed to fetch timeline points: TypeError: Failed to fetch @ https://kalshi.com/_next/static/chunks/0q~3w5mbasf3y.js?dpl=dpl_8DZC32fyfJrhwVcY7PUjK6qhB1QX:3
[    1676ms] [LOG] datadog init config.commitRef 58cd95ae8d140c7cb42970634eb8fb32a3ba8e65 @ https://kalshi.com/_next/static/chunks/0q~3w5mbasf3y.js?dpl=dpl_8DZC32fyfJrhwVcY7PUjK6qhB1QX:3
[    1717ms] [WARNING] [Meta Pixel] - Duplicate Pixel ID: 1537332917135729. @ https://kalshi.com/_next/static/chunks/0q~3w5mbasf3y.js?dpl=dpl_8DZC32fyfJrhwVcY7PUjK6qhB1QX:3
[    1724ms] [ERROR] Failed to load resource: net::ERR_NAME_NOT_RESOLVED @ https://www.googletagmanager.com/gtm.js?id=GTM-NP66QTXD:0
[    1724ms] [ERROR] Failed to load resource: net::ERR_NAME_NOT_RESOLVED @ https://beacon.riskified.com/?shop=kalshi.com_ach&sid=e46e80b6-a781-4679-9fcf-fe480b77c60a:0
[    2013ms] [ERROR] Failed to load resource: net::ERR_NAME_NOT_RESOLVED @ https://browser-intake-datadoghq.com/api/v2/rum?ddsource=browser&dd-api-key=pub222856fe11852abc3642b1395fac0627&dd-evp-origin-version=7.1.0&dd-evp-origin=browser&dd-request-id=2d0803c2-2b43-4c6e-ae77-40938a646d9e&batch_time=1780920630578&_dd.api=fetch:0
[    2024ms] [ERROR] Failed to load resource: net::ERR_NAME_NOT_RESOLVED @ https://browser-intake-datadoghq.com/api/v2/rum?ddsource=browser&dd-api-key=pub222856fe11852abc3642b1395fac0627&dd-evp-origin-version=7.1.0&dd-evp-origin=browser&dd-request-id=3af600d4-fc6a-4d94-986e-4f6dafa8549d&batch_time=1780920630589&_dd.api=fetch:0
[    2027ms] [ERROR] Failed to load resource: net::ERR_NAME_NOT_RESOLVED @ https://browser-intake-datadoghq.com/api/v2/rum?ddsource=browser&dd-api-key=pub222856fe11852abc3642b1395fac0627&dd-evp-origin-version=7.1.0&dd-evp-origin=browser&dd-request-id=b66f57c3-9867-4eb8-a13c-b1b612c14bcb&batch_time=1780920630590&_dd.api=fetch:0
[    2027ms] [ERROR] Failed to load resource: net::ERR_NAME_NOT_RESOLVED @ https://browser-intake-datadoghq.com/api/v2/rum?ddsource=browser&dd-api-key=pub222856fe11852abc3642b1395fac0627&dd-evp-origin-version=7.1.0&dd-evp-origin=browser&dd-request-id=77f2a5b9-9ef6-484b-a0d3-28ebd251fad4&batch_time=1780920630592&_dd.api=fetch:0
[    2027ms] [ERROR] Failed to load resource: net::ERR_NAME_NOT_RESOLVED @ https://browser-intake-datadoghq.com/api/v2/rum?ddsource=browser&dd-api-key=pub222856fe11852abc3642b1395fac0627&dd-evp-origin-version=7.1.0&dd-evp-origin=browser&dd-request-id=c4917f03-1b9e-4361-964e-494726a94141&batch_time=1780920630593&_dd.api=fetch:0
[    2041ms] [ERROR] Failed to load resource: net::ERR_NAME_NOT_RESOLVED @ https://browser-intake-datadoghq.com/api/v2/rum?ddsource=browser&dd-api-key=pub222856fe11852abc3642b1395fac0627&dd-evp-origin-version=7.1.0&dd-evp-origin=browser&dd-request-id=83f3eaa0-edf3-486d-8004-131cf9e46b1a&batch_time=1780920630604&_dd.api=fetch:0
[    2045ms] [ERROR] Failed to load resource: net::ERR_NAME_NOT_RESOLVED @ https://browser-intake-datadoghq.com/api/v2/rum?ddsource=browser&dd-api-key=pub222856fe11852abc3642b1395fac0627&dd-evp-origin-version=7.1.0&dd-evp-origin=browser&dd-request-id=0d8f1dc2-f1c0-4ba6-9d28-68fa0b916fdc&batch_time=1780920630605&_dd.api=fetch:0
[    2045ms] [ERROR] Failed to load resource: net::ERR_NAME_NOT_RESOLVED @ https://browser-intake-datadoghq.com/api/v2/rum?ddsource=browser&dd-api-key=pub222856fe11852abc3642b1395fac0627&dd-evp-origin-version=7.1.0&dd-evp-origin=browser&dd-request-id=92a23730-5369-48cc-880b-d39757f9da23&batch_time=1780920630606&_dd.api=fetch:0
[    2046ms] [ERROR] Failed to load resource: net::ERR_NAME_NOT_RESOLVED @ https://browser-intake-datadoghq.com/api/v2/rum?ddsource=browser&dd-api-key=pub222856fe11852abc3642b1395fac0627&dd-evp-origin-version=7.1.0&dd-evp-origin=browser&dd-request-id=e229c557-a6bb-48c4-aa14-44d65d122489&batch_time=1780920630608&_dd.api=fetch:0
[    2046ms] [ERROR] Failed to load resource: net::ERR_NAME_NOT_RESOLVED @ https://browser-intake-datadoghq.com/api/v2/rum?ddsource=browser&dd-api-key=pub222856fe11852abc3642b1395fac0627&dd-evp-origin-version=7.1.0&dd-evp-origin=browser&dd-request-id=1aa30875-aae3-43fe-ab4a-0eb9fd6ffc94&batch_time=1780920630609&_dd.api=fetch:0
[    2046ms] [ERROR] Failed to load resource: net::ERR_NAME_NOT_RESOLVED @ https://browser-intake-datadoghq.com/api/v2/rum?ddsource=browser&dd-api-key=pub222856fe11852abc3642b1395fac0627&dd-evp-origin-version=7.1.0&dd-evp-origin=browser&dd-request-id=e67bcf4b-84c7-47f2-b0d9-4a2dbe1e5d68&batch_time=1780920630612&_dd.api=fetch:0
[    2071ms] [ERROR] Failed to load resource: net::ERR_NAME_NOT_RESOLVED @ https://browser-intake-datadoghq.com/api/v2/rum?ddsource=browser&dd-api-key=pub222856fe11852abc3642b1395fac0627&dd-evp-origin-version=7.1.0&dd-evp-origin=browser&dd-request-id=3783a986-d0aa-4d55-8681-539b6271558b&batch_time=1780920630618&_dd.api=fetch:0
[    2075ms] [ERROR] Failed to load resource: net::ERR_NAME_NOT_RESOLVED @ https://browser-intake-datadoghq.com/api/v2/rum?ddsource=browser&dd-api-key=pub222856fe11852abc3642b1395fac0627&dd-evp-origin-version=7.1.0&dd-evp-origin=browser&dd-request-id=338fbd96-c59c-4b56-99b8-3d5830e49614&batch_time=1780920630619&_dd.api=fetch:0
[    2076ms] [ERROR] Failed to load resource: net::ERR_NAME_NOT_RESOLVED @ https://browser-intake-datadoghq.com/api/v2/rum?ddsource=browser&dd-api-key=pub222856fe11852abc3642b1395fac0627&dd-evp-origin-version=7.1.0&dd-evp-origin=browser&dd-request-id=b4a19e11-63f7-4d32-b49b-e7a292d480b7&batch_time=1780920630621&_dd.api=fetch:0
[    2078ms] [ERROR] Failed to load resource: net::ERR_NAME_NOT_RESOLVED @ https://browser-intake-datadoghq.com/api/v2/rum?ddsource=browser&dd-api-key=pub222856fe11852abc3642b1395fac0627&dd-evp-origin-version=7.1.0&dd-evp-origin=browser&dd-request-id=b8c8783c-e4c6-442a-a295-9aebe954f334&batch_time=1780920630623&_dd.api=fetch:0
[    2080ms] [ERROR] Failed to load resource: net::ERR_NAME_NOT_RESOLVED @ https://browser-intake-datadoghq.com/api/v2/rum?ddsource=browser&dd-api-key=pub222856fe11852abc3642b1395fac0627&dd-evp-origin-version=7.1.0&dd-evp-origin=browser&dd-request-id=819f5f37-1556-4f44-af2b-8b9736fcc202&batch_time=1780920630624&_dd.api=fetch:0
[    2084ms] [ERROR] Failed to load resource: net::ERR_NAME_NOT_RESOLVED @ https://browser-intake-datadoghq.com/api/v2/rum?ddsource=browser&dd-api-key=pub222856fe11852abc3642b1395fac0627&dd-evp-origin-version=7.1.0&dd-evp-origin=browser&dd-request-id=2630cdc2-0d05-414e-8107-bfae30b0d051&batch_time=1780920630642&_dd.api=fetch:0
[    2085ms] [ERROR] Failed to load resource: net::ERR_NAME_NOT_RESOLVED @ https://browser-intake-datadoghq.com/api/v2/rum?ddsource=browser&dd-api-key=pub222856fe11852abc3642b1395fac0627&dd-evp-origin-version=7.1.0&dd-evp-origin=browser&dd-request-id=67473fe8-770a-4730-961a-951bbefe9f33&batch_time=1780920630646&_dd.api=fetch:0
[    2085ms] [ERROR] Failed to load resource: net::ERR_NAME_NOT_RESOLVED @ https://browser-intake-datadoghq.com/api/v2/rum?ddsource=browser&dd-api-key=pub222856fe11852abc3642b1395fac0627&dd-evp-origin-version=7.1.0&dd-evp-origin=browser&dd-request-id=a712d60d-c692-4623-a44c-806018174c6e&batch_time=1780920630648&_dd.api=fetch:0
[    2085ms] [ERROR] Failed to load resource: net::ERR_NAME_NOT_RESOLVED @ https://browser-intake-datadoghq.com/api/v2/rum?ddsource=browser&dd-api-key=pub222856fe11852abc3642b1395fac0627&dd-evp-origin-version=7.1.0&dd-evp-origin=browser&dd-request-id=21b87716-1595-4b6d-9bca-ce47b7dbda49&batch_time=1780920630650&_dd.api=fetch:0
[    2085ms] [ERROR] Failed to load resource: net::ERR_NAME_NOT_RESOLVED @ https://api.sprig.com/sdk/1/environments/iOWjIVsDOPhw/config:0
[    2090ms] [ERROR] Failed to load resource: net::ERR_NAME_NOT_RESOLVED @ https://browser-intake-datadoghq.com/api/v2/rum?ddsource=browser&dd-api-key=pub222856fe11852abc3642b1395fac0627&dd-evp-origin-version=7.1.0&dd-evp-origin=browser&dd-request-id=97b1591e-4dbc-468c-a104-a9b95537f17b&batch_time=1780920630658&_dd.api=fetch:0
[    2095ms] [ERROR] Failed to load resource: net::ERR_NAME_NOT_RESOLVED @ https://browser-intake-datadoghq.com/api/v2/rum?ddsource=browser&dd-api-key=pub222856fe11852abc3642b1395fac0627&dd-evp-origin-version=7.1.0&dd-evp-origin=browser&dd-request-id=a455c0e9-d7d7-44bb-8112-9bf11096cf74&batch_time=1780920630660&_dd.api=fetch:0
[    2105ms] [ERROR] Failed to load resource: net::ERR_NAME_NOT_RESOLVED @ https://browser-intake-datadoghq.com/api/v2/rum?ddsource=browser&dd-api-key=pub222856fe11852abc3642b1395fac0627&dd-evp-origin-version=7.1.0&dd-evp-origin=browser&dd-request-id=e0032eb0-6d5c-41b6-bbe9-b416a7b619e0&batch_time=1780920630671&_dd.api=fetch:0
[    2106ms] [ERROR] Failed to load resource: net::ERR_NAME_NOT_RESOLVED @ https://browser-intake-datadoghq.com/api/v2/rum?ddsource=browser&dd-api-key=pub222856fe11852abc3642b1395fac0627&dd-evp-origin-version=7.1.0&dd-evp-origin=browser&dd-request-id=123a8eb3-eb1d-4de3-bbaf-bd6c28cceb54&batch_time=1780920630673&_dd.api=fetch:0
[    2106ms] [ERROR] Failed to load resource: net::ERR_NAME_NOT_RESOLVED @ https://browser-intake-datadoghq.com/api/v2/rum?ddsource=browser&dd-api-key=pub222856fe11852abc3642b1395fac0627&dd-evp-origin-version=7.1.0&dd-evp-origin=browser&dd-request-id=5b33ff73-b1d7-450f-a25d-70c9e172d0ea&batch_time=1780920630675&_dd.api=fetch:0
[    2147ms] [ERROR] Failed to load resource: net::ERR_NAME_NOT_RESOLVED @ https://browser-intake-datadoghq.com/api/v2/rum?ddsource=browser&dd-api-key=pub222856fe11852abc3642b1395fac0627&dd-evp-origin-version=7.1.0&dd-evp-origin=browser&dd-request-id=9b3626eb-08ec-4c72-bbfc-dd28959bf355&batch_time=1780920630714&_dd.api=fetch:0
[    2151ms] [ERROR] Failed to load resource: the server responded with a status of 429 () @ https://api.elections.kalshi.com/v1/events/?series_tickers=&single_event_per_series=false&tickers=KXNFLNFCCHAMP-27&page_size=100&page_number=1&with_markdown=true:0
[    2153ms] [LOG] Transport layer info: You are making requests too frequently @ https://kalshi.com/_next/static/chunks/0q~3w5mbasf3y.js?dpl=dpl_8DZC32fyfJrhwVcY7PUjK6qhB1QX:3
[    2344ms] [ERROR] Failed to load resource: the server responded with a status of 429 () @ https://api.elections.kalshi.com/v1/social/badges?nickname=solid.greyhound0955&top_badges=3:0
[    2345ms] [LOG] Transport layer info: You are making requests too frequently @ https://kalshi.com/_next/static/chunks/0q~3w5mbasf3y.js?dpl=dpl_8DZC32fyfJrhwVcY7PUjK6qhB1QX:3
[    2368ms] [ERROR] Failed to load resource: net::ERR_NAME_NOT_RESOLVED @ https://browser-intake-datadoghq.com/api/v2/rum?ddsource=browser&dd-api-key=pub222856fe11852abc3642b1395fac0627&dd-evp-origin-version=7.1.0&dd-evp-origin=browser&dd-request-id=17ee1d51-8374-4a66-9795-48972e20786a&batch_time=1780920630937&_dd.api=fetch:0
[    2551ms] [ERROR] Failed to load resource: net::ERR_NAME_NOT_RESOLVED @ https://api2.amplitude.com/2/httpapi:0
[    2551ms] [ERROR] Failed to load resource: net::ERR_NAME_NOT_RESOLVED @ https://browser-intake-datadoghq.com/api/v2/rum?ddsource=browser&dd-api-key=pub222856fe11852abc3642b1395fac0627&dd-evp-origin-version=7.1.0&dd-evp-origin=browser&dd-request-id=54dfadcd-82f4-4238-a925-d34fc4bb9bed&batch_time=1780920631121&_dd.api=fetch:0
[    2749ms] [ERROR] Failed to load resource: net::ERR_NAME_NOT_RESOLVED @ https://browser-intake-datadoghq.com/api/v2/rum?ddsource=browser&dd-api-key=pub222856fe11852abc3642b1395fac0627&dd-evp-origin-version=7.1.0&dd-evp-origin=browser&dd-request-id=c4f6ac30-70fb-41bc-9f26-577011638155&batch_time=1780920631316&_dd.api=fetch:0
[    2982ms] [ERROR] Failed to load resource: net::ERR_NAME_NOT_RESOLVED @ https://browser-intake-datadoghq.com/api/v2/rum?ddsource=browser&dd-api-key=pub222856fe11852abc3642b1395fac0627&dd-evp-origin-version=7.1.0&dd-evp-origin=browser&dd-request-id=0cc50263-3eeb-48f6-a48d-aceb7d8e5b52&batch_time=1780920631548&_dd.api=fetch:0
[    3245ms] [ERROR] Failed to load resource: net::ERR_NAME_NOT_RESOLVED @ https://featureassets.org/v1/initialize?k=client-3KkiSXMxHCYSq6uJpk22JfwuVcizXfTHrECs42WQ9oZ&st=javascript-client-react&sv=3.31.2&t=1780920631815&sid=dc981656-9129-41a5-8167-0e6326155ba2&se=1:0
[    3284ms] [ERROR] Failed to load resource: net::ERR_NAME_NOT_RESOLVED @ https://featureassets.org/v1/initialize?k=client-3KkiSXMxHCYSq6uJpk22JfwuVcizXfTHrECs42WQ9oZ&st=javascript-client-react&sv=3.31.2&t=1780920631836&sid=dc981656-9129-41a5-8167-0e6326155ba2&se=1:0
[    3333ms] [ERROR] Failed to load resource: net::ERR_NAME_NOT_RESOLVED @ https://browser-intake-datadoghq.com/api/v2/rum?ddsource=browser&dd-api-key=pub222856fe11852abc3642b1395fac0627&dd-evp-origin-version=7.1.0&dd-evp-origin=browser&dd-request-id=e50c25c0-8b2e-48af-bbb2-9f80df7fe6c0&batch_time=1780920631900&_dd.api=fetch:0
[    3567ms] [ERROR] Failed to load resource: net::ERR_NAME_NOT_RESOLVED @ https://browser-intake-datadoghq.com/api/v2/rum?ddsource=browser&dd-api-key=pub222856fe11852abc3642b1395fac0627&dd-evp-origin-version=7.1.0&dd-evp-origin=browser&dd-request-id=9fb4a8bc-50e6-4613-9a61-915b3044286c&batch_time=1780920632136&_dd.api=fetch:0
[    3788ms] [ERROR] Failed to load resource: net::ERR_NAME_NOT_RESOLVED @ https://featureassets.org/v1/initialize?k=client-3KkiSXMxHCYSq6uJpk22JfwuVcizXfTHrECs42WQ9oZ&st=javascript-client-react&sv=3.31.2&t=1780920632357&sid=dc981656-9129-41a5-8167-0e6326155ba2&se=1:0
[    3947ms] [ERROR] Failed to load resource: net::ERR_NAME_NOT_RESOLVED @ https://browser-intake-datadoghq.com/api/v2/rum?ddsource=browser&dd-api-key=pub222856fe11852abc3642b1395fac0627&dd-evp-origin-version=7.1.0&dd-evp-origin=browser&dd-request-id=1e94089a-0379-4d0a-8c76-8ed41de570dd&batch_time=1780920632516&_dd.api=fetch:0
[    4096ms] [ERROR] Failed to load resource: net::ERR_NAME_NOT_RESOLVED @ https://api.sprig.com/sdk/1/environments/iOWjIVsDOPhw/config:0
[    4378ms] [ERROR] Failed to load resource: net::ERR_NAME_NOT_RESOLVED @ https://browser-intake-datadoghq.com/api/v2/rum?ddsource=browser&dd-api-key=pub222856fe11852abc3642b1395fac0627&dd-evp-origin-version=7.1.0&dd-evp-origin=browser&dd-request-id=f1d9a39c-ae15-4b21-a6b6-774d185fd5ed&batch_time=1780920632947&_dd.api=fetch:0
[    4538ms] [ERROR] Failed to load resource: net::ERR_NAME_NOT_RESOLVED @ https://wa.appsflyersdk.com/events?site-id=website-kalshi.com:0
[    4544ms] [ERROR] Failed to load resource: net::ERR_NAME_NOT_RESOLVED @ https://browser-intake-datadoghq.com/api/v2/rum?ddsource=browser&dd-api-key=pub222856fe11852abc3642b1395fac0627&dd-evp-origin-version=7.1.0&dd-evp-origin=browser&dd-request-id=d83e930e-479c-477a-a88c-75a34cde88dc&batch_time=1780920633113&_dd.api=fetch:0
[    5469ms] [ERROR] Failed to load resource: net::ERR_NAME_NOT_RESOLVED @ https://browser-intake-datadoghq.com/api/v2/rum?ddsource=browser&dd-api-key=pub222856fe11852abc3642b1395fac0627&dd-evp-origin-version=7.1.0&dd-evp-origin=browser&dd-request-id=f1fca188-6a8e-46bc-bcbc-7c1770606da4&batch_time=1780920634030&_dd.api=fetch:0
[    5469ms] [ERROR] Failed to load resource: net::ERR_NAME_NOT_RESOLVED @ https://browser-intake-datadoghq.com/api/v2/rum?ddsource=browser&dd-api-key=pub222856fe11852abc3642b1395fac0627&dd-evp-origin-version=7.1.0&dd-evp-origin=browser&dd-request-id=a724f1b5-475d-4be3-9753-6ac868996dd1&batch_time=1780920634032&_dd.api=fetch:0
[    5469ms] [ERROR] Failed to load resource: net::ERR_NAME_NOT_RESOLVED @ https://browser-intake-datadoghq.com/api/v2/rum?ddsource=browser&dd-api-key=pub222856fe11852abc3642b1395fac0627&dd-evp-origin-version=7.1.0&dd-evp-origin=browser&dd-request-id=47c18c77-f191-419a-846f-c7b6be59de44&batch_time=1780920634033&_dd.api=fetch:0
[    5469ms] [ERROR] Failed to load resource: net::ERR_NAME_NOT_RESOLVED @ https://browser-intake-datadoghq.com/api/v2/rum?ddsource=browser&dd-api-key=pub222856fe11852abc3642b1395fac0627&dd-evp-origin-version=7.1.0&dd-evp-origin=browser&dd-request-id=2d85d008-1a1e-45e6-9ad1-5e4ab8c7d8a0&batch_time=1780920634037&_dd.api=fetch:0
[    5469ms] [ERROR] Failed to load resource: net::ERR_NAME_NOT_RESOLVED @ https://browser-intake-datadoghq.com/api/v2/rum?ddsource=browser&dd-api-key=pub222856fe11852abc3642b1395fac0627&dd-evp-origin-version=7.1.0&dd-evp-origin=browser&dd-request-id=22a2505e-cf96-4873-aff9-83437eb9d3ef&batch_time=1780920634039&_dd.api=fetch:0
[    5791ms] [ERROR] Failed to load resource: net::ERR_NAME_NOT_RESOLVED @ https://featureassets.org/v1/initialize?k=client-3KkiSXMxHCYSq6uJpk22JfwuVcizXfTHrECs42WQ9oZ&st=javascript-client-react&sv=3.31.2&t=1780920634360&sid=dc981656-9129-41a5-8167-0e6326155ba2&se=1:0
[    8078ms] [ERROR] Failed to load resource: net::ERR_NAME_NOT_RESOLVED @ https://browser-intake-datadoghq.com/api/v2/rum?ddsource=browser&dd-api-key=pub222856fe11852abc3642b1395fac0627&dd-evp-origin-version=7.1.0&dd-evp-origin=browser&dd-request-id=d4c3af28-9e8b-47ef-8549-68461eedf18a&batch_time=1780920636647&_dd.api=fetch:0
[    8121ms] [ERROR] Failed to load resource: net::ERR_NAME_NOT_RESOLVED @ https://api.sprig.com/sdk/1/environments/iOWjIVsDOPhw/config:0
[   10207ms] [ERROR] Failed to load resource: net::ERR_NAME_NOT_RESOLVED @ https://browser-intake-datadoghq.com/api/v2/rum?ddsource=browser&dd-api-key=pub222856fe11852abc3642b1395fac0627&dd-evp-origin-version=7.1.0&dd-evp-origin=browser&dd-request-id=17c3d8b3-3b08-43d1-a85f-c8ea9ff50546&batch_time=1780920638765&_dd.api=fetch:0
[   10833ms] [ERROR] Failed to load resource: net::ERR_NAME_NOT_RESOLVED @ https://browser-intake-datadoghq.com/api/v2/rum?ddsource=browser&dd-api-key=pub222856fe11852abc3642b1395fac0627&dd-evp-origin-version=7.1.0&dd-evp-origin=browser&dd-request-id=bd358ff6-8125-4459-be87-31d67e43d960&batch_time=1780920639402&_dd.api=fetch:0
[   12034ms] [ERROR] Failed to load resource: net::ERR_NAME_NOT_RESOLVED @ https://browser-intake-datadoghq.com/api/v2/rum?ddsource=browser&dd-api-key=pub222856fe11852abc3642b1395fac0627&dd-evp-origin-version=7.1.0&dd-evp-origin=browser&dd-request-id=7e81e583-d955-4c18-9926-4e056c5d2791&batch_time=1780920640604&_dd.api=fetch:0
[   16143ms] [ERROR] Failed to load resource: net::ERR_NAME_NOT_RESOLVED @ https://api.sprig.com/sdk/1/environments/iOWjIVsDOPhw/config:0
[   16228ms] [ERROR] Failed to load resource: net::ERR_NAME_NOT_RESOLVED @ https://browser-intake-datadoghq.com/api/v2/rum?ddsource=browser&dd-api-key=pub222856fe11852abc3642b1395fac0627&dd-evp-origin-version=7.1.0&dd-evp-origin=browser&dd-request-id=d036aecf-051c-453b-bfad-1afcd66f8546&batch_time=1780920644798&_dd.api=fetch:0
[   20065ms] [WARNING] The resource https://kalshi.com/images/research/mission/Frame.png was preloaded using link preload but not used within a few seconds from the window's load event. Please make sure it has an appropriate `as` value and it is preloaded intentionally. @ https://kalshi.com/markets/kxnflnfcchamp/national-football-conference-champion/kxnflnfcchamp-27:0
[   20065ms] [WARNING] The resource https://kalshi.com/images/research/mission/calibration.png was preloaded using link preload but not used within a few seconds from the window's load event. Please make sure it has an appropriate `as` value and it is preloaded intentionally. @ https://kalshi.com/markets/kxnflnfcchamp/national-football-conference-champion/kxnflnfcchamp-27:0
[   20065ms] [WARNING] The resource https://kalshi.com/images/research/mission/prediction-accuracy.png was preloaded using link preload but not used within a few seconds from the window's load event. Please make sure it has an appropriate `as` value and it is preloaded intentionally. @ https://kalshi.com/markets/kxnflnfcchamp/national-football-conference-champion/kxnflnfcchamp-27:0
[   20065ms] [WARNING] The resource https://kalshi.com/images/research/mission/real-world-impact.png was preloaded using link preload but not used within a few seconds from the window's load event. Please make sure it has an appropriate `as` value and it is preloaded intentionally. @ https://kalshi.com/markets/kxnflnfcchamp/national-football-conference-champion/kxnflnfcchamp-27:0
[   20065ms] [WARNING] The resource https://kalshi.com/images/research/mission/belief-updating-dynamics.png was preloaded using link preload but not used within a few seconds from the window's load event. Please make sure it has an appropriate `as` value and it is preloaded intentionally. @ https://kalshi.com/markets/kxnflnfcchamp/national-football-conference-champion/kxnflnfcchamp-27:0
[   20065ms] [WARNING] The resource https://kalshi.com/images/research/mission/market-microstructure.png was preloaded using link preload but not used within a few seconds from the window's load event. Please make sure it has an appropriate `as` value and it is preloaded intentionally. @ https://kalshi.com/markets/kxnflnfcchamp/national-football-conference-champion/kxnflnfcchamp-27:0
[   20065ms] [WARNING] The resource https://kalshi.com/images/research/mission/participant-heterogeneity.png was preloaded using link preload but not used within a few seconds from the window's load event. Please make sure it has an appropriate `as` value and it is preloaded intentionally. @ https://kalshi.com/markets/kxnflnfcchamp/national-football-conference-champion/kxnflnfcchamp-27:0
[   21085ms] [ERROR] Failed to load resource: net::ERR_NAME_NOT_RESOLVED @ https://browser-intake-datadoghq.com/api/v2/rum?ddsource=browser&dd-api-key=pub222856fe11852abc3642b1395fac0627&dd-evp-origin-version=7.1.0&dd-evp-origin=browser&dd-request-id=7a44f230-2f9f-4e90-b181-c8831e45ec19&batch_time=1780920649652&_dd.api=fetch:0
[   24331ms] [WARNING] The resource https://kalshi.com/images/research/mission/Frame.png was preloaded using link preload but not used within a few seconds from the window's load event. Please make sure it has an appropriate `as` value and it is preloaded intentionally. @ https://kalshi.com/markets/kxnflnfcchamp/national-football-conference-champion/kxnflnfcchamp-27:0
[   24331ms] [WARNING] The resource https://kalshi.com/images/research/mission/calibration.png was preloaded using link preload but not used within a few seconds from the window's load event. Please make sure it has an appropriate `as` value and it is preloaded intentionally. @ https://kalshi.com/markets/kxnflnfcchamp/national-football-conference-champion/kxnflnfcchamp-27:0
[   24331ms] [WARNING] The resource https://kalshi.com/images/research/mission/prediction-accuracy.png was preloaded using link preload but not used within a few seconds from the window's load event. Please make sure it has an appropriate `as` value and it is preloaded intentionally. @ https://kalshi.com/markets/kxnflnfcchamp/national-football-conference-champion/kxnflnfcchamp-27:0
[   24331ms] [WARNING] The resource https://kalshi.com/images/research/mission/real-world-impact.png was preloaded using link preload but not used within a few seconds from the window's load event. Please make sure it has an appropriate `as` value and it is preloaded intentionally. @ https://kalshi.com/markets/kxnflnfcchamp/national-football-conference-champion/kxnflnfcchamp-27:0
[   24331ms] [WARNING] The resource https://kalshi.com/images/research/mission/belief-updating-dynamics.png was preloaded using link preload but not used within a few seconds from the window's load event. Please make sure it has an appropriate `as` value and it is preloaded intentionally. @ https://kalshi.com/markets/kxnflnfcchamp/national-football-conference-champion/kxnflnfcchamp-27:0
[   24331ms] [WARNING] The resource https://kalshi.com/images/research/mission/market-microstructure.png was preloaded using link preload but not used within a few seconds from the window's load event. Please make sure it has an appropriate `as` value and it is preloaded intentionally. @ https://kalshi.com/markets/kxnflnfcchamp/national-football-conference-champion/kxnflnfcchamp-27:0
[   24331ms] [WARNING] The resource https://kalshi.com/images/research/mission/participant-heterogeneity.png was preloaded using link preload but not used within a few seconds from the window's load event. Please make sure it has an appropriate `as` value and it is preloaded intentionally. @ https://kalshi.com/markets/kxnflnfcchamp/national-football-conference-champion/kxnflnfcchamp-27:0
[   26239ms] [ERROR] Failed to load resource: net::ERR_NAME_NOT_RESOLVED @ https://browser-intake-datadoghq.com/api/v2/rum?ddsource=browser&dd-api-key=pub222856fe11852abc3642b1395fac0627&dd-evp-origin-version=7.1.0&dd-evp-origin=browser&dd-request-id=a6020c08-0d35-4859-ab20-be87be9e6ce4&batch_time=1780920654798&_dd.api=fetch:0
[   32133ms] [ERROR] Failed to load resource: net::ERR_NAME_NOT_RESOLVED @ https://browser-intake-datadoghq.com/api/v2/rum?ddsource=browser&dd-api-key=pub222856fe11852abc3642b1395fac0627&dd-evp-origin-version=7.1.0&dd-evp-origin=browser&dd-request-id=2a3cb66a-f908-4043-abd8-9430cd9203e2&batch_time=1780920660701&_dd.api=fetch:0
[   32171ms] [ERROR] Failed to load resource: net::ERR_NAME_NOT_RESOLVED @ https://api.sprig.com/sdk/1/environments/iOWjIVsDOPhw/config:0
[   35145ms] [ERROR] Failed to load resource: net::ERR_NAME_NOT_RESOLVED @ https://browser-intake-datadoghq.com/api/v2/rum?ddsource=browser&dd-api-key=pub222856fe11852abc3642b1395fac0627&dd-evp-origin-version=7.1.0&dd-evp-origin=browser&dd-request-id=7bf4bd2a-9eca-4f06-a292-2be272fa9ecc&batch_time=1780920663714&_dd.api=fetch:0
[   37240ms] [ERROR] Failed to load resource: net::ERR_NAME_NOT_RESOLVED @ https://browser-intake-datadoghq.com/api/v2/rum?ddsource=browser&dd-api-key=pub222856fe11852abc3642b1395fac0627&dd-evp-origin-version=7.1.0&dd-evp-origin=browser&dd-request-id=9e010816-f8ce-4b23-b293-7594b0075881&batch_time=1780920665809&_dd.api=fetch:0
[   39265ms] [ERROR] Failed to load resource: net::ERR_NAME_NOT_RESOLVED @ https://browser-intake-datadoghq.com/api/v2/rum?ddsource=browser&dd-api-key=pub222856fe11852abc3642b1395fac0627&dd-evp-origin-version=7.1.0&dd-evp-origin=browser&dd-request-id=4b48f5b0-74f1-49a6-87a6-fe1ec02ba5fc&batch_time=1780920667834&_dd.api=fetch:0
[   41788ms] [ERROR] Failed to load resource: net::ERR_NAME_NOT_RESOLVED @ https://browser-intake-datadoghq.com/api/v2/rum?ddsource=browser&dd-api-key=pub222856fe11852abc3642b1395fac0627&dd-evp-origin-version=7.1.0&dd-evp-origin=browser&dd-request-id=c633dc75-fa22-4c69-b9d7-5b4ae263dddc&batch_time=1780920670358&_dd.api=fetch:0
[   44316ms] [ERROR] Failed to load resource: net::ERR_NAME_NOT_RESOLVED @ https://browser-intake-datadoghq.com/api/v2/rum?ddsource=browser&dd-api-key=pub222856fe11852abc3642b1395fac0627&dd-evp-origin-version=7.1.0&dd-evp-origin=browser&dd-request-id=322a36d8-b0cc-4611-ac46-3b30c6a68c96&batch_time=1780920672886&_dd.api=fetch:0
[   46597ms] [ERROR] Failed to load resource: net::ERR_NAME_NOT_RESOLVED @ https://browser-intake-datadoghq.com/api/v2/rum?ddsource=browser&dd-api-key=pub222856fe11852abc3642b1395fac0627&dd-evp-origin-version=7.1.0&dd-evp-origin=browser&dd-request-id=e2dcb64b-e2b1-4144-89a7-ceddf2e5444f&batch_time=1780920675166&_dd.api=fetch:0
[   50748ms] [ERROR] Failed to load resource: net::ERR_NAME_NOT_RESOLVED @ https://browser-intake-datadoghq.com/api/v2/rum?ddsource=browser&dd-api-key=pub222856fe11852abc3642b1395fac0627&dd-evp-origin-version=7.1.0&dd-evp-origin=browser&dd-request-id=f463ca08-ced2-4ce1-a245-3eb9c3ad9796&batch_time=1780920679317&_dd.api=fetch:0
[   52748ms] [ERROR] Failed to load resource: net::ERR_NAME_NOT_RESOLVED @ https://browser-intake-datadoghq.com/api/v2/rum?ddsource=browser&dd-api-key=pub222856fe11852abc3642b1395fac0627&dd-evp-origin-version=7.1.0&dd-evp-origin=browser&dd-request-id=ab64bd00-dc62-4eb3-bb41-4c43481136c5&batch_time=1780920681318&_dd.api=fetch:0
[   55646ms] [ERROR] Failed to load resource: net::ERR_NAME_NOT_RESOLVED @ https://browser-intake-datadoghq.com/api/v2/rum?ddsource=browser&dd-api-key=pub222856fe11852abc3642b1395fac0627&dd-evp-origin-version=7.1.0&dd-evp-origin=browser&dd-request-id=124758a3-2ef0-499a-ba07-8d07ef6a9d4d&batch_time=1780920684216&_dd.api=fetch:0
[   60061ms] [WARNING] The resource https://kalshi.com/images/research/mission/Frame.png was preloaded using link preload but not used within a few seconds from the window's load event. Please make sure it has an appropriate `as` value and it is preloaded intentionally. @ https://kalshi.com/markets/kxnflnfcchamp/national-football-conference-champion/kxnflnfcchamp-27:0
[   60061ms] [WARNING] The resource https://kalshi.com/images/research/mission/calibration.png was preloaded using link preload but not used within a few seconds from the window's load event. Please make sure it has an appropriate `as` value and it is preloaded intentionally. @ https://kalshi.com/markets/kxnflnfcchamp/national-football-conference-champion/kxnflnfcchamp-27:0
[   60061ms] [WARNING] The resource https://kalshi.com/images/research/mission/prediction-accuracy.png was preloaded using link preload but not used within a few seconds from the window's load event. Please make sure it has an appropriate `as` value and it is preloaded intentionally. @ https://kalshi.com/markets/kxnflnfcchamp/national-football-conference-champion/kxnflnfcchamp-27:0
[   60061ms] [WARNING] The resource https://kalshi.com/images/research/mission/real-world-impact.png was preloaded using link preload but not used within a few seconds from the window's load event. Please make sure it has an appropriate `as` value and it is preloaded intentionally. @ https://kalshi.com/markets/kxnflnfcchamp/national-football-conference-champion/kxnflnfcchamp-27:0
[   60061ms] [WARNING] The resource https://kalshi.com/images/research/mission/belief-updating-dynamics.png was preloaded using link preload but not used within a few seconds from the window's load event. Please make sure it has an appropriate `as` value and it is preloaded intentionally. @ https://kalshi.com/markets/kxnflnfcchamp/national-football-conference-champion/kxnflnfcchamp-27:0
[   60061ms] [WARNING] The resource https://kalshi.com/images/research/mission/market-microstructure.png was preloaded using link preload but not used within a few seconds from the window's load event. Please make sure it has an appropriate `as` value and it is preloaded intentionally. @ https://kalshi.com/markets/kxnflnfcchamp/national-football-conference-champion/kxnflnfcchamp-27:0
[   60061ms] [WARNING] The resource https://kalshi.com/images/research/mission/participant-heterogeneity.png was preloaded using link preload but not used within a few seconds from the window's load event. Please make sure it has an appropriate `as` value and it is preloaded intentionally. @ https://kalshi.com/markets/kxnflnfcchamp/national-football-conference-champion/kxnflnfcchamp-27:0
[   61036ms] [ERROR] Failed to load resource: net::ERR_NAME_NOT_RESOLVED @ https://browser-intake-datadoghq.com/api/v2/rum?ddsource=browser&dd-api-key=pub222856fe11852abc3642b1395fac0627&dd-evp-origin-version=7.1.0&dd-evp-origin=browser&dd-request-id=fc05a9d2-e1ba-49e6-acbd-e40f735fd2b2&batch_time=1780920689605&_dd.api=fetch:0
[   64694ms] [WARNING] The resource https://kalshi.com/images/research/mission/Frame.png was preloaded using link preload but not used within a few seconds from the window's load event. Please make sure it has an appropriate `as` value and it is preloaded intentionally. @ https://kalshi.com/markets/kxnflnfcchamp/national-football-conference-champion/kxnflnfcchamp-27:0
[   64694ms] [WARNING] The resource https://kalshi.com/images/research/mission/calibration.png was preloaded using link preload but not used within a few seconds from the window's load event. Please make sure it has an appropriate `as` value and it is preloaded intentionally. @ https://kalshi.com/markets/kxnflnfcchamp/national-football-conference-champion/kxnflnfcchamp-27:0
[   64694ms] [WARNING] The resource https://kalshi.com/images/research/mission/prediction-accuracy.png was preloaded using link preload but not used within a few seconds from the window's load event. Please make sure it has an appropriate `as` value and it is preloaded intentionally. @ https://kalshi.com/markets/kxnflnfcchamp/national-football-conference-champion/kxnflnfcchamp-27:0
[   64695ms] [WARNING] The resource https://kalshi.com/images/research/mission/real-world-impact.png was preloaded using link preload but not used within a few seconds from the window's load event. Please make sure it has an appropriate `as` value and it is preloaded intentionally. @ https://kalshi.com/markets/kxnflnfcchamp/national-football-conference-champion/kxnflnfcchamp-27:0
[   64695ms] [WARNING] The resource https://kalshi.com/images/research/mission/belief-updating-dynamics.png was preloaded using link preload but not used within a few seconds from the window's load event. Please make sure it has an appropriate `as` value and it is preloaded intentionally. @ https://kalshi.com/markets/kxnflnfcchamp/national-football-conference-champion/kxnflnfcchamp-27:0
[   64695ms] [WARNING] The resource https://kalshi.com/images/research/mission/market-microstructure.png was preloaded using link preload but not used within a few seconds from the window's load event. Please make sure it has an appropriate `as` value and it is preloaded intentionally. @ https://kalshi.com/markets/kxnflnfcchamp/national-football-conference-champion/kxnflnfcchamp-27:0
[   64695ms] [WARNING] The resource https://kalshi.com/images/research/mission/participant-heterogeneity.png was preloaded using link preload but not used within a few seconds from the window's load event. Please make sure it has an appropriate `as` value and it is preloaded intentionally. @ https://kalshi.com/markets/kxnflnfcchamp/national-football-conference-champion/kxnflnfcchamp-27:0
[   65093ms] [ERROR] Failed to load resource: net::ERR_NAME_NOT_RESOLVED @ https://browser-intake-datadoghq.com/api/v2/rum?ddsource=browser&dd-api-key=pub222856fe11852abc3642b1395fac0627&dd-evp-origin-version=7.1.0&dd-evp-origin=browser&dd-request-id=46567508-3452-42f2-b19b-eefac623c743&batch_time=1780920693661&_dd.api=fetch:0
[   69148ms] [ERROR] Failed to load resource: net::ERR_NAME_NOT_RESOLVED @ https://browser-intake-datadoghq.com/api/v2/rum?ddsource=browser&dd-api-key=pub222856fe11852abc3642b1395fac0627&dd-evp-origin-version=7.1.0&dd-evp-origin=browser&dd-request-id=abeba707-3b34-497b-a21d-4aa082c2acd8&batch_time=1780920697717&_dd.api=fetch:0
[   76481ms] [ERROR] Failed to load resource: net::ERR_NAME_NOT_RESOLVED @ https://browser-intake-datadoghq.com/api/v2/rum?ddsource=browser&dd-api-key=pub222856fe11852abc3642b1395fac0627&dd-evp-origin-version=7.1.0&dd-evp-origin=browser&dd-request-id=c0404b52-7bb4-40c0-ac63-71daf67f264c&batch_time=1780920705050&_dd.api=fetch:0
[   80086ms] [WARNING] The resource https://kalshi.com/images/research/mission/Frame.png was preloaded using link preload but not used within a few seconds from the window's load event. Please make sure it has an appropriate `as` value and it is preloaded intentionally. @ https://kalshi.com/markets/kxnflnfcchamp/national-football-conference-champion/kxnflnfcchamp-27:0
[   80086ms] [WARNING] The resource https://kalshi.com/images/research/mission/calibration.png was preloaded using link preload but not used within a few seconds from the window's load event. Please make sure it has an appropriate `as` value and it is preloaded intentionally. @ https://kalshi.com/markets/kxnflnfcchamp/national-football-conference-champion/kxnflnfcchamp-27:0
[   80086ms] [WARNING] The resource https://kalshi.com/images/research/mission/prediction-accuracy.png was preloaded using link preload but not used within a few seconds from the window's load event. Please make sure it has an appropriate `as` value and it is preloaded intentionally. @ https://kalshi.com/markets/kxnflnfcchamp/national-football-conference-champion/kxnflnfcchamp-27:0
[   80086ms] [WARNING] The resource https://kalshi.com/images/research/mission/real-world-impact.png was preloaded using link preload but not used within a few seconds from the window's load event. Please make sure it has an appropriate `as` value and it is preloaded intentionally. @ https://kalshi.com/markets/kxnflnfcchamp/national-football-conference-champion/kxnflnfcchamp-27:0
[   80086ms] [WARNING] The resource https://kalshi.com/images/research/mission/belief-updating-dynamics.png was preloaded using link preload but not used within a few seconds from the window's load event. Please make sure it has an appropriate `as` value and it is preloaded intentionally. @ https://kalshi.com/markets/kxnflnfcchamp/national-football-conference-champion/kxnflnfcchamp-27:0
[   80086ms] [WARNING] The resource https://kalshi.com/images/research/mission/market-microstructure.png was preloaded using link preload but not used within a few seconds from the window's load event. Please make sure it has an appropriate `as` value and it is preloaded intentionally. @ https://kalshi.com/markets/kxnflnfcchamp/national-football-conference-champion/kxnflnfcchamp-27:0
[   80086ms] [WARNING] The resource https://kalshi.com/images/research/mission/participant-heterogeneity.png was preloaded using link preload but not used within a few seconds from the window's load event. Please make sure it has an appropriate `as` value and it is preloaded intentionally. @ https://kalshi.com/markets/kxnflnfcchamp/national-football-conference-champion/kxnflnfcchamp-27:0
[   80945ms] [ERROR] Failed to load resource: net::ERR_NAME_NOT_RESOLVED @ https://browser-intake-datadoghq.com/api/v2/rum?ddsource=browser&dd-api-key=pub222856fe11852abc3642b1395fac0627&dd-evp-origin-version=7.1.0&dd-evp-origin=browser&dd-request-id=0263a44b-f443-45f3-a7e9-7e4d6a4b6fc1&batch_time=1780920709502&_dd.api=fetch:0
[   82950ms] [ERROR] Failed to load resource: net::ERR_NAME_NOT_RESOLVED @ https://browser-intake-datadoghq.com/api/v2/rum?ddsource=browser&dd-api-key=pub222856fe11852abc3642b1395fac0627&dd-evp-origin-version=7.1.0&dd-evp-origin=browser&dd-request-id=81fd80f3-dff1-4d06-a596-32226599f17f&batch_time=1780920711519&_dd.api=fetch:0
[   86998ms] [ERROR] Failed to load resource: net::ERR_NAME_NOT_RESOLVED @ https://browser-intake-datadoghq.com/api/v2/rum?ddsource=browser&dd-api-key=pub222856fe11852abc3642b1395fac0627&dd-evp-origin-version=7.1.0&dd-evp-origin=browser&dd-request-id=d422cd9a-1bf7-4c9d-99a7-ad42b361e066&batch_time=1780920715568&_dd.api=fetch:0
[   91049ms] [ERROR] Failed to load resource: net::ERR_NAME_NOT_RESOLVED @ https://browser-intake-datadoghq.com/api/v2/rum?ddsource=browser&dd-api-key=pub222856fe11852abc3642b1395fac0627&dd-evp-origin-version=7.1.0&dd-evp-origin=browser&dd-request-id=c3965b35-5af3-4c35-9494-6e9274e1d882&batch_time=1780920719619&_dd.api=fetch:0
[   93783ms] [ERROR] Failed to load resource: net::ERR_NAME_NOT_RESOLVED @ https://browser-intake-datadoghq.com/api/v2/rum?ddsource=browser&dd-api-key=pub222856fe11852abc3642b1395fac0627&dd-evp-origin-version=7.1.0&dd-evp-origin=browser&dd-request-id=7ad61376-8eec-4306-8d89-4263949c288d&batch_time=1780920722352&_dd.api=fetch:0
[   97123ms] [ERROR] Failed to load resource: net::ERR_NAME_NOT_RESOLVED @ https://browser-intake-datadoghq.com/api/v2/rum?ddsource=browser&dd-api-key=pub222856fe11852abc3642b1395fac0627&dd-evp-origin-version=7.1.0&dd-evp-origin=browser&dd-request-id=b30dc7d1-e8a4-48e4-b557-f7477b423e92&batch_time=1780920725675&_dd.api=fetch:0
[  100125ms] [WARNING] The resource https://kalshi.com/images/research/mission/Frame.png was preloaded using link preload but not used within a few seconds from the window's load event. Please make sure it has an appropriate `as` value and it is preloaded intentionally. @ https://kalshi.com/markets/kxnflnfcchamp/national-football-conference-champion/kxnflnfcchamp-27:0
[  100125ms] [WARNING] The resource https://kalshi.com/images/research/mission/calibration.png was preloaded using link preload but not used within a few seconds from the window's load event. Please make sure it has an appropriate `as` value and it is preloaded intentionally. @ https://kalshi.com/markets/kxnflnfcchamp/national-football-conference-champion/kxnflnfcchamp-27:0
[  100125ms] [WARNING] The resource https://kalshi.com/images/research/mission/prediction-accuracy.png was preloaded using link preload but not used within a few seconds from the window's load event. Please make sure it has an appropriate `as` value and it is preloaded intentionally. @ https://kalshi.com/markets/kxnflnfcchamp/national-football-conference-champion/kxnflnfcchamp-27:0
[  100125ms] [WARNING] The resource https://kalshi.com/images/research/mission/real-world-impact.png was preloaded using link preload but not used within a few seconds from the window's load event. Please make sure it has an appropriate `as` value and it is preloaded intentionally. @ https://kalshi.com/markets/kxnflnfcchamp/national-football-conference-champion/kxnflnfcchamp-27:0
[  100125ms] [WARNING] The resource https://kalshi.com/images/research/mission/belief-updating-dynamics.png was preloaded using link preload but not used within a few seconds from the window's load event. Please make sure it has an appropriate `as` value and it is preloaded intentionally. @ https://kalshi.com/markets/kxnflnfcchamp/national-football-conference-champion/kxnflnfcchamp-27:0
[  100125ms] [WARNING] The resource https://kalshi.com/images/research/mission/market-microstructure.png was preloaded using link preload but not used within a few seconds from the window's load event. Please make sure it has an appropriate `as` value and it is preloaded intentionally. @ https://kalshi.com/markets/kxnflnfcchamp/national-football-conference-champion/kxnflnfcchamp-27:0
[  100125ms] [WARNING] The resource https://kalshi.com/images/research/mission/participant-heterogeneity.png was preloaded using link preload but not used within a few seconds from the window's load event. Please make sure it has an appropriate `as` value and it is preloaded intentionally. @ https://kalshi.com/markets/kxnflnfcchamp/national-football-conference-champion/kxnflnfcchamp-27:0
[  101102ms] [ERROR] Failed to load resource: net::ERR_NAME_NOT_RESOLVED @ https://browser-intake-datadoghq.com/api/v2/rum?ddsource=browser&dd-api-key=pub222856fe11852abc3642b1395fac0627&dd-evp-origin-version=7.1.0&dd-evp-origin=browser&dd-request-id=3f2b4fb0-a85b-4900-ad90-c4b4ee515f77&batch_time=1780920729671&_dd.api=fetch:0
[  104279ms] [WARNING] The resource https://kalshi.com/images/research/mission/Frame.png was preloaded using link preload but not used within a few seconds from the window's load event. Please make sure it has an appropriate `as` value and it is preloaded intentionally. @ https://kalshi.com/markets/kxnflnfcchamp/national-football-conference-champion/kxnflnfcchamp-27:0
[  104279ms] [WARNING] The resource https://kalshi.com/images/research/mission/calibration.png was preloaded using link preload but not used within a few seconds from the window's load event. Please make sure it has an appropriate `as` value and it is preloaded intentionally. @ https://kalshi.com/markets/kxnflnfcchamp/national-football-conference-champion/kxnflnfcchamp-27:0
[  104279ms] [WARNING] The resource https://kalshi.com/images/research/mission/prediction-accuracy.png was preloaded using link preload but not used within a few seconds from the window's load event. Please make sure it has an appropriate `as` value and it is preloaded intentionally. @ https://kalshi.com/markets/kxnflnfcchamp/national-football-conference-champion/kxnflnfcchamp-27:0
[  104280ms] [WARNING] The resource https://kalshi.com/images/research/mission/real-world-impact.png was preloaded using link preload but not used within a few seconds from the window's load event. Please make sure it has an appropriate `as` value and it is preloaded intentionally. @ https://kalshi.com/markets/kxnflnfcchamp/national-football-conference-champion/kxnflnfcchamp-27:0
[  104280ms] [WARNING] The resource https://kalshi.com/images/research/mission/belief-updating-dynamics.png was preloaded using link preload but not used within a few seconds from the window's load event. Please make sure it has an appropriate `as` value and it is preloaded intentionally. @ https://kalshi.com/markets/kxnflnfcchamp/national-football-conference-champion/kxnflnfcchamp-27:0
[  104280ms] [WARNING] The resource https://kalshi.com/images/research/mission/market-microstructure.png was preloaded using link preload but not used within a few seconds from the window's load event. Please make sure it has an appropriate `as` value and it is preloaded intentionally. @ https://kalshi.com/markets/kxnflnfcchamp/national-football-conference-champion/kxnflnfcchamp-27:0
[  104280ms] [WARNING] The resource https://kalshi.com/images/research/mission/participant-heterogeneity.png was preloaded using link preload but not used within a few seconds from the window's load event. Please make sure it has an appropriate `as` value and it is preloaded intentionally. @ https://kalshi.com/markets/kxnflnfcchamp/national-football-conference-champion/kxnflnfcchamp-27:0
[  104825ms] [ERROR] Failed to load resource: net::ERR_NAME_NOT_RESOLVED @ https://browser-intake-datadoghq.com/api/v2/rum?ddsource=browser&dd-api-key=pub222856fe11852abc3642b1395fac0627&dd-evp-origin-version=7.1.0&dd-evp-origin=browser&dd-request-id=bb4caba3-c9dc-4acb-86f9-20c0982670dc&batch_time=1780920733394&_dd.api=fetch:0
[  111266ms] [ERROR] Failed to load resource: net::ERR_NAME_NOT_RESOLVED @ https://browser-intake-datadoghq.com/api/v2/rum?ddsource=browser&dd-api-key=pub222856fe11852abc3642b1395fac0627&dd-evp-origin-version=7.1.0&dd-evp-origin=browser&dd-request-id=27d8d2e4-a72f-45aa-98eb-7bc94bf5561e&batch_time=1780920739836&_dd.api=fetch:0
[  117064ms] [ERROR] Failed to load resource: net::ERR_NAME_NOT_RESOLVED @ https://browser-intake-datadoghq.com/api/v2/rum?ddsource=browser&dd-api-key=pub222856fe11852abc3642b1395fac0627&dd-evp-origin-version=7.1.0&dd-evp-origin=browser&dd-request-id=0832564c-0a33-4320-87d7-0530156dc9d9&batch_time=1780920745622&_dd.api=fetch:0
[  120065ms] [WARNING] The resource https://kalshi.com/images/research/mission/Frame.png was preloaded using link preload but not used within a few seconds from the window's load event. Please make sure it has an appropriate `as` value and it is preloaded intentionally. @ https://kalshi.com/markets/kxnflnfcchamp/national-football-conference-champion/kxnflnfcchamp-27:0
[  120066ms] [WARNING] The resource https://kalshi.com/images/research/mission/calibration.png was preloaded using link preload but not used within a few seconds from the window's load event. Please make sure it has an appropriate `as` value and it is preloaded intentionally. @ https://kalshi.com/markets/kxnflnfcchamp/national-football-conference-champion/kxnflnfcchamp-27:0
[  120066ms] [WARNING] The resource https://kalshi.com/images/research/mission/prediction-accuracy.png was preloaded using link preload but not used within a few seconds from the window's load event. Please make sure it has an appropriate `as` value and it is preloaded intentionally. @ https://kalshi.com/markets/kxnflnfcchamp/national-football-conference-champion/kxnflnfcchamp-27:0
[  120066ms] [WARNING] The resource https://kalshi.com/images/research/mission/real-world-impact.png was preloaded using link preload but not used within a few seconds from the window's load event. Please make sure it has an appropriate `as` value and it is preloaded intentionally. @ https://kalshi.com/markets/kxnflnfcchamp/national-football-conference-champion/kxnflnfcchamp-27:0
[  120066ms] [WARNING] The resource https://kalshi.com/images/research/mission/belief-updating-dynamics.png was preloaded using link preload but not used within a few seconds from the window's load event. Please make sure it has an appropriate `as` value and it is preloaded intentionally. @ https://kalshi.com/markets/kxnflnfcchamp/national-football-conference-champion/kxnflnfcchamp-27:0
[  120066ms] [WARNING] The resource https://kalshi.com/images/research/mission/market-microstructure.png was preloaded using link preload but not used within a few seconds from the window's load event. Please make sure it has an appropriate `as` value and it is preloaded intentionally. @ https://kalshi.com/markets/kxnflnfcchamp/national-football-conference-champion/kxnflnfcchamp-27:0
[  120066ms] [WARNING] The resource https://kalshi.com/images/research/mission/participant-heterogeneity.png was preloaded using link preload but not used within a few seconds from the window's load event. Please make sure it has an appropriate `as` value and it is preloaded intentionally. @ https://kalshi.com/markets/kxnflnfcchamp/national-football-conference-champion/kxnflnfcchamp-27:0
[  121634ms] [ERROR] Failed to load resource: net::ERR_NAME_NOT_RESOLVED @ https://browser-intake-datadoghq.com/api/v2/rum?ddsource=browser&dd-api-key=pub222856fe11852abc3642b1395fac0627&dd-evp-origin-version=7.1.0&dd-evp-origin=browser&dd-request-id=ef846707-2d1e-49c9-a57f-b2e3d0eebf75&batch_time=1780920750204&_dd.api=fetch:0
[  124694ms] [WARNING] The resource https://kalshi.com/images/research/mission/Frame.png was preloaded using link preload but not used within a few seconds from the window's load event. Please make sure it has an appropriate `as` value and it is preloaded intentionally. @ https://kalshi.com/markets/kxnflnfcchamp/national-football-conference-champion/kxnflnfcchamp-27:0
[  124694ms] [WARNING] The resource https://kalshi.com/images/research/mission/calibration.png was preloaded using link preload but not used within a few seconds from the window's load event. Please make sure it has an appropriate `as` value and it is preloaded intentionally. @ https://kalshi.com/markets/kxnflnfcchamp/national-football-conference-champion/kxnflnfcchamp-27:0
[  124694ms] [WARNING] The resource https://kalshi.com/images/research/mission/prediction-accuracy.png was preloaded using link preload but not used within a few seconds from the window's load event. Please make sure it has an appropriate `as` value and it is preloaded intentionally. @ https://kalshi.com/markets/kxnflnfcchamp/national-football-conference-champion/kxnflnfcchamp-27:0
[  124694ms] [WARNING] The resource https://kalshi.com/images/research/mission/real-world-impact.png was preloaded using link preload but not used within a few seconds from the window's load event. Please make sure it has an appropriate `as` value and it is preloaded intentionally. @ https://kalshi.com/markets/kxnflnfcchamp/national-football-conference-champion/kxnflnfcchamp-27:0
[  124694ms] [WARNING] The resource https://kalshi.com/images/research/mission/belief-updating-dynamics.png was preloaded using link preload but not used within a few seconds from the window's load event. Please make sure it has an appropriate `as` value and it is preloaded intentionally. @ https://kalshi.com/markets/kxnflnfcchamp/national-football-conference-champion/kxnflnfcchamp-27:0
[  124694ms] [WARNING] The resource https://kalshi.com/images/research/mission/market-microstructure.png was preloaded using link preload but not used within a few seconds from the window's load event. Please make sure it has an appropriate `as` value and it is preloaded intentionally. @ https://kalshi.com/markets/kxnflnfcchamp/national-football-conference-champion/kxnflnfcchamp-27:0
[  124694ms] [WARNING] The resource https://kalshi.com/images/research/mission/participant-heterogeneity.png was preloaded using link preload but not used within a few seconds from the window's load event. Please make sure it has an appropriate `as` value and it is preloaded intentionally. @ https://kalshi.com/markets/kxnflnfcchamp/national-football-conference-champion/kxnflnfcchamp-27:0
[  125675ms] [ERROR] Failed to load resource: net::ERR_NAME_NOT_RESOLVED @ https://browser-intake-datadoghq.com/api/v2/rum?ddsource=browser&dd-api-key=pub222856fe11852abc3642b1395fac0627&dd-evp-origin-version=7.1.0&dd-evp-origin=browser&dd-request-id=ea0e6bc2-1772-4e5d-ab7f-934d4bb4701c&batch_time=1780920754244&_dd.api=fetch:0
[  127701ms] [ERROR] Failed to load resource: net::ERR_NAME_NOT_RESOLVED @ https://browser-intake-datadoghq.com/api/v2/rum?ddsource=browser&dd-api-key=pub222856fe11852abc3642b1395fac0627&dd-evp-origin-version=7.1.0&dd-evp-origin=browser&dd-request-id=0f146df0-f602-4939-b265-ed8d1da75419&batch_time=1780920756271&_dd.api=fetch:0
[  131735ms] [ERROR] Failed to load resource: net::ERR_NAME_NOT_RESOLVED @ https://browser-intake-datadoghq.com/api/v2/rum?ddsource=browser&dd-api-key=pub222856fe11852abc3642b1395fac0627&dd-evp-origin-version=7.1.0&dd-evp-origin=browser&dd-request-id=5c427e53-66b8-43d4-b7fc-336d5a48e1ea&batch_time=1780920760304&_dd.api=fetch:0
[  134818ms] [ERROR] Failed to load resource: net::ERR_NAME_NOT_RESOLVED @ https://browser-intake-datadoghq.com/api/v2/rum?ddsource=browser&dd-api-key=pub222856fe11852abc3642b1395fac0627&dd-evp-origin-version=7.1.0&dd-evp-origin=browser&dd-request-id=71d289d9-5b80-411a-9fc3-63b8609bc205&batch_time=1780920763387&_dd.api=fetch:0
[  137856ms] [ERROR] Failed to load resource: net::ERR_NAME_NOT_RESOLVED @ https://browser-intake-datadoghq.com/api/v2/rum?ddsource=browser&dd-api-key=pub222856fe11852abc3642b1395fac0627&dd-evp-origin-version=7.1.0&dd-evp-origin=browser&dd-request-id=e3d9828e-e6b4-422d-897c-1ffa651dd526&batch_time=1780920766425&_dd.api=fetch:0
[  141278ms] [ERROR] Failed to load resource: net::ERR_NAME_NOT_RESOLVED @ https://browser-intake-datadoghq.com/api/v2/rum?ddsource=browser&dd-api-key=pub222856fe11852abc3642b1395fac0627&dd-evp-origin-version=7.1.0&dd-evp-origin=browser&dd-request-id=83a1a6d0-848e-46b7-a008-391351dad747&batch_time=1780920769847&_dd.api=fetch:0
[  144294ms] [WARNING] The resource https://kalshi.com/images/research/mission/Frame.png was preloaded using link preload but not used within a few seconds from the window's load event. Please make sure it has an appropriate `as` value and it is preloaded intentionally. @ https://kalshi.com/markets/kxnflnfcchamp/national-football-conference-champion/kxnflnfcchamp-27:0
[  144294ms] [WARNING] The resource https://kalshi.com/images/research/mission/calibration.png was preloaded using link preload but not used within a few seconds from the window's load event. Please make sure it has an appropriate `as` value and it is preloaded intentionally. @ https://kalshi.com/markets/kxnflnfcchamp/national-football-conference-champion/kxnflnfcchamp-27:0
[  144294ms] [WARNING] The resource https://kalshi.com/images/research/mission/prediction-accuracy.png was preloaded using link preload but not used within a few seconds from the window's load event. Please make sure it has an appropriate `as` value and it is preloaded intentionally. @ https://kalshi.com/markets/kxnflnfcchamp/national-football-conference-champion/kxnflnfcchamp-27:0
[  144294ms] [WARNING] The resource https://kalshi.com/images/research/mission/real-world-impact.png was preloaded using link preload but not used within a few seconds from the window's load event. Please make sure it has an appropriate `as` value and it is preloaded intentionally. @ https://kalshi.com/markets/kxnflnfcchamp/national-football-conference-champion/kxnflnfcchamp-27:0
[  144294ms] [WARNING] The resource https://kalshi.com/images/research/mission/belief-updating-dynamics.png was preloaded using link preload but not used within a few seconds from the window's load event. Please make sure it has an appropriate `as` value and it is preloaded intentionally. @ https://kalshi.com/markets/kxnflnfcchamp/national-football-conference-champion/kxnflnfcchamp-27:0
[  144294ms] [WARNING] The resource https://kalshi.com/images/research/mission/market-microstructure.png was preloaded using link preload but not used within a few seconds from the window's load event. Please make sure it has an appropriate `as` value and it is preloaded intentionally. @ https://kalshi.com/markets/kxnflnfcchamp/national-football-conference-champion/kxnflnfcchamp-27:0
[  144294ms] [WARNING] The resource https://kalshi.com/images/research/mission/participant-heterogeneity.png was preloaded using link preload but not used within a few seconds from the window's load event. Please make sure it has an appropriate `as` value and it is preloaded intentionally. @ https://kalshi.com/markets/kxnflnfcchamp/national-football-conference-champion/kxnflnfcchamp-27:0
[  144486ms] [ERROR] Failed to load resource: net::ERR_NAME_NOT_RESOLVED @ https://browser-intake-datadoghq.com/api/v2/rum?ddsource=browser&dd-api-key=pub222856fe11852abc3642b1395fac0627&dd-evp-origin-version=7.1.0&dd-evp-origin=browser&dd-request-id=908ce867-848e-477b-8a11-322bb717ba4e&batch_time=1780920773055&_dd.api=fetch:0
[  147363ms] [ERROR] Failed to load resource: net::ERR_NAME_NOT_RESOLVED @ https://browser-intake-datadoghq.com/api/v2/rum?ddsource=browser&dd-api-key=pub222856fe11852abc3642b1395fac0627&dd-evp-origin-version=7.1.0&dd-evp-origin=browser&dd-request-id=3bc9b8ee-3702-499f-ac57-29409a062d4f&batch_time=1780920775921&_dd.api=fetch:0
[  151368ms] [ERROR] Failed to load resource: net::ERR_NAME_NOT_RESOLVED @ https://browser-intake-datadoghq.com/api/v2/rum?ddsource=browser&dd-api-key=pub222856fe11852abc3642b1395fac0627&dd-evp-origin-version=7.1.0&dd-evp-origin=browser&dd-request-id=83010e9d-89d8-4999-9de7-62106542fd00&batch_time=1780920779938&_dd.api=fetch:0
[  153374ms] [ERROR] Failed to load resource: net::ERR_NAME_NOT_RESOLVED @ https://browser-intake-datadoghq.com/api/v2/rum?ddsource=browser&dd-api-key=pub222856fe11852abc3642b1395fac0627&dd-evp-origin-version=7.1.0&dd-evp-origin=browser&dd-request-id=758159a0-01ce-4d57-8734-30207b244a5c&batch_time=1780920781944&_dd.api=fetch:0
[  157796ms] [ERROR] Failed to load resource: net::ERR_NAME_NOT_RESOLVED @ https://browser-intake-datadoghq.com/api/v2/rum?ddsource=browser&dd-api-key=pub222856fe11852abc3642b1395fac0627&dd-evp-origin-version=7.1.0&dd-evp-origin=browser&dd-request-id=160dc2b6-33af-446b-9d07-573408464c33&batch_time=1780920786353&_dd.api=fetch:0
[  160804ms] [WARNING] The resource https://kalshi.com/images/research/mission/Frame.png was preloaded using link preload but not used within a few seconds from the window's load event. Please make sure it has an appropriate `as` value and it is preloaded intentionally. @ https://kalshi.com/markets/kxnflnfcchamp/national-football-conference-champion/kxnflnfcchamp-27:0
[  160804ms] [WARNING] The resource https://kalshi.com/images/research/mission/calibration.png was preloaded using link preload but not used within a few seconds from the window's load event. Please make sure it has an appropriate `as` value and it is preloaded intentionally. @ https://kalshi.com/markets/kxnflnfcchamp/national-football-conference-champion/kxnflnfcchamp-27:0
[  160804ms] [WARNING] The resource https://kalshi.com/images/research/mission/prediction-accuracy.png was preloaded using link preload but not used within a few seconds from the window's load event. Please make sure it has an appropriate `as` value and it is preloaded intentionally. @ https://kalshi.com/markets/kxnflnfcchamp/national-football-conference-champion/kxnflnfcchamp-27:0
[  160804ms] [WARNING] The resource https://kalshi.com/images/research/mission/real-world-impact.png was preloaded using link preload but not used within a few seconds from the window's load event. Please make sure it has an appropriate `as` value and it is preloaded intentionally. @ https://kalshi.com/markets/kxnflnfcchamp/national-football-conference-champion/kxnflnfcchamp-27:0
[  160804ms] [WARNING] The resource https://kalshi.com/images/research/mission/belief-updating-dynamics.png was preloaded using link preload but not used within a few seconds from the window's load event. Please make sure it has an appropriate `as` value and it is preloaded intentionally. @ https://kalshi.com/markets/kxnflnfcchamp/national-football-conference-champion/kxnflnfcchamp-27:0
[  160804ms] [WARNING] The resource https://kalshi.com/images/research/mission/market-microstructure.png was preloaded using link preload but not used within a few seconds from the window's load event. Please make sure it has an appropriate `as` value and it is preloaded intentionally. @ https://kalshi.com/markets/kxnflnfcchamp/national-football-conference-champion/kxnflnfcchamp-27:0
[  160804ms] [WARNING] The resource https://kalshi.com/images/research/mission/participant-heterogeneity.png was preloaded using link preload but not used within a few seconds from the window's load event. Please make sure it has an appropriate `as` value and it is preloaded intentionally. @ https://kalshi.com/markets/kxnflnfcchamp/national-football-conference-champion/kxnflnfcchamp-27:0
[  162000ms] [ERROR] Failed to load resource: net::ERR_NAME_NOT_RESOLVED @ https://browser-intake-datadoghq.com/api/v2/rum?ddsource=browser&dd-api-key=pub222856fe11852abc3642b1395fac0627&dd-evp-origin-version=7.1.0&dd-evp-origin=browser&dd-request-id=67889089-4a42-468f-941f-6077aad92964&batch_time=1780920790557&_dd.api=fetch:0
[  163501ms] [ERROR] Failed to load resource: net::ERR_NAME_NOT_RESOLVED @ https://browser-intake-datadoghq.com/api/v2/rum?ddsource=browser&dd-api-key=pub222856fe11852abc3642b1395fac0627&dd-evp-origin-version=7.1.0&dd-evp-origin=browser&dd-request-id=1783b90a-e1b6-4e43-8316-983feccc1b19&batch_time=1780920792071&_dd.api=fetch:0
[  167553ms] [ERROR] Failed to load resource: net::ERR_NAME_NOT_RESOLVED @ https://browser-intake-datadoghq.com/api/v2/rum?ddsource=browser&dd-api-key=pub222856fe11852abc3642b1395fac0627&dd-evp-origin-version=7.1.0&dd-evp-origin=browser&dd-request-id=a75b1adf-f91d-4ad6-bf23-cea94a0e6863&batch_time=1780920796123&_dd.api=fetch:0
[  171570ms] [ERROR] Failed to load resource: net::ERR_NAME_NOT_RESOLVED @ https://browser-intake-datadoghq.com/api/v2/rum?ddsource=browser&dd-api-key=pub222856fe11852abc3642b1395fac0627&dd-evp-origin-version=7.1.0&dd-evp-origin=browser&dd-request-id=c3350d67-f125-426c-b981-0b44c38edc36&batch_time=1780920800140&_dd.api=fetch:0
[  173600ms] [ERROR] Failed to load resource: net::ERR_NAME_NOT_RESOLVED @ https://browser-intake-datadoghq.com/api/v2/rum?ddsource=browser&dd-api-key=pub222856fe11852abc3642b1395fac0627&dd-evp-origin-version=7.1.0&dd-evp-origin=browser&dd-request-id=cc06b57b-a291-4ac5-8a1c-421ddadce77a&batch_time=1780920802166&_dd.api=fetch:0
[  177643ms] [ERROR] Failed to load resource: net::ERR_NAME_NOT_RESOLVED @ https://browser-intake-datadoghq.com/api/v2/rum?ddsource=browser&dd-api-key=pub222856fe11852abc3642b1395fac0627&dd-evp-origin-version=7.1.0&dd-evp-origin=browser&dd-request-id=a0a1224d-694c-4e61-95b4-e77b091fb95a&batch_time=1780920806212&_dd.api=fetch:0
[  180649ms] [WARNING] The resource https://kalshi.com/images/research/mission/Frame.png was preloaded using link preload but not used within a few seconds from the window's load event. Please make sure it has an appropriate `as` value and it is preloaded intentionally. @ https://kalshi.com/markets/kxnflnfcchamp/national-football-conference-champion/kxnflnfcchamp-27:0
[  180649ms] [WARNING] The resource https://kalshi.com/images/research/mission/calibration.png was preloaded using link preload but not used within a few seconds from the window's load event. Please make sure it has an appropriate `as` value and it is preloaded intentionally. @ https://kalshi.com/markets/kxnflnfcchamp/national-football-conference-champion/kxnflnfcchamp-27:0
[  180649ms] [WARNING] The resource https://kalshi.com/images/research/mission/prediction-accuracy.png was preloaded using link preload but not used within a few seconds from the window's load event. Please make sure it has an appropriate `as` value and it is preloaded intentionally. @ https://kalshi.com/markets/kxnflnfcchamp/national-football-conference-champion/kxnflnfcchamp-27:0
[  180649ms] [WARNING] The resource https://kalshi.com/images/research/mission/real-world-impact.png was preloaded using link preload but not used within a few seconds from the window's load event. Please make sure it has an appropriate `as` value and it is preloaded intentionally. @ https://kalshi.com/markets/kxnflnfcchamp/national-football-conference-champion/kxnflnfcchamp-27:0
[  180649ms] [WARNING] The resource https://kalshi.com/images/research/mission/belief-updating-dynamics.png was preloaded using link preload but not used within a few seconds from the window's load event. Please make sure it has an appropriate `as` value and it is preloaded intentionally. @ https://kalshi.com/markets/kxnflnfcchamp/national-football-conference-champion/kxnflnfcchamp-27:0
[  180649ms] [WARNING] The resource https://kalshi.com/images/research/mission/market-microstructure.png was preloaded using link preload but not used within a few seconds from the window's load event. Please make sure it has an appropriate `as` value and it is preloaded intentionally. @ https://kalshi.com/markets/kxnflnfcchamp/national-football-conference-champion/kxnflnfcchamp-27:0
[  180649ms] [WARNING] The resource https://kalshi.com/images/research/mission/participant-heterogeneity.png was preloaded using link preload but not used within a few seconds from the window's load event. Please make sure it has an appropriate `as` value and it is preloaded intentionally. @ https://kalshi.com/markets/kxnflnfcchamp/national-football-conference-champion/kxnflnfcchamp-27:0
[  180770ms] [ERROR] Failed to load resource: net::ERR_NAME_NOT_RESOLVED @ https://browser-intake-datadoghq.com/api/v2/rum?ddsource=browser&dd-api-key=pub222856fe11852abc3642b1395fac0627&dd-evp-origin-version=7.1.0&dd-evp-origin=browser&dd-request-id=2c74c0f6-8d14-41cc-9ec6-add8c3b5665e&batch_time=1780920809340&_dd.api=fetch:0
[  181776ms] [ERROR] Failed to load resource: net::ERR_NAME_NOT_RESOLVED @ https://browser-intake-datadoghq.com/api/v2/rum?ddsource=browser&dd-api-key=pub222856fe11852abc3642b1395fac0627&dd-evp-origin-version=7.1.0&dd-evp-origin=browser&dd-request-id=b79e2709-bb78-4f82-8009-75d9cee4fb7e&batch_time=1780920810346&_dd.api=fetch:0
[  185797ms] [ERROR] Failed to load resource: net::ERR_NAME_NOT_RESOLVED @ https://browser-intake-datadoghq.com/api/v2/rum?ddsource=browser&dd-api-key=pub222856fe11852abc3642b1395fac0627&dd-evp-origin-version=7.1.0&dd-evp-origin=browser&dd-request-id=bc0a4a15-a97a-4751-b76a-d3dee15a3b93&batch_time=1780920814351&_dd.api=fetch:0
[  188555ms] [ERROR] Failed to load resource: net::ERR_NAME_NOT_RESOLVED @ https://browser-intake-datadoghq.com/api/v2/rum?ddsource=browser&dd-api-key=pub222856fe11852abc3642b1395fac0627&dd-evp-origin-version=7.1.0&dd-evp-origin=browser&dd-request-id=58b1f0f8-6357-41d8-8d98-30bc2c839dcb&batch_time=1780920817123&_dd.api=fetch:0
[  191920ms] [ERROR] Failed to load resource: net::ERR_NAME_NOT_RESOLVED @ https://browser-intake-datadoghq.com/api/v2/rum?ddsource=browser&dd-api-key=pub222856fe11852abc3642b1395fac0627&dd-evp-origin-version=7.1.0&dd-evp-origin=browser&dd-request-id=819fff2e-238d-4fc9-b2da-fb87c19d8488&batch_time=1780920820489&_dd.api=fetch:0
[  194943ms] [ERROR] Failed to load resource: net::ERR_NAME_NOT_RESOLVED @ https://browser-intake-datadoghq.com/api/v2/rum?ddsource=browser&dd-api-key=pub222856fe11852abc3642b1395fac0627&dd-evp-origin-version=7.1.0&dd-evp-origin=browser&dd-request-id=af4b031b-c10d-4c5e-b0a5-a7f9b2e6c036&batch_time=1780920823492&_dd.api=fetch:0
[  198988ms] [ERROR] Failed to load resource: net::ERR_NAME_NOT_RESOLVED @ https://browser-intake-datadoghq.com/api/v2/rum?ddsource=browser&dd-api-key=pub222856fe11852abc3642b1395fac0627&dd-evp-origin-version=7.1.0&dd-evp-origin=browser&dd-request-id=775bfe82-b5c3-44d3-87ba-e6ea563fd8fb&batch_time=1780920827557&_dd.api=fetch:0
[  201778ms] [ERROR] Failed to load resource: net::ERR_NAME_NOT_RESOLVED @ https://browser-intake-datadoghq.com/api/v2/rum?ddsource=browser&dd-api-key=pub222856fe11852abc3642b1395fac0627&dd-evp-origin-version=7.1.0&dd-evp-origin=browser&dd-request-id=467c0a53-8ad5-464d-b290-0f236e0100c2&batch_time=1780920830347&_dd.api=fetch:0
[  207073ms] [ERROR] Failed to load resource: net::ERR_NAME_NOT_RESOLVED @ https://browser-intake-datadoghq.com/api/v2/rum?ddsource=browser&dd-api-key=pub222856fe11852abc3642b1395fac0627&dd-evp-origin-version=7.1.0&dd-evp-origin=browser&dd-request-id=1dec44b8-538e-465c-be4e-a124dc11aa7c&batch_time=1780920835641&_dd.api=fetch:0
[  208968ms] [ERROR] Failed to load resource: the server responded with a status of 429 () @ https://api.elections.kalshi.com/v1/series/KXNFLNFCCHAMP/events/KXNFLNFCCHAMP-27?with_markdown=true:0
[  208984ms] [LOG] Transport layer info: You are making requests too frequently @ https://kalshi.com/_next/static/chunks/0q~3w5mbasf3y.js?dpl=dpl_8DZC32fyfJrhwVcY7PUjK6qhB1QX:3
[  210077ms] [ERROR] Failed to load resource: net::ERR_NAME_NOT_RESOLVED @ https://browser-intake-datadoghq.com/api/v2/rum?ddsource=browser&dd-api-key=pub222856fe11852abc3642b1395fac0627&dd-evp-origin-version=7.1.0&dd-evp-origin=browser&dd-request-id=a64b2b8d-2106-4f0e-8d15-75cda4208eb1&batch_time=1780920838646&_dd.api=fetch:0
[  212137ms] [ERROR] Failed to load resource: net::ERR_NAME_NOT_RESOLVED @ https://browser-intake-datadoghq.com/api/v2/rum?ddsource=browser&dd-api-key=pub222856fe11852abc3642b1395fac0627&dd-evp-origin-version=7.1.0&dd-evp-origin=browser&dd-request-id=e1a23574-8a08-4825-b255-1f4d45952eec&batch_time=1780920840692&_dd.api=fetch:0
[  215154ms] [ERROR] Failed to load resource: net::ERR_NAME_NOT_RESOLVED @ https://browser-intake-datadoghq.com/api/v2/rum?ddsource=browser&dd-api-key=pub222856fe11852abc3642b1395fac0627&dd-evp-origin-version=7.1.0&dd-evp-origin=browser&dd-request-id=1418e2e9-449f-4c7c-bbab-6606e96f24d9&batch_time=1780920843723&_dd.api=fetch:0
[  219188ms] [ERROR] Failed to load resource: net::ERR_NAME_NOT_RESOLVED @ https://browser-intake-datadoghq.com/api/v2/rum?ddsource=browser&dd-api-key=pub222856fe11852abc3642b1395fac0627&dd-evp-origin-version=7.1.0&dd-evp-origin=browser&dd-request-id=d3e0625d-5b67-4aac-9990-1a8be7f05940&batch_time=1780920847758&_dd.api=fetch:0
[  222252ms] [ERROR] Failed to load resource: net::ERR_NAME_NOT_RESOLVED @ https://browser-intake-datadoghq.com/api/v2/rum?ddsource=browser&dd-api-key=pub222856fe11852abc3642b1395fac0627&dd-evp-origin-version=7.1.0&dd-evp-origin=browser&dd-request-id=d122d436-7ef5-4e76-9524-4c17b6e992e1&batch_time=1780920850809&_dd.api=fetch:0
[  226222ms] [ERROR] Failed to load resource: net::ERR_NAME_NOT_RESOLVED @ https://browser-intake-datadoghq.com/api/v2/rum?ddsource=browser&dd-api-key=pub222856fe11852abc3642b1395fac0627&dd-evp-origin-version=7.1.0&dd-evp-origin=browser&dd-request-id=c9a67811-222a-43e1-8d88-8c1085b54744&batch_time=1780920854792&_dd.api=fetch:0
[  229285ms] [ERROR] Failed to load resource: net::ERR_NAME_NOT_RESOLVED @ https://browser-intake-datadoghq.com/api/v2/rum?ddsource=browser&dd-api-key=pub222856fe11852abc3642b1395fac0627&dd-evp-origin-version=7.1.0&dd-evp-origin=browser&dd-request-id=b4460b93-aa49-420a-bd0c-e67f25173a4e&batch_time=1780920857831&_dd.api=fetch:0
[  232453ms] [ERROR] Failed to load resource: net::ERR_NAME_NOT_RESOLVED @ https://browser-intake-datadoghq.com/api/v2/rum?ddsource=browser&dd-api-key=pub222856fe11852abc3642b1395fac0627&dd-evp-origin-version=7.1.0&dd-evp-origin=browser&dd-request-id=5767b185-ea7d-4a7f-8878-671ed67c3b6b&batch_time=1780920861018&_dd.api=fetch:0
[  236027ms] [WARNING] The resource https://kalshi.com/images/research/mission/Frame.png was preloaded using link preload but not used within a few seconds from the window's load event. Please make sure it has an appropriate `as` value and it is preloaded intentionally. @ https://kalshi.com/markets/kxnflnfcchamp/national-football-conference-champion/kxnflnfcchamp-27:0
[  236027ms] [WARNING] The resource https://kalshi.com/images/research/mission/calibration.png was preloaded using link preload but not used within a few seconds from the window's load event. Please make sure it has an appropriate `as` value and it is preloaded intentionally. @ https://kalshi.com/markets/kxnflnfcchamp/national-football-conference-champion/kxnflnfcchamp-27:0
[  236027ms] [WARNING] The resource https://kalshi.com/images/research/mission/prediction-accuracy.png was preloaded using link preload but not used within a few seconds from the window's load event. Please make sure it has an appropriate `as` value and it is preloaded intentionally. @ https://kalshi.com/markets/kxnflnfcchamp/national-football-conference-champion/kxnflnfcchamp-27:0
[  236027ms] [WARNING] The resource https://kalshi.com/images/research/mission/real-world-impact.png was preloaded using link preload but not used within a few seconds from the window's load event. Please make sure it has an appropriate `as` value and it is preloaded intentionally. @ https://kalshi.com/markets/kxnflnfcchamp/national-football-conference-champion/kxnflnfcchamp-27:0
[  236027ms] [WARNING] The resource https://kalshi.com/images/research/mission/belief-updating-dynamics.png was preloaded using link preload but not used within a few seconds from the window's load event. Please make sure it has an appropriate `as` value and it is preloaded intentionally. @ https://kalshi.com/markets/kxnflnfcchamp/national-football-conference-champion/kxnflnfcchamp-27:0
[  236027ms] [WARNING] The resource https://kalshi.com/images/research/mission/market-microstructure.png was preloaded using link preload but not used within a few seconds from the window's load event. Please make sure it has an appropriate `as` value and it is preloaded intentionally. @ https://kalshi.com/markets/kxnflnfcchamp/national-football-conference-champion/kxnflnfcchamp-27:0
[  236027ms] [WARNING] The resource https://kalshi.com/images/research/mission/participant-heterogeneity.png was preloaded using link preload but not used within a few seconds from the window's load event. Please make sure it has an appropriate `as` value and it is preloaded intentionally. @ https://kalshi.com/markets/kxnflnfcchamp/national-football-conference-champion/kxnflnfcchamp-27:0
[  236458ms] [ERROR] Failed to load resource: net::ERR_NAME_NOT_RESOLVED @ https://browser-intake-datadoghq.com/api/v2/rum?ddsource=browser&dd-api-key=pub222856fe11852abc3642b1395fac0627&dd-evp-origin-version=7.1.0&dd-evp-origin=browser&dd-request-id=4e8931cf-ab5f-451e-a776-6baac8796bb6&batch_time=1780920865027&_dd.api=fetch:0
[  240506ms] [ERROR] Failed to load resource: net::ERR_NAME_NOT_RESOLVED @ https://browser-intake-datadoghq.com/api/v2/rum?ddsource=browser&dd-api-key=pub222856fe11852abc3642b1395fac0627&dd-evp-origin-version=7.1.0&dd-evp-origin=browser&dd-request-id=84cc621a-036d-4749-a1fd-5ae72b8588ef&batch_time=1780920869075&_dd.api=fetch:0
[  242524ms] [ERROR] Failed to load resource: net::ERR_NAME_NOT_RESOLVED @ https://browser-intake-datadoghq.com/api/v2/rum?ddsource=browser&dd-api-key=pub222856fe11852abc3642b1395fac0627&dd-evp-origin-version=7.1.0&dd-evp-origin=browser&dd-request-id=e7d81ddd-9b87-4e22-9744-758c0c05cbe8&batch_time=1780920871093&_dd.api=fetch:0
[  245545ms] [ERROR] Failed to load resource: net::ERR_NAME_NOT_RESOLVED @ https://browser-intake-datadoghq.com/api/v2/rum?ddsource=browser&dd-api-key=pub222856fe11852abc3642b1395fac0627&dd-evp-origin-version=7.1.0&dd-evp-origin=browser&dd-request-id=84d23e15-c687-41ec-8f4f-f132def99d7d&batch_time=1780920874115&_dd.api=fetch:0
[  249579ms] [ERROR] Failed to load resource: net::ERR_NAME_NOT_RESOLVED @ https://browser-intake-datadoghq.com/api/v2/rum?ddsource=browser&dd-api-key=pub222856fe11852abc3642b1395fac0627&dd-evp-origin-version=7.1.0&dd-evp-origin=browser&dd-request-id=71fd9f26-f51f-40d4-8d74-b85f665ae0ad&batch_time=1780920878132&_dd.api=fetch:0
[  252566ms] [ERROR] Failed to load resource: net::ERR_NAME_NOT_RESOLVED @ https://browser-intake-datadoghq.com/api/v2/rum?ddsource=browser&dd-api-key=pub222856fe11852abc3642b1395fac0627&dd-evp-origin-version=7.1.0&dd-evp-origin=browser&dd-request-id=bcd0a703-d3e6-4e50-a009-d87c30c584fe&batch_time=1780920881136&_dd.api=fetch:0
[  256015ms] [WARNING] The resource https://kalshi.com/images/research/mission/Frame.png was preloaded using link preload but not used within a few seconds from the window's load event. Please make sure it has an appropriate `as` value and it is preloaded intentionally. @ https://kalshi.com/markets/kxnflnfcchamp/national-football-conference-champion/kxnflnfcchamp-27:0
[  256015ms] [WARNING] The resource https://kalshi.com/images/research/mission/calibration.png was preloaded using link preload but not used within a few seconds from the window's load event. Please make sure it has an appropriate `as` value and it is preloaded intentionally. @ https://kalshi.com/markets/kxnflnfcchamp/national-football-conference-champion/kxnflnfcchamp-27:0
[  256015ms] [WARNING] The resource https://kalshi.com/images/research/mission/prediction-accuracy.png was preloaded using link preload but not used within a few seconds from the window's load event. Please make sure it has an appropriate `as` value and it is preloaded intentionally. @ https://kalshi.com/markets/kxnflnfcchamp/national-football-conference-champion/kxnflnfcchamp-27:0
[  256015ms] [WARNING] The resource https://kalshi.com/images/research/mission/real-world-impact.png was preloaded using link preload but not used within a few seconds from the window's load event. Please make sure it has an appropriate `as` value and it is preloaded intentionally. @ https://kalshi.com/markets/kxnflnfcchamp/national-football-conference-champion/kxnflnfcchamp-27:0
[  256015ms] [WARNING] The resource https://kalshi.com/images/research/mission/belief-updating-dynamics.png was preloaded using link preload but not used within a few seconds from the window's load event. Please make sure it has an appropriate `as` value and it is preloaded intentionally. @ https://kalshi.com/markets/kxnflnfcchamp/national-football-conference-champion/kxnflnfcchamp-27:0
[  256015ms] [WARNING] The resource https://kalshi.com/images/research/mission/market-microstructure.png was preloaded using link preload but not used within a few seconds from the window's load event. Please make sure it has an appropriate `as` value and it is preloaded intentionally. @ https://kalshi.com/markets/kxnflnfcchamp/national-football-conference-champion/kxnflnfcchamp-27:0
[  256015ms] [WARNING] The resource https://kalshi.com/images/research/mission/participant-heterogeneity.png was preloaded using link preload but not used within a few seconds from the window's load event. Please make sure it has an appropriate `as` value and it is preloaded intentionally. @ https://kalshi.com/markets/kxnflnfcchamp/national-football-conference-champion/kxnflnfcchamp-27:0
[  256657ms] [ERROR] Failed to load resource: net::ERR_NAME_NOT_RESOLVED @ https://browser-intake-datadoghq.com/api/v2/rum?ddsource=browser&dd-api-key=pub222856fe11852abc3642b1395fac0627&dd-evp-origin-version=7.1.0&dd-evp-origin=browser&dd-request-id=8f000469-3606-4275-b095-7c5428b87bd0&batch_time=1780920885227&_dd.api=fetch:0
[  260686ms] [ERROR] Failed to load resource: net::ERR_NAME_NOT_RESOLVED @ https://browser-intake-datadoghq.com/api/v2/rum?ddsource=browser&dd-api-key=pub222856fe11852abc3642b1395fac0627&dd-evp-origin-version=7.1.0&dd-evp-origin=browser&dd-request-id=1d507bac-0a77-4429-9d6a-58d6e205ede3&batch_time=1780920889244&_dd.api=fetch:0
[  262708ms] [ERROR] Failed to load resource: net::ERR_NAME_NOT_RESOLVED @ https://browser-intake-datadoghq.com/api/v2/rum?ddsource=browser&dd-api-key=pub222856fe11852abc3642b1395fac0627&dd-evp-origin-version=7.1.0&dd-evp-origin=browser&dd-request-id=932ee4a6-74e8-490d-ab65-86b495cefb62&batch_time=1780920891277&_dd.api=fetch:0
[  266736ms] [ERROR] Failed to load resource: net::ERR_NAME_NOT_RESOLVED @ https://browser-intake-datadoghq.com/api/v2/rum?ddsource=browser&dd-api-key=pub222856fe11852abc3642b1395fac0627&dd-evp-origin-version=7.1.0&dd-evp-origin=browser&dd-request-id=b803c52f-659e-4bc8-9a47-d303bccbe277&batch_time=1780920895295&_dd.api=fetch:0
[  269915ms] [ERROR] Failed to load resource: net::ERR_NAME_NOT_RESOLVED @ https://browser-intake-datadoghq.com/api/v2/rum?ddsource=browser&dd-api-key=pub222856fe11852abc3642b1395fac0627&dd-evp-origin-version=7.1.0&dd-evp-origin=browser&dd-request-id=a310ca37-a570-4e4e-afc5-5ea28a771e41&batch_time=1780920898484&_dd.api=fetch:0
[  271968ms] [ERROR] Failed to load resource: net::ERR_NAME_NOT_RESOLVED @ https://browser-intake-datadoghq.com/api/v2/rum?ddsource=browser&dd-api-key=pub222856fe11852abc3642b1395fac0627&dd-evp-origin-version=7.1.0&dd-evp-origin=browser&dd-request-id=7ed54e69-7963-48df-8278-df30cbfb52b9&batch_time=1780920900527&_dd.api=fetch:0
[  274808ms] [ERROR] Failed to load resource: net::ERR_NAME_NOT_RESOLVED @ https://browser-intake-datadoghq.com/api/v2/rum?ddsource=browser&dd-api-key=pub222856fe11852abc3642b1395fac0627&dd-evp-origin-version=7.1.0&dd-evp-origin=browser&dd-request-id=13ef59d5-2f63-4b47-8de4-10c4517da350&batch_time=1780920903377&_dd.api=fetch:0
[  278808ms] [ERROR] Failed to load resource: net::ERR_NAME_NOT_RESOLVED @ https://browser-intake-datadoghq.com/api/v2/rum?ddsource=browser&dd-api-key=pub222856fe11852abc3642b1395fac0627&dd-evp-origin-version=7.1.0&dd-evp-origin=browser&dd-request-id=0a86b93e-e0d4-4472-908e-a46da4251400&batch_time=1780920907377&_dd.api=fetch:0
[  281859ms] [ERROR] Failed to load resource: net::ERR_NAME_NOT_RESOLVED @ https://browser-intake-datadoghq.com/api/v2/rum?ddsource=browser&dd-api-key=pub222856fe11852abc3642b1395fac0627&dd-evp-origin-version=7.1.0&dd-evp-origin=browser&dd-request-id=a6743b8e-0962-4d21-9c78-f2fd3e4c4870&batch_time=1780920910428&_dd.api=fetch:0
[  284931ms] [ERROR] Failed to load resource: net::ERR_NAME_NOT_RESOLVED @ https://browser-intake-datadoghq.com/api/v2/rum?ddsource=browser&dd-api-key=pub222856fe11852abc3642b1395fac0627&dd-evp-origin-version=7.1.0&dd-evp-origin=browser&dd-request-id=6b930350-4de1-4ebd-a8f3-59bbfd2713ba&batch_time=1780920913501&_dd.api=fetch:0
[  289314ms] [ERROR] Failed to load resource: net::ERR_NAME_NOT_RESOLVED @ https://browser-intake-datadoghq.com/api/v2/rum?ddsource=browser&dd-api-key=pub222856fe11852abc3642b1395fac0627&dd-evp-origin-version=7.1.0&dd-evp-origin=browser&dd-request-id=6e888e79-18b1-4ae6-8bf0-2aa579843865&batch_time=1780920917883&_dd.api=fetch:0
[  291958ms] [ERROR] Failed to load resource: net::ERR_NAME_NOT_RESOLVED @ https://browser-intake-datadoghq.com/api/v2/rum?ddsource=browser&dd-api-key=pub222856fe11852abc3642b1395fac0627&dd-evp-origin-version=7.1.0&dd-evp-origin=browser&dd-request-id=fe752bdf-9006-460a-b2a1-57b1ded52e1f&batch_time=1780920920528&_dd.api=fetch:0
[  295992ms] [ERROR] Failed to load resource: net::ERR_NAME_NOT_RESOLVED @ https://browser-intake-datadoghq.com/api/v2/rum?ddsource=browser&dd-api-key=pub222856fe11852abc3642b1395fac0627&dd-evp-origin-version=7.1.0&dd-evp-origin=browser&dd-request-id=c4aa67d2-b461-4b41-8c1d-faf275a9a6fd&batch_time=1780920924561&_dd.api=fetch:0
[  299004ms] [ERROR] Failed to load resource: net::ERR_NAME_NOT_RESOLVED @ https://browser-intake-datadoghq.com/api/v2/rum?ddsource=browser&dd-api-key=pub222856fe11852abc3642b1395fac0627&dd-evp-origin-version=7.1.0&dd-evp-origin=browser&dd-request-id=a934e7f1-2f77-4544-b0de-2b44734ea626&batch_time=1780920927573&_dd.api=fetch:0
[  301769ms] [ERROR] Failed to load resource: net::ERR_NAME_NOT_RESOLVED @ https://browser-intake-datadoghq.com/api/v2/rum?ddsource=browser&dd-api-key=pub222856fe11852abc3642b1395fac0627&dd-evp-origin-version=7.1.0&dd-evp-origin=browser&dd-request-id=c3469e4e-0bad-42f6-8eb7-75d207623d4b&batch_time=1780920930338&_dd.api=fetch:0
[  303070ms] [ERROR] Failed to load resource: net::ERR_NAME_NOT_RESOLVED @ https://browser-intake-datadoghq.com/api/v2/rum?ddsource=browser&dd-api-key=pub222856fe11852abc3642b1395fac0627&dd-evp-origin-version=7.1.0&dd-evp-origin=browser&dd-request-id=42d44d07-77a6-4772-ad2b-ecca6e952a5f&batch_time=1780920931628&_dd.api=fetch:0
[  306091ms] [ERROR] Failed to load resource: net::ERR_NAME_NOT_RESOLVED @ https://browser-intake-datadoghq.com/api/v2/rum?ddsource=browser&dd-api-key=pub222856fe11852abc3642b1395fac0627&dd-evp-origin-version=7.1.0&dd-evp-origin=browser&dd-request-id=bbf65517-0fdd-4b02-8474-dc9c2a6b5041&batch_time=1780920934661&_dd.api=fetch:0
[  310093ms] [ERROR] Failed to load resource: net::ERR_NAME_NOT_RESOLVED @ https://browser-intake-datadoghq.com/api/v2/rum?ddsource=browser&dd-api-key=pub222856fe11852abc3642b1395fac0627&dd-evp-origin-version=7.1.0&dd-evp-origin=browser&dd-request-id=b5aff745-a600-4fa6-8c37-6df7a90ca012&batch_time=1780920938663&_dd.api=fetch:0
[  312195ms] [ERROR] Failed to load resource: net::ERR_NAME_NOT_RESOLVED @ https://browser-intake-datadoghq.com/api/v2/rum?ddsource=browser&dd-api-key=pub222856fe11852abc3642b1395fac0627&dd-evp-origin-version=7.1.0&dd-evp-origin=browser&dd-request-id=7f98a6bf-46b1-492d-bc84-c874fdf5a64e&batch_time=1780920940764&_dd.api=fetch:0
[  316033ms] [WARNING] The resource https://kalshi.com/images/research/mission/Frame.png was preloaded using link preload but not used within a few seconds from the window's load event. Please make sure it has an appropriate `as` value and it is preloaded intentionally. @ https://kalshi.com/markets/kxnflnfcchamp/national-football-conference-champion/kxnflnfcchamp-27:0
[  316033ms] [WARNING] The resource https://kalshi.com/images/research/mission/calibration.png was preloaded using link preload but not used within a few seconds from the window's load event. Please make sure it has an appropriate `as` value and it is preloaded intentionally. @ https://kalshi.com/markets/kxnflnfcchamp/national-football-conference-champion/kxnflnfcchamp-27:0
[  316033ms] [WARNING] The resource https://kalshi.com/images/research/mission/prediction-accuracy.png was preloaded using link preload but not used within a few seconds from the window's load event. Please make sure it has an appropriate `as` value and it is preloaded intentionally. @ https://kalshi.com/markets/kxnflnfcchamp/national-football-conference-champion/kxnflnfcchamp-27:0
[  316033ms] [WARNING] The resource https://kalshi.com/images/research/mission/real-world-impact.png was preloaded using link preload but not used within a few seconds from the window's load event. Please make sure it has an appropriate `as` value and it is preloaded intentionally. @ https://kalshi.com/markets/kxnflnfcchamp/national-football-conference-champion/kxnflnfcchamp-27:0
[  316033ms] [WARNING] The resource https://kalshi.com/images/research/mission/belief-updating-dynamics.png was preloaded using link preload but not used within a few seconds from the window's load event. Please make sure it has an appropriate `as` value and it is preloaded intentionally. @ https://kalshi.com/markets/kxnflnfcchamp/national-football-conference-champion/kxnflnfcchamp-27:0
[  316033ms] [WARNING] The resource https://kalshi.com/images/research/mission/market-microstructure.png was preloaded using link preload but not used within a few seconds from the window's load event. Please make sure it has an appropriate `as` value and it is preloaded intentionally. @ https://kalshi.com/markets/kxnflnfcchamp/national-football-conference-champion/kxnflnfcchamp-27:0
[  316033ms] [WARNING] The resource https://kalshi.com/images/research/mission/participant-heterogeneity.png was preloaded using link preload but not used within a few seconds from the window's load event. Please make sure it has an appropriate `as` value and it is preloaded intentionally. @ https://kalshi.com/markets/kxnflnfcchamp/national-football-conference-champion/kxnflnfcchamp-27:0
[  316353ms] [ERROR] Failed to load resource: net::ERR_NAME_NOT_RESOLVED @ https://browser-intake-datadoghq.com/api/v2/rum?ddsource=browser&dd-api-key=pub222856fe11852abc3642b1395fac0627&dd-evp-origin-version=7.1.0&dd-evp-origin=browser&dd-request-id=204ce63f-9186-4f9d-bd7d-8793a39c59e5&batch_time=1780920944911&_dd.api=fetch:0
[  319575ms] [ERROR] Failed to load resource: net::ERR_NAME_NOT_RESOLVED @ https://browser-intake-datadoghq.com/api/v2/rum?ddsource=browser&dd-api-key=pub222856fe11852abc3642b1395fac0627&dd-evp-origin-version=7.1.0&dd-evp-origin=browser&dd-request-id=cc930153-6f8b-4e20-b6dc-8b6d38b7e1d6&batch_time=1780920948145&_dd.api=fetch:0
[  322012ms] [ERROR] Failed to load resource: net::ERR_NAME_NOT_RESOLVED @ https://browser-intake-datadoghq.com/api/v2/rum?ddsource=browser&dd-api-key=pub222856fe11852abc3642b1395fac0627&dd-evp-origin-version=7.1.0&dd-evp-origin=browser&dd-request-id=b518ca54-cca6-4222-9395-db5ce382d4ce&batch_time=1780920950581&_dd.api=fetch:0
[  326421ms] [ERROR] Failed to load resource: net::ERR_NAME_NOT_RESOLVED @ https://browser-intake-datadoghq.com/api/v2/rum?ddsource=browser&dd-api-key=pub222856fe11852abc3642b1395fac0627&dd-evp-origin-version=7.1.0&dd-evp-origin=browser&dd-request-id=8bf2d5cc-f33f-44d1-8117-e14d99676de7&batch_time=1780920954979&_dd.api=fetch:0
[  329446ms] [ERROR] Failed to load resource: net::ERR_NAME_NOT_RESOLVED @ https://browser-intake-datadoghq.com/api/v2/rum?ddsource=browser&dd-api-key=pub222856fe11852abc3642b1395fac0627&dd-evp-origin-version=7.1.0&dd-evp-origin=browser&dd-request-id=7e8b14f7-f9aa-4f1f-9da4-5fe99beb2ced&batch_time=1780920958016&_dd.api=fetch:0
[  331473ms] [ERROR] Failed to load resource: net::ERR_NAME_NOT_RESOLVED @ https://browser-intake-datadoghq.com/api/v2/rum?ddsource=browser&dd-api-key=pub222856fe11852abc3642b1395fac0627&dd-evp-origin-version=7.1.0&dd-evp-origin=browser&dd-request-id=21ca1217-cd3c-43e6-8c08-0d054c52cef8&batch_time=1780920960029&_dd.api=fetch:0
[  336010ms] [WARNING] The resource https://kalshi.com/images/research/mission/Frame.png was preloaded using link preload but not used within a few seconds from the window's load event. Please make sure it has an appropriate `as` value and it is preloaded intentionally. @ https://kalshi.com/markets/kxnflnfcchamp/national-football-conference-champion/kxnflnfcchamp-27:0
[  336010ms] [WARNING] The resource https://kalshi.com/images/research/mission/calibration.png was preloaded using link preload but not used within a few seconds from the window's load event. Please make sure it has an appropriate `as` value and it is preloaded intentionally. @ https://kalshi.com/markets/kxnflnfcchamp/national-football-conference-champion/kxnflnfcchamp-27:0
[  336010ms] [WARNING] The resource https://kalshi.com/images/research/mission/prediction-accuracy.png was preloaded using link preload but not used within a few seconds from the window's load event. Please make sure it has an appropriate `as` value and it is preloaded intentionally. @ https://kalshi.com/markets/kxnflnfcchamp/national-football-conference-champion/kxnflnfcchamp-27:0
[  336010ms] [WARNING] The resource https://kalshi.com/images/research/mission/real-world-impact.png was preloaded using link preload but not used within a few seconds from the window's load event. Please make sure it has an appropriate `as` value and it is preloaded intentionally. @ https://kalshi.com/markets/kxnflnfcchamp/national-football-conference-champion/kxnflnfcchamp-27:0
[  336011ms] [WARNING] The resource https://kalshi.com/images/research/mission/belief-updating-dynamics.png was preloaded using link preload but not used within a few seconds from the window's load event. Please make sure it has an appropriate `as` value and it is preloaded intentionally. @ https://kalshi.com/markets/kxnflnfcchamp/national-football-conference-champion/kxnflnfcchamp-27:0
[  336011ms] [WARNING] The resource https://kalshi.com/images/research/mission/market-microstructure.png was preloaded using link preload but not used within a few seconds from the window's load event. Please make sure it has an appropriate `as` value and it is preloaded intentionally. @ https://kalshi.com/markets/kxnflnfcchamp/national-football-conference-champion/kxnflnfcchamp-27:0
[  336011ms] [WARNING] The resource https://kalshi.com/images/research/mission/participant-heterogeneity.png was preloaded using link preload but not used within a few seconds from the window's load event. Please make sure it has an appropriate `as` value and it is preloaded intentionally. @ https://kalshi.com/markets/kxnflnfcchamp/national-football-conference-champion/kxnflnfcchamp-27:0
[  336520ms] [ERROR] Failed to load resource: net::ERR_NAME_NOT_RESOLVED @ https://browser-intake-datadoghq.com/api/v2/rum?ddsource=browser&dd-api-key=pub222856fe11852abc3642b1395fac0627&dd-evp-origin-version=7.1.0&dd-evp-origin=browser&dd-request-id=14b0d754-d60b-4df8-9b4d-f51d5ceb3ccf&batch_time=1780920965079&_dd.api=fetch:0
[  339547ms] [ERROR] Failed to load resource: net::ERR_NAME_NOT_RESOLVED @ https://browser-intake-datadoghq.com/api/v2/rum?ddsource=browser&dd-api-key=pub222856fe11852abc3642b1395fac0627&dd-evp-origin-version=7.1.0&dd-evp-origin=browser&dd-request-id=e0945557-1792-4e93-8ef8-d3d86b2de643&batch_time=1780920968114&_dd.api=fetch:0
[  341567ms] [ERROR] Failed to load resource: net::ERR_NAME_NOT_RESOLVED @ https://browser-intake-datadoghq.com/api/v2/rum?ddsource=browser&dd-api-key=pub222856fe11852abc3642b1395fac0627&dd-evp-origin-version=7.1.0&dd-evp-origin=browser&dd-request-id=e727c6e0-f975-47de-aa50-420d36e72b35&batch_time=1780920970137&_dd.api=fetch:0
[  344574ms] [WARNING] The resource https://kalshi.com/images/research/mission/Frame.png was preloaded using link preload but not used within a few seconds from the window's load event. Please make sure it has an appropriate `as` value and it is preloaded intentionally. @ https://kalshi.com/markets/kxnflnfcchamp/national-football-conference-champion/kxnflnfcchamp-27:0
[  344574ms] [WARNING] The resource https://kalshi.com/images/research/mission/calibration.png was preloaded using link preload but not used within a few seconds from the window's load event. Please make sure it has an appropriate `as` value and it is preloaded intentionally. @ https://kalshi.com/markets/kxnflnfcchamp/national-football-conference-champion/kxnflnfcchamp-27:0
[  344574ms] [WARNING] The resource https://kalshi.com/images/research/mission/prediction-accuracy.png was preloaded using link preload but not used within a few seconds from the window's load event. Please make sure it has an appropriate `as` value and it is preloaded intentionally. @ https://kalshi.com/markets/kxnflnfcchamp/national-football-conference-champion/kxnflnfcchamp-27:0
[  344574ms] [WARNING] The resource https://kalshi.com/images/research/mission/real-world-impact.png was preloaded using link preload but not used within a few seconds from the window's load event. Please make sure it has an appropriate `as` value and it is preloaded intentionally. @ https://kalshi.com/markets/kxnflnfcchamp/national-football-conference-champion/kxnflnfcchamp-27:0
[  344575ms] [WARNING] The resource https://kalshi.com/images/research/mission/belief-updating-dynamics.png was preloaded using link preload but not used within a few seconds from the window's load event. Please make sure it has an appropriate `as` value and it is preloaded intentionally. @ https://kalshi.com/markets/kxnflnfcchamp/national-football-conference-champion/kxnflnfcchamp-27:0
[  344575ms] [WARNING] The resource https://kalshi.com/images/research/mission/market-microstructure.png was preloaded using link preload but not used within a few seconds from the window's load event. Please make sure it has an appropriate `as` value and it is preloaded intentionally. @ https://kalshi.com/markets/kxnflnfcchamp/national-football-conference-champion/kxnflnfcchamp-27:0
[  344575ms] [WARNING] The resource https://kalshi.com/images/research/mission/participant-heterogeneity.png was preloaded using link preload but not used within a few seconds from the window's load event. Please make sure it has an appropriate `as` value and it is preloaded intentionally. @ https://kalshi.com/markets/kxnflnfcchamp/national-football-conference-champion/kxnflnfcchamp-27:0
[  345581ms] [ERROR] Failed to load resource: net::ERR_NAME_NOT_RESOLVED @ https://browser-intake-datadoghq.com/api/v2/rum?ddsource=browser&dd-api-key=pub222856fe11852abc3642b1395fac0627&dd-evp-origin-version=7.1.0&dd-evp-origin=browser&dd-request-id=e12b6e59-5bc9-4044-b9b1-55d852e0e928&batch_time=1780920974150&_dd.api=fetch:0
[  349634ms] [ERROR] Failed to load resource: net::ERR_NAME_NOT_RESOLVED @ https://browser-intake-datadoghq.com/api/v2/rum?ddsource=browser&dd-api-key=pub222856fe11852abc3642b1395fac0627&dd-evp-origin-version=7.1.0&dd-evp-origin=browser&dd-request-id=61dc6e77-74da-4711-8a41-29a7f1f6ac5c&batch_time=1780920978204&_dd.api=fetch:0
[  352659ms] [ERROR] Failed to load resource: net::ERR_NAME_NOT_RESOLVED @ https://browser-intake-datadoghq.com/api/v2/rum?ddsource=browser&dd-api-key=pub222856fe11852abc3642b1395fac0627&dd-evp-origin-version=7.1.0&dd-evp-origin=browser&dd-request-id=fe69e864-8d5a-4163-b3d2-119dffbe6c9f&batch_time=1780920981213&_dd.api=fetch:0
[  356021ms] [WARNING] The resource https://kalshi.com/images/research/mission/Frame.png was preloaded using link preload but not used within a few seconds from the window's load event. Please make sure it has an appropriate `as` value and it is preloaded intentionally. @ https://kalshi.com/markets/kxnflnfcchamp/national-football-conference-champion/kxnflnfcchamp-27:0
[  356021ms] [WARNING] The resource https://kalshi.com/images/research/mission/calibration.png was preloaded using link preload but not used within a few seconds from the window's load event. Please make sure it has an appropriate `as` value and it is preloaded intentionally. @ https://kalshi.com/markets/kxnflnfcchamp/national-football-conference-champion/kxnflnfcchamp-27:0
[  356021ms] [WARNING] The resource https://kalshi.com/images/research/mission/prediction-accuracy.png was preloaded using link preload but not used within a few seconds from the window's load event. Please make sure it has an appropriate `as` value and it is preloaded intentionally. @ https://kalshi.com/markets/kxnflnfcchamp/national-football-conference-champion/kxnflnfcchamp-27:0
[  356021ms] [WARNING] The resource https://kalshi.com/images/research/mission/real-world-impact.png was preloaded using link preload but not used within a few seconds from the window's load event. Please make sure it has an appropriate `as` value and it is preloaded intentionally. @ https://kalshi.com/markets/kxnflnfcchamp/national-football-conference-champion/kxnflnfcchamp-27:0
[  356021ms] [WARNING] The resource https://kalshi.com/images/research/mission/belief-updating-dynamics.png was preloaded using link preload but not used within a few seconds from the window's load event. Please make sure it has an appropriate `as` value and it is preloaded intentionally. @ https://kalshi.com/markets/kxnflnfcchamp/national-football-conference-champion/kxnflnfcchamp-27:0
[  356021ms] [WARNING] The resource https://kalshi.com/images/research/mission/market-microstructure.png was preloaded using link preload but not used within a few seconds from the window's load event. Please make sure it has an appropriate `as` value and it is preloaded intentionally. @ https://kalshi.com/markets/kxnflnfcchamp/national-football-conference-champion/kxnflnfcchamp-27:0
[  356021ms] [WARNING] The resource https://kalshi.com/images/research/mission/participant-heterogeneity.png was preloaded using link preload but not used within a few seconds from the window's load event. Please make sure it has an appropriate `as` value and it is preloaded intentionally. @ https://kalshi.com/markets/kxnflnfcchamp/national-football-conference-champion/kxnflnfcchamp-27:0
[  357734ms] [ERROR] Failed to load resource: net::ERR_NAME_NOT_RESOLVED @ https://browser-intake-datadoghq.com/api/v2/rum?ddsource=browser&dd-api-key=pub222856fe11852abc3642b1395fac0627&dd-evp-origin-version=7.1.0&dd-evp-origin=browser&dd-request-id=4bae8f2f-9ac4-4dc4-a07d-3cc58254e7fc&batch_time=1780920986303&_dd.api=fetch:0
[  360867ms] [ERROR] Failed to load resource: net::ERR_NAME_NOT_RESOLVED @ https://browser-intake-datadoghq.com/api/v2/rum?ddsource=browser&dd-api-key=pub222856fe11852abc3642b1395fac0627&dd-evp-origin-version=7.1.0&dd-evp-origin=browser&dd-request-id=5497b05e-1bc7-48a5-b75f-ff9ecb99fea7&batch_time=1780920989433&_dd.api=fetch:0
[  362852ms] [ERROR] Failed to load resource: net::ERR_NAME_NOT_RESOLVED @ https://browser-intake-datadoghq.com/api/v2/rum?ddsource=browser&dd-api-key=pub222856fe11852abc3642b1395fac0627&dd-evp-origin-version=7.1.0&dd-evp-origin=browser&dd-request-id=31c13823-269d-4ac9-b09c-6affd10361b9&batch_time=1780920991422&_dd.api=fetch:0
[  366910ms] [ERROR] Failed to load resource: net::ERR_NAME_NOT_RESOLVED @ https://browser-intake-datadoghq.com/api/v2/rum?ddsource=browser&dd-api-key=pub222856fe11852abc3642b1395fac0627&dd-evp-origin-version=7.1.0&dd-evp-origin=browser&dd-request-id=904898bf-e99e-4fcf-b8cd-fb948ec819dd&batch_time=1780920995464&_dd.api=fetch:0
[  369948ms] [ERROR] Failed to load resource: net::ERR_NAME_NOT_RESOLVED @ https://browser-intake-datadoghq.com/api/v2/rum?ddsource=browser&dd-api-key=pub222856fe11852abc3642b1395fac0627&dd-evp-origin-version=7.1.0&dd-evp-origin=browser&dd-request-id=c3d32268-8d0f-4b63-b62b-cf0e95dd4d71&batch_time=1780920998518&_dd.api=fetch:0
[  373021ms] [ERROR] Failed to load resource: net::ERR_NAME_NOT_RESOLVED @ https://browser-intake-datadoghq.com/api/v2/rum?ddsource=browser&dd-api-key=pub222856fe11852abc3642b1395fac0627&dd-evp-origin-version=7.1.0&dd-evp-origin=browser&dd-request-id=edfc0e3e-c854-4358-b982-0fdaad1706a6&batch_time=1780921001586&_dd.api=fetch:0
[  376023ms] [WARNING] The resource https://kalshi.com/images/research/mission/Frame.png was preloaded using link preload but not used within a few seconds from the window's load event. Please make sure it has an appropriate `as` value and it is preloaded intentionally. @ https://kalshi.com/markets/kxnflnfcchamp/national-football-conference-champion/kxnflnfcchamp-27:0
[  376023ms] [WARNING] The resource https://kalshi.com/images/research/mission/calibration.png was preloaded using link preload but not used within a few seconds from the window's load event. Please make sure it has an appropriate `as` value and it is preloaded intentionally. @ https://kalshi.com/markets/kxnflnfcchamp/national-football-conference-champion/kxnflnfcchamp-27:0
[  376023ms] [WARNING] The resource https://kalshi.com/images/research/mission/prediction-accuracy.png was preloaded using link preload but not used within a few seconds from the window's load event. Please make sure it has an appropriate `as` value and it is preloaded intentionally. @ https://kalshi.com/markets/kxnflnfcchamp/national-football-conference-champion/kxnflnfcchamp-27:0
[  376023ms] [WARNING] The resource https://kalshi.com/images/research/mission/real-world-impact.png was preloaded using link preload but not used within a few seconds from the window's load event. Please make sure it has an appropriate `as` value and it is preloaded intentionally. @ https://kalshi.com/markets/kxnflnfcchamp/national-football-conference-champion/kxnflnfcchamp-27:0
[  376023ms] [WARNING] The resource https://kalshi.com/images/research/mission/belief-updating-dynamics.png was preloaded using link preload but not used within a few seconds from the window's load event. Please make sure it has an appropriate `as` value and it is preloaded intentionally. @ https://kalshi.com/markets/kxnflnfcchamp/national-football-conference-champion/kxnflnfcchamp-27:0
[  376023ms] [WARNING] The resource https://kalshi.com/images/research/mission/market-microstructure.png was preloaded using link preload but not used within a few seconds from the window's load event. Please make sure it has an appropriate `as` value and it is preloaded intentionally. @ https://kalshi.com/markets/kxnflnfcchamp/national-football-conference-champion/kxnflnfcchamp-27:0
[  376023ms] [WARNING] The resource https://kalshi.com/images/research/mission/participant-heterogeneity.png was preloaded using link preload but not used within a few seconds from the window's load event. Please make sure it has an appropriate `as` value and it is preloaded intentionally. @ https://kalshi.com/markets/kxnflnfcchamp/national-football-conference-champion/kxnflnfcchamp-27:0
[  377232ms] [ERROR] Failed to load resource: net::ERR_NAME_NOT_RESOLVED @ https://browser-intake-datadoghq.com/api/v2/rum?ddsource=browser&dd-api-key=pub222856fe11852abc3642b1395fac0627&dd-evp-origin-version=7.1.0&dd-evp-origin=browser&dd-request-id=0bf7144c-6a84-4efd-8357-ba2e35aad86d&batch_time=1780921005799&_dd.api=fetch:0
[  381068ms] [ERROR] Failed to load resource: net::ERR_NAME_NOT_RESOLVED @ https://browser-intake-datadoghq.com/api/v2/rum?ddsource=browser&dd-api-key=pub222856fe11852abc3642b1395fac0627&dd-evp-origin-version=7.1.0&dd-evp-origin=browser&dd-request-id=2e99c56b-73d6-4250-ad04-62acf4126d2e&batch_time=1780921009638&_dd.api=fetch:0
[  383050ms] [ERROR] Failed to load resource: net::ERR_NAME_NOT_RESOLVED @ https://browser-intake-datadoghq.com/api/v2/rum?ddsource=browser&dd-api-key=pub222856fe11852abc3642b1395fac0627&dd-evp-origin-version=7.1.0&dd-evp-origin=browser&dd-request-id=afc2790c-be86-4a33-a9d3-d920cb7b8bcc&batch_time=1780921011619&_dd.api=fetch:0
[  387072ms] [ERROR] Failed to load resource: net::ERR_NAME_NOT_RESOLVED @ https://browser-intake-datadoghq.com/api/v2/rum?ddsource=browser&dd-api-key=pub222856fe11852abc3642b1395fac0627&dd-evp-origin-version=7.1.0&dd-evp-origin=browser&dd-request-id=7182777d-f7d9-4868-9038-61d14a8ef716&batch_time=1780921015631&_dd.api=fetch:0
[  390862ms] [ERROR] Failed to load resource: net::ERR_NAME_NOT_RESOLVED @ https://browser-intake-datadoghq.com/api/v2/rum?ddsource=browser&dd-api-key=pub222856fe11852abc3642b1395fac0627&dd-evp-origin-version=7.1.0&dd-evp-origin=browser&dd-request-id=9a9aa94b-d934-4baf-8868-355604999290&batch_time=1780921019431&_dd.api=fetch:0
[  393873ms] [ERROR] Failed to load resource: net::ERR_NAME_NOT_RESOLVED @ https://browser-intake-datadoghq.com/api/v2/rum?ddsource=browser&dd-api-key=pub222856fe11852abc3642b1395fac0627&dd-evp-origin-version=7.1.0&dd-evp-origin=browser&dd-request-id=19d6d857-4133-446f-9537-e0000ff67405&batch_time=1780921022438&_dd.api=fetch:0
[  396917ms] [ERROR] Failed to load resource: net::ERR_NAME_NOT_RESOLVED @ https://browser-intake-datadoghq.com/api/v2/rum?ddsource=browser&dd-api-key=pub222856fe11852abc3642b1395fac0627&dd-evp-origin-version=7.1.0&dd-evp-origin=browser&dd-request-id=0da67dfd-27e3-4b0c-8881-e3cf4d88c778&batch_time=1780921025486&_dd.api=fetch:0
[  400970ms] [ERROR] Failed to load resource: net::ERR_NAME_NOT_RESOLVED @ https://browser-intake-datadoghq.com/api/v2/rum?ddsource=browser&dd-api-key=pub222856fe11852abc3642b1395fac0627&dd-evp-origin-version=7.1.0&dd-evp-origin=browser&dd-request-id=5f0e67db-e1db-4bb8-9903-aba0ba874e6f&batch_time=1780921029541&_dd.api=fetch:0
[  404029ms] [ERROR] Failed to load resource: net::ERR_NAME_NOT_RESOLVED @ https://browser-intake-datadoghq.com/api/v2/rum?ddsource=browser&dd-api-key=pub222856fe11852abc3642b1395fac0627&dd-evp-origin-version=7.1.0&dd-evp-origin=browser&dd-request-id=58802e67-aaf2-4c0e-9237-d9e4c73a4d88&batch_time=1780921032599&_dd.api=fetch:0
[  407146ms] [ERROR] Failed to load resource: net::ERR_NAME_NOT_RESOLVED @ https://browser-intake-datadoghq.com/api/v2/rum?ddsource=browser&dd-api-key=pub222856fe11852abc3642b1395fac0627&dd-evp-origin-version=7.1.0&dd-evp-origin=browser&dd-request-id=0ac703e8-8b14-4390-b6ff-973508def329&batch_time=1780921035715&_dd.api=fetch:0
[  410207ms] [ERROR] Failed to load resource: net::ERR_NAME_NOT_RESOLVED @ https://browser-intake-datadoghq.com/api/v2/rum?ddsource=browser&dd-api-key=pub222856fe11852abc3642b1395fac0627&dd-evp-origin-version=7.1.0&dd-evp-origin=browser&dd-request-id=9e01cc16-cde1-40e2-8b48-654936ccb763&batch_time=1780921038767&_dd.api=fetch:0
[  413202ms] [ERROR] Failed to load resource: net::ERR_NAME_NOT_RESOLVED @ https://browser-intake-datadoghq.com/api/v2/rum?ddsource=browser&dd-api-key=pub222856fe11852abc3642b1395fac0627&dd-evp-origin-version=7.1.0&dd-evp-origin=browser&dd-request-id=d69f43b3-bb78-4a5f-bfdc-f71d2a51a4a2&batch_time=1780921041772&_dd.api=fetch:0
[  416212ms] [WARNING] The resource https://kalshi.com/images/research/mission/Frame.png was preloaded using link preload but not used within a few seconds from the window's load event. Please make sure it has an appropriate `as` value and it is preloaded intentionally. @ https://kalshi.com/markets/kxnflnfcchamp/national-football-conference-champion/kxnflnfcchamp-27:0
[  416212ms] [WARNING] The resource https://kalshi.com/images/research/mission/calibration.png was preloaded using link preload but not used within a few seconds from the window's load event. Please make sure it has an appropriate `as` value and it is preloaded intentionally. @ https://kalshi.com/markets/kxnflnfcchamp/national-football-conference-champion/kxnflnfcchamp-27:0
[  416212ms] [WARNING] The resource https://kalshi.com/images/research/mission/prediction-accuracy.png was preloaded using link preload but not used within a few seconds from the window's load event. Please make sure it has an appropriate `as` value and it is preloaded intentionally. @ https://kalshi.com/markets/kxnflnfcchamp/national-football-conference-champion/kxnflnfcchamp-27:0
[  416212ms] [WARNING] The resource https://kalshi.com/images/research/mission/real-world-impact.png was preloaded using link preload but not used within a few seconds from the window's load event. Please make sure it has an appropriate `as` value and it is preloaded intentionally. @ https://kalshi.com/markets/kxnflnfcchamp/national-football-conference-champion/kxnflnfcchamp-27:0
[  416212ms] [WARNING] The resource https://kalshi.com/images/research/mission/belief-updating-dynamics.png was preloaded using link preload but not used within a few seconds from the window's load event. Please make sure it has an appropriate `as` value and it is preloaded intentionally. @ https://kalshi.com/markets/kxnflnfcchamp/national-football-conference-champion/kxnflnfcchamp-27:0
[  416212ms] [WARNING] The resource https://kalshi.com/images/research/mission/market-microstructure.png was preloaded using link preload but not used within a few seconds from the window's load event. Please make sure it has an appropriate `as` value and it is preloaded intentionally. @ https://kalshi.com/markets/kxnflnfcchamp/national-football-conference-champion/kxnflnfcchamp-27:0
[  416212ms] [WARNING] The resource https://kalshi.com/images/research/mission/participant-heterogeneity.png was preloaded using link preload but not used within a few seconds from the window's load event. Please make sure it has an appropriate `as` value and it is preloaded intentionally. @ https://kalshi.com/markets/kxnflnfcchamp/national-football-conference-champion/kxnflnfcchamp-27:0
[  417477ms] [ERROR] Failed to load resource: net::ERR_NAME_NOT_RESOLVED @ https://browser-intake-datadoghq.com/api/v2/rum?ddsource=browser&dd-api-key=pub222856fe11852abc3642b1395fac0627&dd-evp-origin-version=7.1.0&dd-evp-origin=browser&dd-request-id=ee0b88fc-7085-47cd-969f-993d5c5f6c86&batch_time=1780921046047&_dd.api=fetch:0
[  421267ms] [ERROR] Failed to load resource: net::ERR_NAME_NOT_RESOLVED @ https://browser-intake-datadoghq.com/api/v2/rum?ddsource=browser&dd-api-key=pub222856fe11852abc3642b1395fac0627&dd-evp-origin-version=7.1.0&dd-evp-origin=browser&dd-request-id=eee6d178-b462-4f96-bb18-c36ce9e040cf&batch_time=1780921049837&_dd.api=fetch:0
[  422329ms] [ERROR] Failed to load resource: net::ERR_NAME_NOT_RESOLVED @ https://browser-intake-datadoghq.com/api/v2/rum?ddsource=browser&dd-api-key=pub222856fe11852abc3642b1395fac0627&dd-evp-origin-version=7.1.0&dd-evp-origin=browser&dd-request-id=c07f10d9-97aa-4308-aaaf-6fe8f50ab78c&batch_time=1780921050899&_dd.api=fetch:0
[  426365ms] [ERROR] Failed to load resource: net::ERR_NAME_NOT_RESOLVED @ https://browser-intake-datadoghq.com/api/v2/rum?ddsource=browser&dd-api-key=pub222856fe11852abc3642b1395fac0627&dd-evp-origin-version=7.1.0&dd-evp-origin=browser&dd-request-id=e7126ac3-4315-4b74-bcaa-7c8d8c948d82&batch_time=1780921054935&_dd.api=fetch:0
[  430413ms] [ERROR] Failed to load resource: net::ERR_NAME_NOT_RESOLVED @ https://browser-intake-datadoghq.com/api/v2/rum?ddsource=browser&dd-api-key=pub222856fe11852abc3642b1395fac0627&dd-evp-origin-version=7.1.0&dd-evp-origin=browser&dd-request-id=d83dabfc-6f1b-4a1b-b0b2-026871526725&batch_time=1780921058983&_dd.api=fetch:0
[  433420ms] [ERROR] Failed to load resource: net::ERR_NAME_NOT_RESOLVED @ https://browser-intake-datadoghq.com/api/v2/rum?ddsource=browser&dd-api-key=pub222856fe11852abc3642b1395fac0627&dd-evp-origin-version=7.1.0&dd-evp-origin=browser&dd-request-id=cdcde685-58dd-4cc3-ac90-6b48578b56d2&batch_time=1780921061990&_dd.api=fetch:0
[  437482ms] [ERROR] Failed to load resource: net::ERR_NAME_NOT_RESOLVED @ https://browser-intake-datadoghq.com/api/v2/rum?ddsource=browser&dd-api-key=pub222856fe11852abc3642b1395fac0627&dd-evp-origin-version=7.1.0&dd-evp-origin=browser&dd-request-id=2d07c0c5-6289-4bc1-9674-d8b2466f0062&batch_time=1780921066040&_dd.api=fetch:0
[  441520ms] [ERROR] Failed to load resource: net::ERR_NAME_NOT_RESOLVED @ https://browser-intake-datadoghq.com/api/v2/rum?ddsource=browser&dd-api-key=pub222856fe11852abc3642b1395fac0627&dd-evp-origin-version=7.1.0&dd-evp-origin=browser&dd-request-id=c8649ddb-429b-425c-83fb-9111cd98d855&batch_time=1780921070090&_dd.api=fetch:0
[  444527ms] [WARNING] The resource https://kalshi.com/images/research/mission/Frame.png was preloaded using link preload but not used within a few seconds from the window's load event. Please make sure it has an appropriate `as` value and it is preloaded intentionally. @ https://kalshi.com/markets/kxnflnfcchamp/national-football-conference-champion/kxnflnfcchamp-27:0
[  444527ms] [WARNING] The resource https://kalshi.com/images/research/mission/calibration.png was preloaded using link preload but not used within a few seconds from the window's load event. Please make sure it has an appropriate `as` value and it is preloaded intentionally. @ https://kalshi.com/markets/kxnflnfcchamp/national-football-conference-champion/kxnflnfcchamp-27:0
[  444527ms] [WARNING] The resource https://kalshi.com/images/research/mission/prediction-accuracy.png was preloaded using link preload but not used within a few seconds from the window's load event. Please make sure it has an appropriate `as` value and it is preloaded intentionally. @ https://kalshi.com/markets/kxnflnfcchamp/national-football-conference-champion/kxnflnfcchamp-27:0
[  444527ms] [WARNING] The resource https://kalshi.com/images/research/mission/real-world-impact.png was preloaded using link preload but not used within a few seconds from the window's load event. Please make sure it has an appropriate `as` value and it is preloaded intentionally. @ https://kalshi.com/markets/kxnflnfcchamp/national-football-conference-champion/kxnflnfcchamp-27:0
[  444527ms] [WARNING] The resource https://kalshi.com/images/research/mission/belief-updating-dynamics.png was preloaded using link preload but not used within a few seconds from the window's load event. Please make sure it has an appropriate `as` value and it is preloaded intentionally. @ https://kalshi.com/markets/kxnflnfcchamp/national-football-conference-champion/kxnflnfcchamp-27:0
[  444527ms] [WARNING] The resource https://kalshi.com/images/research/mission/market-microstructure.png was preloaded using link preload but not used within a few seconds from the window's load event. Please make sure it has an appropriate `as` value and it is preloaded intentionally. @ https://kalshi.com/markets/kxnflnfcchamp/national-football-conference-champion/kxnflnfcchamp-27:0
[  444527ms] [WARNING] The resource https://kalshi.com/images/research/mission/participant-heterogeneity.png was preloaded using link preload but not used within a few seconds from the window's load event. Please make sure it has an appropriate `as` value and it is preloaded intentionally. @ https://kalshi.com/markets/kxnflnfcchamp/national-football-conference-champion/kxnflnfcchamp-27:0
[  445570ms] [ERROR] Failed to load resource: net::ERR_NAME_NOT_RESOLVED @ https://browser-intake-datadoghq.com/api/v2/rum?ddsource=browser&dd-api-key=pub222856fe11852abc3642b1395fac0627&dd-evp-origin-version=7.1.0&dd-evp-origin=browser&dd-request-id=52c8f69f-a638-4b5a-8bec-6ee6e0508db5&batch_time=1780921074140&_dd.api=fetch:0
[  449604ms] [ERROR] Failed to load resource: net::ERR_NAME_NOT_RESOLVED @ https://browser-intake-datadoghq.com/api/v2/rum?ddsource=browser&dd-api-key=pub222856fe11852abc3642b1395fac0627&dd-evp-origin-version=7.1.0&dd-evp-origin=browser&dd-request-id=2f6a1456-bf97-405e-be04-c15c198abf71&batch_time=1780921078173&_dd.api=fetch:0
[  451600ms] [ERROR] Failed to load resource: net::ERR_NAME_NOT_RESOLVED @ https://browser-intake-datadoghq.com/api/v2/rum?ddsource=browser&dd-api-key=pub222856fe11852abc3642b1395fac0627&dd-evp-origin-version=7.1.0&dd-evp-origin=browser&dd-request-id=ea71ee2b-939b-4ac5-99b4-ba896a4d0884&batch_time=1780921080170&_dd.api=fetch:0
[  454232ms] [ERROR] Failed to load resource: net::ERR_NAME_NOT_RESOLVED @ https://browser-intake-datadoghq.com/api/v2/rum?ddsource=browser&dd-api-key=pub222856fe11852abc3642b1395fac0627&dd-evp-origin-version=7.1.0&dd-evp-origin=browser&dd-request-id=a8a39cbb-c3ff-4740-b651-2c0fd7235e99&batch_time=1780921082801&_dd.api=fetch:0
[  457252ms] [ERROR] Failed to load resource: net::ERR_NAME_NOT_RESOLVED @ https://browser-intake-datadoghq.com/api/v2/rum?ddsource=browser&dd-api-key=pub222856fe11852abc3642b1395fac0627&dd-evp-origin-version=7.1.0&dd-evp-origin=browser&dd-request-id=117375ca-12de-417f-9565-947cde99c1d9&batch_time=1780921085822&_dd.api=fetch:0
[  460257ms] [WARNING] The resource https://kalshi.com/images/research/mission/Frame.png was preloaded using link preload but not used within a few seconds from the window's load event. Please make sure it has an appropriate `as` value and it is preloaded intentionally. @ https://kalshi.com/markets/kxnflnfcchamp/national-football-conference-champion/kxnflnfcchamp-27:0
[  460257ms] [WARNING] The resource https://kalshi.com/images/research/mission/calibration.png was preloaded using link preload but not used within a few seconds from the window's load event. Please make sure it has an appropriate `as` value and it is preloaded intentionally. @ https://kalshi.com/markets/kxnflnfcchamp/national-football-conference-champion/kxnflnfcchamp-27:0
[  460257ms] [WARNING] The resource https://kalshi.com/images/research/mission/prediction-accuracy.png was preloaded using link preload but not used within a few seconds from the window's load event. Please make sure it has an appropriate `as` value and it is preloaded intentionally. @ https://kalshi.com/markets/kxnflnfcchamp/national-football-conference-champion/kxnflnfcchamp-27:0
[  460257ms] [WARNING] The resource https://kalshi.com/images/research/mission/real-world-impact.png was preloaded using link preload but not used within a few seconds from the window's load event. Please make sure it has an appropriate `as` value and it is preloaded intentionally. @ https://kalshi.com/markets/kxnflnfcchamp/national-football-conference-champion/kxnflnfcchamp-27:0
[  460257ms] [WARNING] The resource https://kalshi.com/images/research/mission/belief-updating-dynamics.png was preloaded using link preload but not used within a few seconds from the window's load event. Please make sure it has an appropriate `as` value and it is preloaded intentionally. @ https://kalshi.com/markets/kxnflnfcchamp/national-football-conference-champion/kxnflnfcchamp-27:0
[  460257ms] [WARNING] The resource https://kalshi.com/images/research/mission/market-microstructure.png was preloaded using link preload but not used within a few seconds from the window's load event. Please make sure it has an appropriate `as` value and it is preloaded intentionally. @ https://kalshi.com/markets/kxnflnfcchamp/national-football-conference-champion/kxnflnfcchamp-27:0
[  460257ms] [WARNING] The resource https://kalshi.com/images/research/mission/participant-heterogeneity.png was preloaded using link preload but not used within a few seconds from the window's load event. Please make sure it has an appropriate `as` value and it is preloaded intentionally. @ https://kalshi.com/markets/kxnflnfcchamp/national-football-conference-champion/kxnflnfcchamp-27:0
[  461272ms] [ERROR] Failed to load resource: net::ERR_NAME_NOT_RESOLVED @ https://browser-intake-datadoghq.com/api/v2/rum?ddsource=browser&dd-api-key=pub222856fe11852abc3642b1395fac0627&dd-evp-origin-version=7.1.0&dd-evp-origin=browser&dd-request-id=58a4c62c-011a-4c06-829e-f4f7f64aae18&batch_time=1780921089842&_dd.api=fetch:0
[  464313ms] [ERROR] Failed to load resource: net::ERR_NAME_NOT_RESOLVED @ https://browser-intake-datadoghq.com/api/v2/rum?ddsource=browser&dd-api-key=pub222856fe11852abc3642b1395fac0627&dd-evp-origin-version=7.1.0&dd-evp-origin=browser&dd-request-id=495bfe5c-e546-4b39-8f39-e1546fee353b&batch_time=1780921092868&_dd.api=fetch:0
[  468338ms] [ERROR] Failed to load resource: net::ERR_NAME_NOT_RESOLVED @ https://browser-intake-datadoghq.com/api/v2/rum?ddsource=browser&dd-api-key=pub222856fe11852abc3642b1395fac0627&dd-evp-origin-version=7.1.0&dd-evp-origin=browser&dd-request-id=cdfc87f6-d21f-4e5b-9fe0-6f2bfb161bcf&batch_time=1780921096907&_dd.api=fetch:0
[  471384ms] [ERROR] Failed to load resource: net::ERR_NAME_NOT_RESOLVED @ https://browser-intake-datadoghq.com/api/v2/rum?ddsource=browser&dd-api-key=pub222856fe11852abc3642b1395fac0627&dd-evp-origin-version=7.1.0&dd-evp-origin=browser&dd-request-id=4a119d3c-5afd-41f1-87f8-cc7826b0d73f&batch_time=1780921099953&_dd.api=fetch:0
[  475412ms] [ERROR] Failed to load resource: net::ERR_NAME_NOT_RESOLVED @ https://browser-intake-datadoghq.com/api/v2/rum?ddsource=browser&dd-api-key=pub222856fe11852abc3642b1395fac0627&dd-evp-origin-version=7.1.0&dd-evp-origin=browser&dd-request-id=63f6bfd5-073c-4eed-84c5-1f1884c2449d&batch_time=1780921103968&_dd.api=fetch:0
[  479421ms] [ERROR] Failed to load resource: net::ERR_NAME_NOT_RESOLVED @ https://browser-intake-datadoghq.com/api/v2/rum?ddsource=browser&dd-api-key=pub222856fe11852abc3642b1395fac0627&dd-evp-origin-version=7.1.0&dd-evp-origin=browser&dd-request-id=824709db-441c-4b13-b91d-603a96d23bad&batch_time=1780921107991&_dd.api=fetch:0
[  481452ms] [ERROR] Failed to load resource: net::ERR_NAME_NOT_RESOLVED @ https://browser-intake-datadoghq.com/api/v2/rum?ddsource=browser&dd-api-key=pub222856fe11852abc3642b1395fac0627&dd-evp-origin-version=7.1.0&dd-evp-origin=browser&dd-request-id=56095bb7-e604-4d1c-9e08-a7a85a02a51e&batch_time=1780921110022&_dd.api=fetch:0
[  484467ms] [ERROR] Failed to load resource: net::ERR_NAME_NOT_RESOLVED @ https://browser-intake-datadoghq.com/api/v2/rum?ddsource=browser&dd-api-key=pub222856fe11852abc3642b1395fac0627&dd-evp-origin-version=7.1.0&dd-evp-origin=browser&dd-request-id=ac485fa5-f45b-497d-a84b-6349ef8166d8&batch_time=1780921113036&_dd.api=fetch:0
[  487631ms] [ERROR] Failed to load resource: net::ERR_NAME_NOT_RESOLVED @ https://browser-intake-datadoghq.com/api/v2/rum?ddsource=browser&dd-api-key=pub222856fe11852abc3642b1395fac0627&dd-evp-origin-version=7.1.0&dd-evp-origin=browser&dd-request-id=8011490b-fe7b-4036-9d3a-cccd11e78d78&batch_time=1780921116200&_dd.api=fetch:0
[  490651ms] [ERROR] Failed to load resource: net::ERR_NAME_NOT_RESOLVED @ https://browser-intake-datadoghq.com/api/v2/rum?ddsource=browser&dd-api-key=pub222856fe11852abc3642b1395fac0627&dd-evp-origin-version=7.1.0&dd-evp-origin=browser&dd-request-id=01d0c9db-f79c-4e3d-9791-1e8d96f708bf&batch_time=1780921119220&_dd.api=fetch:0
[  493672ms] [ERROR] Failed to load resource: net::ERR_NAME_NOT_RESOLVED @ https://browser-intake-datadoghq.com/api/v2/rum?ddsource=browser&dd-api-key=pub222856fe11852abc3642b1395fac0627&dd-evp-origin-version=7.1.0&dd-evp-origin=browser&dd-request-id=5d31ba9c-a559-40f4-bf1a-4017c5a818a9&batch_time=1780921122241&_dd.api=fetch:0
[  497820ms] [ERROR] Failed to load resource: net::ERR_NAME_NOT_RESOLVED @ https://browser-intake-datadoghq.com/api/v2/rum?ddsource=browser&dd-api-key=pub222856fe11852abc3642b1395fac0627&dd-evp-origin-version=7.1.0&dd-evp-origin=browser&dd-request-id=b5c0b3a2-f3b6-42b4-8df1-7dae6f52bef2&batch_time=1780921126389&_dd.api=fetch:0
[  501749ms] [ERROR] Failed to load resource: net::ERR_NAME_NOT_RESOLVED @ https://browser-intake-datadoghq.com/api/v2/rum?ddsource=browser&dd-api-key=pub222856fe11852abc3642b1395fac0627&dd-evp-origin-version=7.1.0&dd-evp-origin=browser&dd-request-id=88b4e9b6-5e57-4c0a-84c0-9c9b6e06be92&batch_time=1780921130319&_dd.api=fetch:0
[  504636ms] [ERROR] Failed to load resource: net::ERR_NAME_NOT_RESOLVED @ https://browser-intake-datadoghq.com/api/v2/rum?ddsource=browser&dd-api-key=pub222856fe11852abc3642b1395fac0627&dd-evp-origin-version=7.1.0&dd-evp-origin=browser&dd-request-id=4421f61f-c889-4758-9df1-eff216e5bed8&batch_time=1780921133206&_dd.api=fetch:0
[  509707ms] [ERROR] Failed to load resource: net::ERR_NAME_NOT_RESOLVED @ https://browser-intake-datadoghq.com/api/v2/rum?ddsource=browser&dd-api-key=pub222856fe11852abc3642b1395fac0627&dd-evp-origin-version=7.1.0&dd-evp-origin=browser&dd-request-id=a216c241-9f34-4c36-836a-7a7a295d30ba&batch_time=1780921138276&_dd.api=fetch:0
[  511701ms] [ERROR] Failed to load resource: net::ERR_NAME_NOT_RESOLVED @ https://browser-intake-datadoghq.com/api/v2/rum?ddsource=browser&dd-api-key=pub222856fe11852abc3642b1395fac0627&dd-evp-origin-version=7.1.0&dd-evp-origin=browser&dd-request-id=84eefe19-2c6c-4e62-8a1f-0b237c4b083b&batch_time=1780921140271&_dd.api=fetch:0
