[      -1ms] [ERROR] Failed to load resource: the server responded with a status of 429 () @ https://kalshi.com/markets/kxwcgroupqual/world-cup-group-qualifiers/kxwcgroupqual-26c?op_market_ticker=KXWCGROUPQUAL-26C-HTI&op_order_side=no:0
[     353ms] [ERROR] Failed to load resource: the server responded with a status of 429 () @ https://kalshi.com/favicon.ico:0
[    1648ms] [LOG] Error @ https://kalshi.com/.well-known/vercel/security/static/challenge.v2.min.js:0
[   39371ms] [ERROR] Failed to load resource: net::ERR_CONNECTION_RESET @ https://kalshi.com/_next/static/media/GraphikCompact_Medium_Web-s.p.06_bwjp-c.rtq.woff2?dpl=dpl_7dWU2t55wxyR9wVLtpgDJNykXJtb:0
[   50690ms] [ERROR] Failed to load resource: net::ERR_NETWORK_CHANGED @ https://kalshi.com/_next/static/chunks/09f5hhqn456~4.css?dpl=dpl_7dWU2t55wxyR9wVLtpgDJNykXJtb:0
[   50693ms] [ERROR] Failed to load resource: net::ERR_NETWORK_CHANGED @ https://kalshi.com/_next/static/chunks/0.1ebuh3nnen5.css?dpl=dpl_7dWU2t55wxyR9wVLtpgDJNykXJtb:0
[   50693ms] [ERROR] Failed to load resource: net::ERR_NETWORK_CHANGED @ https://kalshi.com/_next/static/chunks/0ji.9314.gi5..css?dpl=dpl_7dWU2t55wxyR9wVLtpgDJNykXJtb:0
[   50693ms] [ERROR] Failed to load resource: net::ERR_NETWORK_CHANGED @ https://kalshi.com/_next/static/media/GraphikWide_SuperItalic_Web-s.p.0qkug4y44vz1l.woff2?dpl=dpl_7dWU2t55wxyR9wVLtpgDJNykXJtb:0
[   50693ms] [ERROR] Failed to load resource: net::ERR_NETWORK_CHANGED @ https://kalshi.com/_next/static/media/KalshiSansCondensed_BoldItalic_Web-s.p.0zvp0by~l-umi.woff2?dpl=dpl_7dWU2t55wxyR9wVLtpgDJNykXJtb:0
[   50693ms] [ERROR] Failed to load resource: net::ERR_NETWORK_CHANGED @ https://kalshi.com/_next/static/media/KalshiSansCondensed_Bold_Web-s.p.11i~vtbs~hqkm.woff2?dpl=dpl_7dWU2t55wxyR9wVLtpgDJNykXJtb:0
[   50693ms] [ERROR] Failed to load resource: net::ERR_NETWORK_CHANGED @ https://kalshi.com/_next/static/media/KalshiSansCondensed_LightItalic_Web-s.p.0uiv1p7y9x6bp.woff2?dpl=dpl_7dWU2t55wxyR9wVLtpgDJNykXJtb:0
[   50693ms] [ERROR] Failed to load resource: net::ERR_NETWORK_CHANGED @ https://kalshi.com/_next/static/media/KalshiSansCondensed_Light_Web-s.p.0a11cv_crm851.woff2?dpl=dpl_7dWU2t55wxyR9wVLtpgDJNykXJtb:0
[   50693ms] [ERROR] Failed to load resource: net::ERR_NETWORK_CHANGED @ https://kalshi.com/_next/static/media/KalshiSansCondensed_MediumItalic_Web-s.p.12yl61_e7awsa.woff2?dpl=dpl_7dWU2t55wxyR9wVLtpgDJNykXJtb:0
[   50693ms] [ERROR] Failed to load resource: net::ERR_NETWORK_CHANGED @ https://kalshi.com/_next/static/media/KalshiSansCondensed_Medium_Web-s.p.05~9gu-o03rpo.woff2?dpl=dpl_7dWU2t55wxyR9wVLtpgDJNykXJtb:0
[   50693ms] [ERROR] Failed to load resource: net::ERR_NETWORK_CHANGED @ https://kalshi.com/_next/static/media/KalshiSansCondensed_RegularItalic_Web-s.p.0bkrhk6.7swl7.woff2?dpl=dpl_7dWU2t55wxyR9wVLtpgDJNykXJtb:0
[   50693ms] [ERROR] Failed to load resource: net::ERR_NETWORK_CHANGED @ https://kalshi.com/_next/static/media/KalshiSansCondensed_Regular_Web-s.p.0qqcr3.2g7n.e.woff2?dpl=dpl_7dWU2t55wxyR9wVLtpgDJNykXJtb:0
[   50693ms] [ERROR] Failed to load resource: net::ERR_NETWORK_CHANGED @ https://kalshi.com/_next/static/media/KalshiSansCondensed_SemiboldItalic_Web-s.p.16qouwhb900it.woff2?dpl=dpl_7dWU2t55wxyR9wVLtpgDJNykXJtb:0
[   50693ms] [ERROR] Failed to load resource: net::ERR_NETWORK_CHANGED @ https://kalshi.com/_next/static/media/KalshiSansCondensed_Semibold_Web-s.p.17o7hbukk8390.woff2?dpl=dpl_7dWU2t55wxyR9wVLtpgDJNykXJtb:0
[   50694ms] [ERROR] Failed to load resource: net::ERR_NETWORK_CHANGED @ https://kalshi.com/_next/static/media/KalshiSans_BoldItalic_Web-s.p.0fdppa0h1zxqz.woff2?dpl=dpl_7dWU2t55wxyR9wVLtpgDJNykXJtb:0
[   50694ms] [ERROR] Failed to load resource: net::ERR_NETWORK_CHANGED @ https://kalshi.com/_next/static/media/KalshiSans_Bold_Web-s.p.0dhxbf369u_i_.woff2?dpl=dpl_7dWU2t55wxyR9wVLtpgDJNykXJtb:0
[   50694ms] [ERROR] Failed to load resource: net::ERR_NETWORK_CHANGED @ https://kalshi.com/_next/static/media/KalshiSans_LightItalic_Web-s.p.0sk54av.j5r~b.woff2?dpl=dpl_7dWU2t55wxyR9wVLtpgDJNykXJtb:0
[   50694ms] [ERROR] Failed to load resource: net::ERR_NETWORK_CHANGED @ https://kalshi.com/_next/static/media/KalshiSans_Light_Web-s.p.16jwpeqe0voa0.woff2?dpl=dpl_7dWU2t55wxyR9wVLtpgDJNykXJtb:0
[   50694ms] [ERROR] Failed to load resource: net::ERR_NETWORK_CHANGED @ https://kalshi.com/_next/static/media/KalshiSans_MediumItalic_Web-s.p.0dn4aa~ftsxe6.woff2?dpl=dpl_7dWU2t55wxyR9wVLtpgDJNykXJtb:0
[   50694ms] [ERROR] Failed to load resource: net::ERR_NETWORK_CHANGED @ https://kalshi.com/_next/static/media/KalshiSans_Medium_Web-s.p.02f8udn4nj8mn.woff2?dpl=dpl_7dWU2t55wxyR9wVLtpgDJNykXJtb:0
[   50694ms] [ERROR] Failed to load resource: net::ERR_NETWORK_CHANGED @ https://kalshi.com/_next/static/media/KalshiSans_RegularItalic_Web-s.p.04f03haecflw0.woff2?dpl=dpl_7dWU2t55wxyR9wVLtpgDJNykXJtb:0
[   50694ms] [ERROR] Failed to load resource: net::ERR_NETWORK_CHANGED @ https://kalshi.com/_next/static/media/KalshiSans_Regular_Web-s.p.0r82ptah6p3ls.woff2?dpl=dpl_7dWU2t55wxyR9wVLtpgDJNykXJtb:0
[   50694ms] [ERROR] Failed to load resource: net::ERR_NETWORK_CHANGED @ https://kalshi.com/_next/static/media/KalshiSans_SemiboldItalic_Web-s.p.09r8es0ks7tpv.woff2?dpl=dpl_7dWU2t55wxyR9wVLtpgDJNykXJtb:0
[   50694ms] [ERROR] Failed to load resource: net::ERR_NETWORK_CHANGED @ https://kalshi.com/_next/static/media/KalshiSans_Semibold_Web-s.p.0s771cx~4v2hz.woff2?dpl=dpl_7dWU2t55wxyR9wVLtpgDJNykXJtb:0
[   50694ms] [ERROR] Failed to load resource: net::ERR_NETWORK_CHANGED @ https://kalshi.com/_next/static/media/OOTheran_Light-s.p.0p4zpjgmr1zfr.woff2?dpl=dpl_7dWU2t55wxyR9wVLtpgDJNykXJtb:0
[   50694ms] [ERROR] Failed to load resource: net::ERR_NETWORK_CHANGED @ https://kalshi.com/_next/image?url=%2Fcdn-images%2Foverride_images%2FSoccer-ClubWCGC.webp&w=256&q=80&dpl=dpl_7dWU2t55wxyR9wVLtpgDJNykXJtb:0
[   50694ms] [ERROR] Failed to load resource: net::ERR_NETWORK_CHANGED @ https://kalshi.com/js/vendors/twitter.js:0
[ 3772021ms] [ERROR] Failed to load resource: the server responded with a status of 429 () @ https://kalshi.com/markets/kxwcgroupqual/world-cup-group-qualifiers/kxwcgroupqual-26c?op_market_ticker=KXWCGROUPQUAL-26C-HTI&op_order_side=no:0
[ 3773108ms] [ERROR] Failed to load resource: the server responded with a status of 429 () @ https://kalshi.com/favicon.ico:0
[ 3773669ms] [LOG] Error @ https://kalshi.com/.well-known/vercel/security/static/challenge.v2.min.js:0
[ 3781903ms] [WARNING] [WEBSOCKETS] - Subscribing {params: Object, subscriber: bound wsHandlePosition} @ https://kalshi.com/_next/static/chunks/0q~3w5mbasf3y.js?dpl=dpl_7dWU2t55wxyR9wVLtpgDJNykXJtb:3
[ 3781908ms] [WARNING] [WEBSOCKETS] - Subscribing {params: Object, subscriber: bound queueWsHandleTicker} @ https://kalshi.com/_next/static/chunks/0q~3w5mbasf3y.js?dpl=dpl_7dWU2t55wxyR9wVLtpgDJNykXJtb:3
[ 3781909ms] [WARNING] [WEBSOCKETS] - Subscribing {params: Object, subscriber: bound wsHandleLifecycle} @ https://kalshi.com/_next/static/chunks/0q~3w5mbasf3y.js?dpl=dpl_7dWU2t55wxyR9wVLtpgDJNykXJtb:3
[ 3781932ms] [ERROR] Failed to load resource: net::ERR_NAME_NOT_RESOLVED @ https://cdn.lr-ingest.io/logger-1.min.js:0
[ 3781933ms] [ERROR] Failed to load resource: net::ERR_NAME_NOT_RESOLVED @ https://sr-client-cfg.amplitude.com/config/a80cc4d021d62947ce3cd389ec3f7e2d?config_group=browser:0
[ 3782049ms] [WARNING] LogRocket: script could not load. Check that you have a valid network connection. @ https://kalshi.com/_next/static/chunks/0q~3w5mbasf3y.js?dpl=dpl_7dWU2t55wxyR9wVLtpgDJNykXJtb:3
[ 3782126ms] [ERROR] Failed to load resource: net::ERR_NAME_NOT_RESOLVED @ https://sr-client-cfg.amplitude.com/config/a80cc4d021d62947ce3cd389ec3f7e2d?config_group=browser:0
[ 3782130ms] [ERROR] Failed to load resource: net::ERR_NAME_NOT_RESOLVED @ https://wa.onelink.me/v1/onelink:0
[ 3782147ms] [ERROR] Failed to load resource: net::ERR_NAME_NOT_RESOLVED @ https://api.sprig.com/sdk/1/environments/iOWjIVsDOPhw/config:0
[ 3782424ms] [ERROR] Failed to load resource: net::ERR_NAME_NOT_RESOLVED @ https://sr-client-cfg.amplitude.com/config/a80cc4d021d62947ce3cd389ec3f7e2d?config_group=browser:0
[ 3782475ms] [ERROR] Failed to load resource: net::ERR_NAME_NOT_RESOLVED @ https://sr-client-cfg.amplitude.com/config/a80cc4d021d62947ce3cd389ec3f7e2d?config_group=browser:0
[ 3784331ms] Error: Minified React error #418; visit https://react.dev/errors/418?args[]=HTML&args[]= for the full message or use the non-minified dev environment for full errors and additional helpful warnings.
    at rX (https://kalshi.com/_next/static/chunks/0i16ot124v9.5.js?dpl=dpl_7dWU2t55wxyR9wVLtpgDJNykXJtb:1:45266)
    at iu (https://kalshi.com/_next/static/chunks/0i16ot124v9.5.js?dpl=dpl_7dWU2t55wxyR9wVLtpgDJNykXJtb:1:96307)
    at sd (https://kalshi.com/_next/static/chunks/0i16ot124v9.5.js?dpl=dpl_7dWU2t55wxyR9wVLtpgDJNykXJtb:1:136997)
    at https://kalshi.com/_next/static/chunks/0i16ot124v9.5.js?dpl=dpl_7dWU2t55wxyR9wVLtpgDJNykXJtb:1:136842
    at sf (https://kalshi.com/_next/static/chunks/0i16ot124v9.5.js?dpl=dpl_7dWU2t55wxyR9wVLtpgDJNykXJtb:1:136850)
    at se (https://kalshi.com/_next/static/chunks/0i16ot124v9.5.js?dpl=dpl_7dWU2t55wxyR9wVLtpgDJNykXJtb:1:131990)
    at sW (https://kalshi.com/_next/static/chunks/0i16ot124v9.5.js?dpl=dpl_7dWU2t55wxyR9wVLtpgDJNykXJtb:1:158669)
    at sU (https://kalshi.com/_next/static/chunks/0i16ot124v9.5.js?dpl=dpl_7dWU2t55wxyR9wVLtpgDJNykXJtb:1:156883)
    at sH (https://kalshi.com/_next/static/chunks/0i16ot124v9.5.js?dpl=dpl_7dWU2t55wxyR9wVLtpgDJNykXJtb:1:157227)
    at https://kalshi.com/_next/static/chunks/0i16ot124v9.5.js?dpl=dpl_7dWU2t55wxyR9wVLtpgDJNykXJtb:1:156512
[ 3784347ms] [WARNING] [WEBSOCKETS] - Subscribing {params: Object, subscriber: bound queueWsHandleTicker} @ https://kalshi.com/_next/static/chunks/0q~3w5mbasf3y.js?dpl=dpl_7dWU2t55wxyR9wVLtpgDJNykXJtb:3
[ 3784348ms] [WARNING] [WEBSOCKETS] - Found existing subscription {match: Object, subscription: Object} @ https://kalshi.com/_next/static/chunks/0q~3w5mbasf3y.js?dpl=dpl_7dWU2t55wxyR9wVLtpgDJNykXJtb:3
[ 3784348ms] [WARNING] [WEBSOCKETS] - Subscribing {params: Object, subscriber: bound wsHandleLifecycle} @ https://kalshi.com/_next/static/chunks/0q~3w5mbasf3y.js?dpl=dpl_7dWU2t55wxyR9wVLtpgDJNykXJtb:3
[ 3784349ms] [WARNING] [WEBSOCKETS] - Found existing subscription {match: Object, subscription: Object} @ https://kalshi.com/_next/static/chunks/0q~3w5mbasf3y.js?dpl=dpl_7dWU2t55wxyR9wVLtpgDJNykXJtb:3
[ 3785761ms] [ERROR] Failed to load resource: net::ERR_NAME_NOT_RESOLVED @ https://sr-client-cfg.amplitude.com/config/a80cc4d021d62947ce3cd389ec3f7e2d?config_group=browser:0
[ 3785762ms] [ERROR] Failed to load resource: net::ERR_NAME_NOT_RESOLVED @ https://api.sprig.com/sdk/1/environments/iOWjIVsDOPhw/config:0
[ 3786392ms] [ERROR] Access to fetch at 'https://ai-summary.kalshi.co/timeline-points?event_id=KXWCGROUPQUAL-26C&market_ticker=KXWCGROUPQUAL-26C-MAR&market_ticker=KXWCGROUPQUAL-26C-SCO' from origin 'https://kalshi.com' has been blocked by CORS policy: No 'Access-Control-Allow-Origin' header is present on the requested resource. @ https://kalshi.com/markets/kxwcgroupqual/world-cup-group-qualifiers/kxwcgroupqual-26c?op_market_ticker=KXWCGROUPQUAL-26C-SCO&op_order_side=no:0
[ 3786392ms] [ERROR] Failed to load resource: net::ERR_FAILED @ https://ai-summary.kalshi.co/timeline-points?event_id=KXWCGROUPQUAL-26C&market_ticker=KXWCGROUPQUAL-26C-MAR&market_ticker=KXWCGROUPQUAL-26C-SCO:0
[ 3786393ms] [LOG] Failed to fetch timeline points: TypeError: Failed to fetch @ https://kalshi.com/_next/static/chunks/0q~3w5mbasf3y.js?dpl=dpl_7dWU2t55wxyR9wVLtpgDJNykXJtb:3
[ 3786593ms] [ERROR] Failed to load resource: net::ERR_NAME_NOT_RESOLVED @ https://sr-client-cfg.amplitude.com/config/a80cc4d021d62947ce3cd389ec3f7e2d?config_group=browser:0
[ 3787152ms] [ERROR] Failed to load resource: net::ERR_NAME_NOT_RESOLVED @ https://wa.appsflyersdk.com/events?site-id=website-kalshi.com:0
[ 3789069ms] [ERROR] Failed to load resource: net::ERR_NAME_NOT_RESOLVED @ https://api.sprig.com/sdk/1/environments/iOWjIVsDOPhw/config:0
[ 3789166ms] [ERROR] Failed to load resource: net::ERR_NAME_NOT_RESOLVED @ https://api2.amplitude.com/2/httpapi:0
[ 3790511ms] [LOG] datadog init config.commitRef f8228cdb35c8fbc8258f4b28a9662e6eec7b3b20 @ https://kalshi.com/_next/static/chunks/0q~3w5mbasf3y.js?dpl=dpl_7dWU2t55wxyR9wVLtpgDJNykXJtb:3
[ 3790573ms] [WARNING] [Meta Pixel] - Duplicate Pixel ID: 1537332917135729. @ https://kalshi.com/_next/static/chunks/0q~3w5mbasf3y.js?dpl=dpl_7dWU2t55wxyR9wVLtpgDJNykXJtb:3
[ 3790576ms] [ERROR] Failed to load resource: net::ERR_NAME_NOT_RESOLVED @ https://www.googletagmanager.com/gtm.js?id=GTM-NP66QTXD:0
[ 3790677ms] [ERROR] Failed to load resource: net::ERR_NAME_NOT_RESOLVED @ https://beacon.riskified.com/?shop=kalshi.com_ach&sid=e38df8b8-27f2-4655-9335-5b56dda1a507:0
[ 3790846ms] [ERROR] Failed to load resource: net::ERR_NAME_NOT_RESOLVED @ https://browser-intake-datadoghq.com/api/v2/rum?ddsource=browser&dd-api-key=pub222856fe11852abc3642b1395fac0627&dd-evp-origin-version=7.1.0&dd-evp-origin=browser&dd-request-id=1252dc8e-581e-451b-ab9a-a56119bbe301&batch_time=1781698576280&_dd.api=fetch:0
[ 3790908ms] [ERROR] Failed to load resource: net::ERR_NAME_NOT_RESOLVED @ https://browser-intake-datadoghq.com/api/v2/rum?ddsource=browser&dd-api-key=pub222856fe11852abc3642b1395fac0627&dd-evp-origin-version=7.1.0&dd-evp-origin=browser&dd-request-id=961a767a-2f5c-4cb1-b97c-b382d6d7c1fe&batch_time=1781698576293&_dd.api=fetch:0
[ 3790908ms] [ERROR] Failed to load resource: net::ERR_NAME_NOT_RESOLVED @ https://browser-intake-datadoghq.com/api/v2/rum?ddsource=browser&dd-api-key=pub222856fe11852abc3642b1395fac0627&dd-evp-origin-version=7.1.0&dd-evp-origin=browser&dd-request-id=1bad9a50-0e33-4791-998e-bea44754d3b3&batch_time=1781698576295&_dd.api=fetch:0
[ 3790908ms] [ERROR] Failed to load resource: net::ERR_NAME_NOT_RESOLVED @ https://browser-intake-datadoghq.com/api/v2/rum?ddsource=browser&dd-api-key=pub222856fe11852abc3642b1395fac0627&dd-evp-origin-version=7.1.0&dd-evp-origin=browser&dd-request-id=ccf313c1-a82b-49c8-ad20-a2a751cb266a&batch_time=1781698576318&_dd.api=fetch:0
[ 3790909ms] [ERROR] Failed to load resource: net::ERR_NAME_NOT_RESOLVED @ https://browser-intake-datadoghq.com/api/v2/rum?ddsource=browser&dd-api-key=pub222856fe11852abc3642b1395fac0627&dd-evp-origin-version=7.1.0&dd-evp-origin=browser&dd-request-id=3cb52bee-f5d6-473c-a27a-18c6d1fa1951&batch_time=1781698576320&_dd.api=fetch:0
[ 3792192ms] [ERROR] Failed to load resource: net::ERR_NAME_NOT_RESOLVED @ https://browser-intake-datadoghq.com/api/v2/rum?ddsource=browser&dd-api-key=pub222856fe11852abc3642b1395fac0627&dd-evp-origin-version=7.1.0&dd-evp-origin=browser&dd-request-id=2d001256-61b1-4dda-bf1a-9bf8693af658&batch_time=1781698577498&_dd.api=fetch:0
[ 3792376ms] [ERROR] Failed to load resource: net::ERR_NAME_NOT_RESOLVED @ https://browser-intake-datadoghq.com/api/v2/rum?ddsource=browser&dd-api-key=pub222856fe11852abc3642b1395fac0627&dd-evp-origin-version=7.1.0&dd-evp-origin=browser&dd-request-id=53e93f7d-bf93-46ff-9d99-cdb6e90829ca&batch_time=1781698577500&_dd.api=fetch:0
[ 3792377ms] [ERROR] Failed to load resource: net::ERR_NAME_NOT_RESOLVED @ https://browser-intake-datadoghq.com/api/v2/rum?ddsource=browser&dd-api-key=pub222856fe11852abc3642b1395fac0627&dd-evp-origin-version=7.1.0&dd-evp-origin=browser&dd-request-id=05a4e078-09c1-4107-b978-65a20dd1dbef&batch_time=1781698577502&_dd.api=fetch:0
[ 3792378ms] [ERROR] Failed to load resource: net::ERR_NAME_NOT_RESOLVED @ https://browser-intake-datadoghq.com/api/v2/rum?ddsource=browser&dd-api-key=pub222856fe11852abc3642b1395fac0627&dd-evp-origin-version=7.1.0&dd-evp-origin=browser&dd-request-id=122374c7-fffd-4791-94f2-a63eec29a582&batch_time=1781698577503&_dd.api=fetch:0
[ 3792379ms] [ERROR] Failed to load resource: net::ERR_NAME_NOT_RESOLVED @ https://browser-intake-datadoghq.com/api/v2/rum?ddsource=browser&dd-api-key=pub222856fe11852abc3642b1395fac0627&dd-evp-origin-version=7.1.0&dd-evp-origin=browser&dd-request-id=92e5e2df-db7a-4bc4-a6a7-d34418e308d4&batch_time=1781698577505&_dd.api=fetch:0
[ 3792385ms] [WARNING] The resource https://kalshi.com/images/research/mission/Frame.png was preloaded using link preload but not used within a few seconds from the window's load event. Please make sure it has an appropriate `as` value and it is preloaded intentionally. @ https://kalshi.com/markets/kxwcgroupqual/world-cup-group-qualifiers/kxwcgroupqual-26c?op_market_ticker=KXWCGROUPQUAL-26C-SCO&op_order_side=no:0
[ 3792385ms] [WARNING] The resource https://kalshi.com/images/research/mission/calibration.png was preloaded using link preload but not used within a few seconds from the window's load event. Please make sure it has an appropriate `as` value and it is preloaded intentionally. @ https://kalshi.com/markets/kxwcgroupqual/world-cup-group-qualifiers/kxwcgroupqual-26c?op_market_ticker=KXWCGROUPQUAL-26C-SCO&op_order_side=no:0
[ 3792385ms] [WARNING] The resource https://kalshi.com/images/research/mission/prediction-accuracy.png was preloaded using link preload but not used within a few seconds from the window's load event. Please make sure it has an appropriate `as` value and it is preloaded intentionally. @ https://kalshi.com/markets/kxwcgroupqual/world-cup-group-qualifiers/kxwcgroupqual-26c?op_market_ticker=KXWCGROUPQUAL-26C-SCO&op_order_side=no:0
[ 3792385ms] [WARNING] The resource https://kalshi.com/images/research/mission/real-world-impact.png was preloaded using link preload but not used within a few seconds from the window's load event. Please make sure it has an appropriate `as` value and it is preloaded intentionally. @ https://kalshi.com/markets/kxwcgroupqual/world-cup-group-qualifiers/kxwcgroupqual-26c?op_market_ticker=KXWCGROUPQUAL-26C-SCO&op_order_side=no:0
[ 3792385ms] [WARNING] The resource https://kalshi.com/images/research/mission/belief-updating-dynamics.png was preloaded using link preload but not used within a few seconds from the window's load event. Please make sure it has an appropriate `as` value and it is preloaded intentionally. @ https://kalshi.com/markets/kxwcgroupqual/world-cup-group-qualifiers/kxwcgroupqual-26c?op_market_ticker=KXWCGROUPQUAL-26C-SCO&op_order_side=no:0
[ 3792385ms] [WARNING] The resource https://kalshi.com/images/research/mission/market-microstructure.png was preloaded using link preload but not used within a few seconds from the window's load event. Please make sure it has an appropriate `as` value and it is preloaded intentionally. @ https://kalshi.com/markets/kxwcgroupqual/world-cup-group-qualifiers/kxwcgroupqual-26c?op_market_ticker=KXWCGROUPQUAL-26C-SCO&op_order_side=no:0
[ 3792385ms] [WARNING] The resource https://kalshi.com/images/research/mission/participant-heterogeneity.png was preloaded using link preload but not used within a few seconds from the window's load event. Please make sure it has an appropriate `as` value and it is preloaded intentionally. @ https://kalshi.com/markets/kxwcgroupqual/world-cup-group-qualifiers/kxwcgroupqual-26c?op_market_ticker=KXWCGROUPQUAL-26C-SCO&op_order_side=no:0
[ 3792394ms] [ERROR] Failed to load resource: net::ERR_NAME_NOT_RESOLVED @ https://browser-intake-datadoghq.com/api/v2/rum?ddsource=browser&dd-api-key=pub222856fe11852abc3642b1395fac0627&dd-evp-origin-version=7.1.0&dd-evp-origin=browser&dd-request-id=2161f863-3975-40a4-8c23-a65f83f1e9d1&batch_time=1781698577681&_dd.api=fetch:0
[ 3792395ms] [ERROR] Failed to load resource: net::ERR_NAME_NOT_RESOLVED @ https://browser-intake-datadoghq.com/api/v2/rum?ddsource=browser&dd-api-key=pub222856fe11852abc3642b1395fac0627&dd-evp-origin-version=7.1.0&dd-evp-origin=browser&dd-request-id=8b529b56-ed16-4ad5-8914-f2c42643e86b&batch_time=1781698577865&_dd.api=fetch:0
[ 3792414ms] [ERROR] Failed to load resource: net::ERR_NAME_NOT_RESOLVED @ https://browser-intake-datadoghq.com/api/v2/rum?ddsource=browser&dd-api-key=pub222856fe11852abc3642b1395fac0627&dd-evp-origin-version=7.1.0&dd-evp-origin=browser&dd-request-id=a45e7d28-b22e-42f2-b256-17f3688165dc&batch_time=1781698577866&_dd.api=fetch:0
[ 3792440ms] [ERROR] Failed to load resource: net::ERR_NAME_NOT_RESOLVED @ https://browser-intake-datadoghq.com/api/v2/rum?ddsource=browser&dd-api-key=pub222856fe11852abc3642b1395fac0627&dd-evp-origin-version=7.1.0&dd-evp-origin=browser&dd-request-id=130f6e99-f93f-4080-a6d8-b25eb67a505d&batch_time=1781698577867&_dd.api=fetch:0
[ 3792474ms] [ERROR] Failed to load resource: net::ERR_NAME_NOT_RESOLVED @ https://browser-intake-datadoghq.com/api/v2/rum?ddsource=browser&dd-api-key=pub222856fe11852abc3642b1395fac0627&dd-evp-origin-version=7.1.0&dd-evp-origin=browser&dd-request-id=a34ec01b-bf12-455a-bd09-97aa3e9b0ff4&batch_time=1781698577868&_dd.api=fetch:0
[ 3792580ms] [ERROR] Failed to load resource: net::ERR_NAME_NOT_RESOLVED @ https://browser-intake-datadoghq.com/api/v2/rum?ddsource=browser&dd-api-key=pub222856fe11852abc3642b1395fac0627&dd-evp-origin-version=7.1.0&dd-evp-origin=browser&dd-request-id=b1f9a335-3ce0-4df8-8ba5-1697823af229&batch_time=1781698577882&_dd.api=fetch:0
[ 3792601ms] [ERROR] Failed to load resource: net::ERR_NAME_NOT_RESOLVED @ https://browser-intake-datadoghq.com/api/v2/rum?ddsource=browser&dd-api-key=pub222856fe11852abc3642b1395fac0627&dd-evp-origin-version=7.1.0&dd-evp-origin=browser&dd-request-id=af801c46-f3d2-4858-afb7-52e7d4b94428&batch_time=1781698577883&_dd.api=fetch:0
[ 3792605ms] [ERROR] Failed to load resource: net::ERR_NAME_NOT_RESOLVED @ https://browser-intake-datadoghq.com/api/v2/rum?ddsource=browser&dd-api-key=pub222856fe11852abc3642b1395fac0627&dd-evp-origin-version=7.1.0&dd-evp-origin=browser&dd-request-id=80130aad-e0b7-412d-88d6-48760962a4ae&batch_time=1781698577906&_dd.api=fetch:0
[ 3792608ms] [ERROR] Failed to load resource: net::ERR_NAME_NOT_RESOLVED @ https://browser-intake-datadoghq.com/api/v2/rum?ddsource=browser&dd-api-key=pub222856fe11852abc3642b1395fac0627&dd-evp-origin-version=7.1.0&dd-evp-origin=browser&dd-request-id=dfec364f-1c38-442d-8229-cb1442c52e81&batch_time=1781698577929&_dd.api=fetch:0
[ 3792627ms] [ERROR] Failed to load resource: net::ERR_NAME_NOT_RESOLVED @ https://browser-intake-datadoghq.com/api/v2/rum?ddsource=browser&dd-api-key=pub222856fe11852abc3642b1395fac0627&dd-evp-origin-version=7.1.0&dd-evp-origin=browser&dd-request-id=319dbaae-86bd-4c5d-a04a-bd0262237964&batch_time=1781698577973&_dd.api=fetch:0
[ 3792649ms] [ERROR] Failed to load resource: net::ERR_NAME_NOT_RESOLVED @ https://browser-intake-datadoghq.com/api/v2/rum?ddsource=browser&dd-api-key=pub222856fe11852abc3642b1395fac0627&dd-evp-origin-version=7.1.0&dd-evp-origin=browser&dd-request-id=9a690ad3-6767-4f5f-8168-b4df9028d483&batch_time=1781698578069&_dd.api=fetch:0
[ 3792650ms] [ERROR] Failed to load resource: net::ERR_NAME_NOT_RESOLVED @ https://browser-intake-datadoghq.com/api/v2/rum?ddsource=browser&dd-api-key=pub222856fe11852abc3642b1395fac0627&dd-evp-origin-version=7.1.0&dd-evp-origin=browser&dd-request-id=addff943-d5bc-4089-81f4-03e65a13f7ea&batch_time=1781698578092&_dd.api=fetch:0
[ 3792651ms] [ERROR] Failed to load resource: net::ERR_NAME_NOT_RESOLVED @ https://browser-intake-datadoghq.com/api/v2/rum?ddsource=browser&dd-api-key=pub222856fe11852abc3642b1395fac0627&dd-evp-origin-version=7.1.0&dd-evp-origin=browser&dd-request-id=7673b924-e4df-4e53-aff2-d1d4656de607&batch_time=1781698578094&_dd.api=fetch:0
[ 3792654ms] [ERROR] Failed to load resource: net::ERR_NAME_NOT_RESOLVED @ https://browser-intake-datadoghq.com/api/v2/rum?ddsource=browser&dd-api-key=pub222856fe11852abc3642b1395fac0627&dd-evp-origin-version=7.1.0&dd-evp-origin=browser&dd-request-id=632ae9b7-0b0f-4171-a69d-b5bd0d0486f5&batch_time=1781698578097&_dd.api=fetch:0
[ 3793089ms] [ERROR] Failed to load resource: net::ERR_NAME_NOT_RESOLVED @ https://browser-intake-datadoghq.com/api/v2/rum?ddsource=browser&dd-api-key=pub222856fe11852abc3642b1395fac0627&dd-evp-origin-version=7.1.0&dd-evp-origin=browser&dd-request-id=f2bbbf2a-ea11-47dd-a3ae-6ae4ac16dc5a&batch_time=1781698578541&_dd.api=fetch:0
[ 3793090ms] [ERROR] Failed to load resource: net::ERR_NAME_NOT_RESOLVED @ https://browser-intake-datadoghq.com/api/v2/rum?ddsource=browser&dd-api-key=pub222856fe11852abc3642b1395fac0627&dd-evp-origin-version=7.1.0&dd-evp-origin=browser&dd-request-id=aef19f6a-ec32-4dd0-98a8-e6a77291f47d&batch_time=1781698578565&_dd.api=fetch:0
[ 3793091ms] [ERROR] Failed to load resource: net::ERR_NAME_NOT_RESOLVED @ https://api.sprig.com/sdk/1/environments/iOWjIVsDOPhw/config:0
[ 3793259ms] [ERROR] Failed to load resource: net::ERR_NAME_NOT_RESOLVED @ https://browser-intake-datadoghq.com/api/v2/rum?ddsource=browser&dd-api-key=pub222856fe11852abc3642b1395fac0627&dd-evp-origin-version=7.1.0&dd-evp-origin=browser&dd-request-id=b543c248-467b-413e-b5ca-97914c308f8d&batch_time=1781698578649&_dd.api=fetch:0
[ 3793281ms] [ERROR] Failed to load resource: net::ERR_NAME_NOT_RESOLVED @ https://browser-intake-datadoghq.com/api/v2/rum?ddsource=browser&dd-api-key=pub222856fe11852abc3642b1395fac0627&dd-evp-origin-version=7.1.0&dd-evp-origin=browser&dd-request-id=94e04b72-440c-46db-935a-5010ef166cbf&batch_time=1781698578651&_dd.api=fetch:0
[ 3793282ms] [ERROR] Failed to load resource: net::ERR_NAME_NOT_RESOLVED @ https://browser-intake-datadoghq.com/api/v2/rum?ddsource=browser&dd-api-key=pub222856fe11852abc3642b1395fac0627&dd-evp-origin-version=7.1.0&dd-evp-origin=browser&dd-request-id=b57c06e1-e807-42aa-b554-2fffa44fda02&batch_time=1781698578653&_dd.api=fetch:0
[ 3793305ms] [ERROR] Failed to load resource: net::ERR_NAME_NOT_RESOLVED @ https://browser-intake-datadoghq.com/api/v2/rum?ddsource=browser&dd-api-key=pub222856fe11852abc3642b1395fac0627&dd-evp-origin-version=7.1.0&dd-evp-origin=browser&dd-request-id=a301ed52-641e-4441-90e6-025fbf0b7350&batch_time=1781698578654&_dd.api=fetch:0
[ 3793305ms] [ERROR] Failed to load resource: net::ERR_NAME_NOT_RESOLVED @ https://browser-intake-datadoghq.com/api/v2/rum?ddsource=browser&dd-api-key=pub222856fe11852abc3642b1395fac0627&dd-evp-origin-version=7.1.0&dd-evp-origin=browser&dd-request-id=420f86ea-7b9f-415e-ad5a-f09c70066593&batch_time=1781698578656&_dd.api=fetch:0
[ 3793853ms] [ERROR] Failed to load resource: net::ERR_NAME_NOT_RESOLVED @ https://browser-intake-datadoghq.com/api/v2/rum?ddsource=browser&dd-api-key=pub222856fe11852abc3642b1395fac0627&dd-evp-origin-version=7.1.0&dd-evp-origin=browser&dd-request-id=20d68e4f-b839-4aa6-9e80-4df0583f400b&batch_time=1781698579223&_dd.api=fetch:0
[ 3794217ms] [ERROR] Failed to load resource: net::ERR_NAME_NOT_RESOLVED @ https://browser-intake-datadoghq.com/api/v2/rum?ddsource=browser&dd-api-key=pub222856fe11852abc3642b1395fac0627&dd-evp-origin-version=7.1.0&dd-evp-origin=browser&dd-request-id=2c1729c6-95fd-4b17-9d8f-25286050d7e4&batch_time=1781698579690&_dd.api=fetch:0
[ 3794218ms] [ERROR] Failed to load resource: net::ERR_NAME_NOT_RESOLVED @ https://browser-intake-datadoghq.com/api/v2/rum?ddsource=browser&dd-api-key=pub222856fe11852abc3642b1395fac0627&dd-evp-origin-version=7.1.0&dd-evp-origin=browser&dd-request-id=6bd43185-e8df-493d-8f4a-29edd7e98980&batch_time=1781698579692&_dd.api=fetch:0
[ 3794220ms] [ERROR] Failed to load resource: net::ERR_NAME_NOT_RESOLVED @ https://browser-intake-datadoghq.com/api/v2/rum?ddsource=browser&dd-api-key=pub222856fe11852abc3642b1395fac0627&dd-evp-origin-version=7.1.0&dd-evp-origin=browser&dd-request-id=3b645167-76ce-4964-9149-24f67b8d4821&batch_time=1781698579694&_dd.api=fetch:0
[ 3794221ms] [ERROR] Failed to load resource: net::ERR_NAME_NOT_RESOLVED @ https://browser-intake-datadoghq.com/api/v2/rum?ddsource=browser&dd-api-key=pub222856fe11852abc3642b1395fac0627&dd-evp-origin-version=7.1.0&dd-evp-origin=browser&dd-request-id=e387b31f-291c-4b38-aab2-9a22c8654eff&batch_time=1781698579695&_dd.api=fetch:0
[ 3794222ms] [ERROR] Failed to load resource: net::ERR_NAME_NOT_RESOLVED @ https://browser-intake-datadoghq.com/api/v2/rum?ddsource=browser&dd-api-key=pub222856fe11852abc3642b1395fac0627&dd-evp-origin-version=7.1.0&dd-evp-origin=browser&dd-request-id=118e483f-dbc3-4220-a972-cc23f1bee154&batch_time=1781698579697&_dd.api=fetch:0
[ 3794223ms] [ERROR] Failed to load resource: net::ERR_NAME_NOT_RESOLVED @ https://browser-intake-datadoghq.com/api/v2/rum?ddsource=browser&dd-api-key=pub222856fe11852abc3642b1395fac0627&dd-evp-origin-version=7.1.0&dd-evp-origin=browser&dd-request-id=e20128dd-f36c-4d8c-8ca5-e63206906b24&batch_time=1781698579706&_dd.api=fetch:0
[ 3794224ms] [ERROR] Failed to load resource: net::ERR_NAME_NOT_RESOLVED @ https://browser-intake-datadoghq.com/api/v2/rum?ddsource=browser&dd-api-key=pub222856fe11852abc3642b1395fac0627&dd-evp-origin-version=7.1.0&dd-evp-origin=browser&dd-request-id=1e8232cb-bdcb-4dc9-b5ab-6a9ba8254a4b&batch_time=1781698579707&_dd.api=fetch:0
[ 3794226ms] [ERROR] Failed to load resource: net::ERR_NAME_NOT_RESOLVED @ https://browser-intake-datadoghq.com/api/v2/rum?ddsource=browser&dd-api-key=pub222856fe11852abc3642b1395fac0627&dd-evp-origin-version=7.1.0&dd-evp-origin=browser&dd-request-id=19ca79e6-8d78-466b-b366-f0077d54daac&batch_time=1781698579708&_dd.api=fetch:0
[ 3794239ms] [ERROR] Failed to load resource: net::ERR_NAME_NOT_RESOLVED @ https://browser-intake-datadoghq.com/api/v2/rum?ddsource=browser&dd-api-key=pub222856fe11852abc3642b1395fac0627&dd-evp-origin-version=7.1.0&dd-evp-origin=browser&dd-request-id=f03c5a55-4fea-4619-ae37-04dee6dbf377&batch_time=1781698579709&_dd.api=fetch:0
[ 3794240ms] [ERROR] Failed to load resource: net::ERR_NAME_NOT_RESOLVED @ https://browser-intake-datadoghq.com/api/v2/rum?ddsource=browser&dd-api-key=pub222856fe11852abc3642b1395fac0627&dd-evp-origin-version=7.1.0&dd-evp-origin=browser&dd-request-id=6494ea2e-d784-48a5-8f86-f067f341e95f&batch_time=1781698579710&_dd.api=fetch:0
[ 3794240ms] [ERROR] Failed to load resource: net::ERR_NAME_NOT_RESOLVED @ https://browser-intake-datadoghq.com/api/v2/rum?ddsource=browser&dd-api-key=pub222856fe11852abc3642b1395fac0627&dd-evp-origin-version=7.1.0&dd-evp-origin=browser&dd-request-id=4cfd447c-c097-4283-b0db-f2e3ca3f5c9e&batch_time=1781698579712&_dd.api=fetch:0
[ 3794240ms] [ERROR] Failed to load resource: net::ERR_NAME_NOT_RESOLVED @ https://browser-intake-datadoghq.com/api/v2/rum?ddsource=browser&dd-api-key=pub222856fe11852abc3642b1395fac0627&dd-evp-origin-version=7.1.0&dd-evp-origin=browser&dd-request-id=a3a6183e-f95c-4ee5-80e8-e48975b79a35&batch_time=1781698579713&_dd.api=fetch:0
[ 3794243ms] [ERROR] Failed to load resource: net::ERR_NAME_NOT_RESOLVED @ https://browser-intake-datadoghq.com/api/v2/rum?ddsource=browser&dd-api-key=pub222856fe11852abc3642b1395fac0627&dd-evp-origin-version=7.1.0&dd-evp-origin=browser&dd-request-id=3a6ec24a-a5ba-43fb-a3d1-e3343d40de0f&batch_time=1781698579720&_dd.api=fetch:0
[ 3795852ms] [ERROR] Failed to load resource: net::ERR_NAME_NOT_RESOLVED @ https://browser-intake-datadoghq.com/api/v2/rum?ddsource=browser&dd-api-key=pub222856fe11852abc3642b1395fac0627&dd-evp-origin-version=7.1.0&dd-evp-origin=browser&dd-request-id=64bb0734-278a-42fb-914e-7c00c19fded3&batch_time=1781698580752&_dd.api=fetch:0
[ 3795941ms] [ERROR] Failed to load resource: net::ERR_NAME_NOT_RESOLVED @ https://browser-intake-datadoghq.com/api/v2/rum?ddsource=browser&dd-api-key=pub222856fe11852abc3642b1395fac0627&dd-evp-origin-version=7.1.0&dd-evp-origin=browser&dd-request-id=8842b412-f040-4aaf-b330-dfd4497d490f&batch_time=1781698580765&_dd.api=fetch:0
[ 3796382ms] [ERROR] Failed to load resource: net::ERR_NAME_NOT_RESOLVED @ https://browser-intake-datadoghq.com/api/v2/rum?ddsource=browser&dd-api-key=pub222856fe11852abc3642b1395fac0627&dd-evp-origin-version=7.1.0&dd-evp-origin=browser&dd-request-id=5b81831f-5c8a-450c-adad-f84ef79a5cd3&batch_time=1781698581866&_dd.api=fetch:0
[ 3796382ms] [ERROR] Failed to load resource: net::ERR_NAME_NOT_RESOLVED @ https://browser-intake-datadoghq.com/api/v2/rum?ddsource=browser&dd-api-key=pub222856fe11852abc3642b1395fac0627&dd-evp-origin-version=7.1.0&dd-evp-origin=browser&dd-request-id=a5439316-785b-4987-a051-6fe4f5ac1118&batch_time=1781698581868&_dd.api=fetch:0
[ 3796383ms] [ERROR] Failed to load resource: net::ERR_NAME_NOT_RESOLVED @ https://browser-intake-datadoghq.com/api/v2/rum?ddsource=browser&dd-api-key=pub222856fe11852abc3642b1395fac0627&dd-evp-origin-version=7.1.0&dd-evp-origin=browser&dd-request-id=cacb329c-0110-4fd1-9089-3d791219ece9&batch_time=1781698581869&_dd.api=fetch:0
[ 3797367ms] [WARNING] The resource https://kalshi.com/images/research/mission/Frame.png was preloaded using link preload but not used within a few seconds from the window's load event. Please make sure it has an appropriate `as` value and it is preloaded intentionally. @ https://kalshi.com/markets/kxwcgroupqual/world-cup-group-qualifiers/kxwcgroupqual-26c?op_market_ticker=KXWCGROUPQUAL-26C-SCO&op_order_side=no:0
[ 3797367ms] [WARNING] The resource https://kalshi.com/images/research/mission/calibration.png was preloaded using link preload but not used within a few seconds from the window's load event. Please make sure it has an appropriate `as` value and it is preloaded intentionally. @ https://kalshi.com/markets/kxwcgroupqual/world-cup-group-qualifiers/kxwcgroupqual-26c?op_market_ticker=KXWCGROUPQUAL-26C-SCO&op_order_side=no:0
[ 3797367ms] [WARNING] The resource https://kalshi.com/images/research/mission/prediction-accuracy.png was preloaded using link preload but not used within a few seconds from the window's load event. Please make sure it has an appropriate `as` value and it is preloaded intentionally. @ https://kalshi.com/markets/kxwcgroupqual/world-cup-group-qualifiers/kxwcgroupqual-26c?op_market_ticker=KXWCGROUPQUAL-26C-SCO&op_order_side=no:0
[ 3797367ms] [WARNING] The resource https://kalshi.com/images/research/mission/real-world-impact.png was preloaded using link preload but not used within a few seconds from the window's load event. Please make sure it has an appropriate `as` value and it is preloaded intentionally. @ https://kalshi.com/markets/kxwcgroupqual/world-cup-group-qualifiers/kxwcgroupqual-26c?op_market_ticker=KXWCGROUPQUAL-26C-SCO&op_order_side=no:0
[ 3797367ms] [WARNING] The resource https://kalshi.com/images/research/mission/belief-updating-dynamics.png was preloaded using link preload but not used within a few seconds from the window's load event. Please make sure it has an appropriate `as` value and it is preloaded intentionally. @ https://kalshi.com/markets/kxwcgroupqual/world-cup-group-qualifiers/kxwcgroupqual-26c?op_market_ticker=KXWCGROUPQUAL-26C-SCO&op_order_side=no:0
[ 3797367ms] [WARNING] The resource https://kalshi.com/images/research/mission/market-microstructure.png was preloaded using link preload but not used within a few seconds from the window's load event. Please make sure it has an appropriate `as` value and it is preloaded intentionally. @ https://kalshi.com/markets/kxwcgroupqual/world-cup-group-qualifiers/kxwcgroupqual-26c?op_market_ticker=KXWCGROUPQUAL-26C-SCO&op_order_side=no:0
[ 3797367ms] [WARNING] The resource https://kalshi.com/images/research/mission/participant-heterogeneity.png was preloaded using link preload but not used within a few seconds from the window's load event. Please make sure it has an appropriate `as` value and it is preloaded intentionally. @ https://kalshi.com/markets/kxwcgroupqual/world-cup-group-qualifiers/kxwcgroupqual-26c?op_market_ticker=KXWCGROUPQUAL-26C-SCO&op_order_side=no:0
[ 3797480ms] [ERROR] Failed to load resource: net::ERR_NAME_NOT_RESOLVED @ https://browser-intake-datadoghq.com/api/v2/rum?ddsource=browser&dd-api-key=pub222856fe11852abc3642b1395fac0627&dd-evp-origin-version=7.1.0&dd-evp-origin=browser&dd-request-id=da99aef8-06aa-4c71-957d-e0298ea62d6f&batch_time=1781698582932&_dd.api=fetch:0
[ 3797490ms] [ERROR] Failed to load resource: net::ERR_NAME_NOT_RESOLVED @ https://browser-intake-datadoghq.com/api/v2/rum?ddsource=browser&dd-api-key=pub222856fe11852abc3642b1395fac0627&dd-evp-origin-version=7.1.0&dd-evp-origin=browser&dd-request-id=8fbe77ff-c600-4818-82e9-5186507f1236&batch_time=1781698582947&_dd.api=fetch:0
[ 3797491ms] [ERROR] Failed to load resource: net::ERR_NAME_NOT_RESOLVED @ https://browser-intake-datadoghq.com/api/v2/rum?ddsource=browser&dd-api-key=pub222856fe11852abc3642b1395fac0627&dd-evp-origin-version=7.1.0&dd-evp-origin=browser&dd-request-id=323ece91-1eb3-46ec-a709-1b369fe50b97&batch_time=1781698582948&_dd.api=fetch:0
[ 3797491ms] [ERROR] Failed to load resource: net::ERR_NAME_NOT_RESOLVED @ https://browser-intake-datadoghq.com/api/v2/rum?ddsource=browser&dd-api-key=pub222856fe11852abc3642b1395fac0627&dd-evp-origin-version=7.1.0&dd-evp-origin=browser&dd-request-id=994f9110-ae9d-40a7-9b89-8c2d08255873&batch_time=1781698582961&_dd.api=fetch:0
[ 3797649ms] [ERROR] Failed to load resource: the server responded with a status of 429 () @ https://api.elections.kalshi.com/v1/markets/order_books?market_tickers=KXWCGROUPQUAL-26C-SCO:0
[ 3797736ms] [LOG] Transport layer info: You are making requests too frequently @ https://kalshi.com/_next/static/chunks/0q~3w5mbasf3y.js?dpl=dpl_7dWU2t55wxyR9wVLtpgDJNykXJtb:3
[ 3798462ms] [ERROR] Failed to load resource: net::ERR_NAME_NOT_RESOLVED @ https://browser-intake-datadoghq.com/api/v2/rum?ddsource=browser&dd-api-key=pub222856fe11852abc3642b1395fac0627&dd-evp-origin-version=7.1.0&dd-evp-origin=browser&dd-request-id=5edb74d4-a01f-4700-b913-0ef51bb525ed&batch_time=1781698583948&_dd.api=fetch:0
[ 3799428ms] [ERROR] Failed to load resource: net::ERR_NAME_NOT_RESOLVED @ https://browser-intake-datadoghq.com/api/v2/rum?ddsource=browser&dd-api-key=pub222856fe11852abc3642b1395fac0627&dd-evp-origin-version=7.1.0&dd-evp-origin=browser&dd-request-id=6943df79-1188-4e23-b4e8-97bd04fb8cac&batch_time=1781698584914&_dd.api=fetch:0
[ 3801049ms] [ERROR] Failed to load resource: net::ERR_NAME_NOT_RESOLVED @ https://browser-intake-datadoghq.com/api/v2/rum?ddsource=browser&dd-api-key=pub222856fe11852abc3642b1395fac0627&dd-evp-origin-version=7.1.0&dd-evp-origin=browser&dd-request-id=957907ec-452e-491f-9370-2f9d62d38c5c&batch_time=1781698586312&_dd.api=fetch:0
[ 3801189ms] [ERROR] Failed to load resource: net::ERR_NAME_NOT_RESOLVED @ https://api.sprig.com/sdk/1/environments/iOWjIVsDOPhw/config:0
[ 3801278ms] [ERROR] Failed to load resource: net::ERR_NAME_NOT_RESOLVED @ https://browser-intake-datadoghq.com/api/v2/rum?ddsource=browser&dd-api-key=pub222856fe11852abc3642b1395fac0627&dd-evp-origin-version=7.1.0&dd-evp-origin=browser&dd-request-id=c176634b-a79b-43c7-8f44-7fc424ded75f&batch_time=1781698586765&_dd.api=fetch:0
[ 3802354ms] [ERROR] Failed to load resource: net::ERR_NAME_NOT_RESOLVED @ https://browser-intake-datadoghq.com/api/v2/rum?ddsource=browser&dd-api-key=pub222856fe11852abc3642b1395fac0627&dd-evp-origin-version=7.1.0&dd-evp-origin=browser&dd-request-id=c6663580-997d-4e53-ac01-6e42e580376d&batch_time=1781698587841&_dd.api=fetch:0
[ 3803558ms] [ERROR] Failed to load resource: net::ERR_NAME_NOT_RESOLVED @ https://browser-intake-datadoghq.com/api/v2/rum?ddsource=browser&dd-api-key=pub222856fe11852abc3642b1395fac0627&dd-evp-origin-version=7.1.0&dd-evp-origin=browser&dd-request-id=2abb172b-023c-416a-bfcc-253a674c8da9&batch_time=1781698589024&_dd.api=fetch:0
[ 3804456ms] [ERROR] Failed to load resource: net::ERR_NAME_NOT_RESOLVED @ https://browser-intake-datadoghq.com/api/v2/rum?ddsource=browser&dd-api-key=pub222856fe11852abc3642b1395fac0627&dd-evp-origin-version=7.1.0&dd-evp-origin=browser&dd-request-id=c319bdaf-8f28-49b6-96fa-ffcbae77d55c&batch_time=1781698589918&_dd.api=fetch:0
[ 3805134ms] [ERROR] Failed to load resource: net::ERR_NAME_NOT_RESOLVED @ https://browser-intake-datadoghq.com/api/v2/rum?ddsource=browser&dd-api-key=pub222856fe11852abc3642b1395fac0627&dd-evp-origin-version=7.1.0&dd-evp-origin=browser&dd-request-id=6033abe8-e91d-4d5c-9e85-ba739c963744&batch_time=1781698590621&_dd.api=fetch:0
[ 3806328ms] [ERROR] Failed to load resource: net::ERR_NAME_NOT_RESOLVED @ https://browser-intake-datadoghq.com/api/v2/rum?ddsource=browser&dd-api-key=pub222856fe11852abc3642b1395fac0627&dd-evp-origin-version=7.1.0&dd-evp-origin=browser&dd-request-id=01bcf148-3fd0-460b-89fb-53103a5176bf&batch_time=1781698591772&_dd.api=fetch:0
[ 3807482ms] [ERROR] Failed to load resource: net::ERR_NAME_NOT_RESOLVED @ https://browser-intake-datadoghq.com/api/v2/rum?ddsource=browser&dd-api-key=pub222856fe11852abc3642b1395fac0627&dd-evp-origin-version=7.1.0&dd-evp-origin=browser&dd-request-id=04b376e1-8b35-431f-bcc9-0509e174f652&batch_time=1781698592924&_dd.api=fetch:0
[ 3808411ms] [ERROR] Failed to load resource: net::ERR_NAME_NOT_RESOLVED @ https://browser-intake-datadoghq.com/api/v2/rum?ddsource=browser&dd-api-key=pub222856fe11852abc3642b1395fac0627&dd-evp-origin-version=7.1.0&dd-evp-origin=browser&dd-request-id=2496a389-7c77-4c58-8e48-47d352ea7f7b&batch_time=1781698593898&_dd.api=fetch:0
[ 3809291ms] [ERROR] Failed to load resource: net::ERR_NAME_NOT_RESOLVED @ https://browser-intake-datadoghq.com/api/v2/rum?ddsource=browser&dd-api-key=pub222856fe11852abc3642b1395fac0627&dd-evp-origin-version=7.1.0&dd-evp-origin=browser&dd-request-id=ddf54102-c255-44be-b04a-dfd6d3fdc91c&batch_time=1781698594771&_dd.api=fetch:0
[ 3810086ms] [ERROR] Failed to load resource: net::ERR_NAME_NOT_RESOLVED @ https://browser-intake-datadoghq.com/api/v2/rum?ddsource=browser&dd-api-key=pub222856fe11852abc3642b1395fac0627&dd-evp-origin-version=7.1.0&dd-evp-origin=browser&dd-request-id=1de97808-dba4-4455-bd48-d313c90a5d1f&batch_time=1781698595535&_dd.api=fetch:0
[ 3811528ms] [ERROR] Failed to load resource: net::ERR_NAME_NOT_RESOLVED @ https://browser-intake-datadoghq.com/api/v2/rum?ddsource=browser&dd-api-key=pub222856fe11852abc3642b1395fac0627&dd-evp-origin-version=7.1.0&dd-evp-origin=browser&dd-request-id=9ed0164f-81a6-45f7-b351-7e28796b7799&batch_time=1781698596956&_dd.api=fetch:0
[ 3811777ms] [ERROR] Failed to load resource: net::ERR_NAME_NOT_RESOLVED @ https://browser-intake-datadoghq.com/api/v2/rum?ddsource=browser&dd-api-key=pub222856fe11852abc3642b1395fac0627&dd-evp-origin-version=7.1.0&dd-evp-origin=browser&dd-request-id=0e31ca15-9600-4ae3-af55-c9e2ba3915be&batch_time=1781698597264&_dd.api=fetch:0
[ 3813601ms] [ERROR] Failed to load resource: net::ERR_NAME_NOT_RESOLVED @ https://browser-intake-datadoghq.com/api/v2/rum?ddsource=browser&dd-api-key=pub222856fe11852abc3642b1395fac0627&dd-evp-origin-version=7.1.0&dd-evp-origin=browser&dd-request-id=d6d0ddd0-08ca-4638-812e-c7283dc7a4d7&batch_time=1781698599065&_dd.api=fetch:0
[ 3814173ms] [ERROR] Failed to load resource: net::ERR_NAME_NOT_RESOLVED @ https://browser-intake-datadoghq.com/api/v2/rum?ddsource=browser&dd-api-key=pub222856fe11852abc3642b1395fac0627&dd-evp-origin-version=7.1.0&dd-evp-origin=browser&dd-request-id=c7310c3d-5f5e-46fe-9f0e-9e67939eee9f&batch_time=1781698599637&_dd.api=fetch:0
[ 3815361ms] [ERROR] Failed to load resource: net::ERR_NAME_NOT_RESOLVED @ https://browser-intake-datadoghq.com/api/v2/rum?ddsource=browser&dd-api-key=pub222856fe11852abc3642b1395fac0627&dd-evp-origin-version=7.1.0&dd-evp-origin=browser&dd-request-id=1cf924d7-f227-4023-8b67-b9778ed03dc2&batch_time=1781698600820&_dd.api=fetch:0
[ 3816108ms] [ERROR] Failed to load resource: net::ERR_NAME_NOT_RESOLVED @ https://browser-intake-datadoghq.com/api/v2/rum?ddsource=browser&dd-api-key=pub222856fe11852abc3642b1395fac0627&dd-evp-origin-version=7.1.0&dd-evp-origin=browser&dd-request-id=e3894d06-387e-4bd9-801b-8ef737cd160e&batch_time=1781698601582&_dd.api=fetch:0
[ 3817475ms] [ERROR] Failed to load resource: net::ERR_NAME_NOT_RESOLVED @ https://api.sprig.com/sdk/1/environments/iOWjIVsDOPhw/config:0
[ 3817728ms] [ERROR] Failed to load resource: net::ERR_NAME_NOT_RESOLVED @ https://browser-intake-datadoghq.com/api/v2/rum?ddsource=browser&dd-api-key=pub222856fe11852abc3642b1395fac0627&dd-evp-origin-version=7.1.0&dd-evp-origin=browser&dd-request-id=33f39a04-ea8e-4323-880f-f7a52d70e534&batch_time=1781698603215&_dd.api=fetch:0
[ 3818524ms] [ERROR] Failed to load resource: net::ERR_NAME_NOT_RESOLVED @ https://browser-intake-datadoghq.com/api/v2/rum?ddsource=browser&dd-api-key=pub222856fe11852abc3642b1395fac0627&dd-evp-origin-version=7.1.0&dd-evp-origin=browser&dd-request-id=88bd543c-0813-4571-8aae-7e51c8ff9c53&batch_time=1781698603999&_dd.api=fetch:0
[ 3820400ms] [ERROR] Failed to load resource: net::ERR_NAME_NOT_RESOLVED @ https://browser-intake-datadoghq.com/api/v2/rum?ddsource=browser&dd-api-key=pub222856fe11852abc3642b1395fac0627&dd-evp-origin-version=7.1.0&dd-evp-origin=browser&dd-request-id=3bd80e9d-ce80-408f-897c-0839de9bb067&batch_time=1781698605865&_dd.api=fetch:0
[ 3822268ms] [ERROR] Failed to load resource: net::ERR_NAME_NOT_RESOLVED @ https://browser-intake-datadoghq.com/api/v2/rum?ddsource=browser&dd-api-key=pub222856fe11852abc3642b1395fac0627&dd-evp-origin-version=7.1.0&dd-evp-origin=browser&dd-request-id=84597f06-e579-48fe-a37b-93bd67907dbb&batch_time=1781698607742&_dd.api=fetch:0
[ 3823563ms] [ERROR] Failed to load resource: net::ERR_NAME_NOT_RESOLVED @ https://browser-intake-datadoghq.com/api/v2/rum?ddsource=browser&dd-api-key=pub222856fe11852abc3642b1395fac0627&dd-evp-origin-version=7.1.0&dd-evp-origin=browser&dd-request-id=f0a54d8e-8747-41cd-97ff-f416cc6410b3&batch_time=1781698609050&_dd.api=fetch:0
[ 3825642ms] [ERROR] Failed to load resource: net::ERR_NAME_NOT_RESOLVED @ https://browser-intake-datadoghq.com/api/v2/rum?ddsource=browser&dd-api-key=pub222856fe11852abc3642b1395fac0627&dd-evp-origin-version=7.1.0&dd-evp-origin=browser&dd-request-id=07394650-f1fd-4b8c-a771-e952fcede18b&batch_time=1781698611129&_dd.api=fetch:0
[ 3826487ms] [ERROR] Failed to load resource: net::ERR_NAME_NOT_RESOLVED @ https://browser-intake-datadoghq.com/api/v2/rum?ddsource=browser&dd-api-key=pub222856fe11852abc3642b1395fac0627&dd-evp-origin-version=7.1.0&dd-evp-origin=browser&dd-request-id=c15d9ef1-ccf6-40c0-aa51-b9a4ce88e427&batch_time=1781698611902&_dd.api=fetch:0
[ 3828085ms] [ERROR] Failed to load resource: net::ERR_NAME_NOT_RESOLVED @ https://browser-intake-datadoghq.com/api/v2/rum?ddsource=browser&dd-api-key=pub222856fe11852abc3642b1395fac0627&dd-evp-origin-version=7.1.0&dd-evp-origin=browser&dd-request-id=393c3783-3b4f-4311-9adf-d6c089c936b5&batch_time=1781698613498&_dd.api=fetch:0
[ 3829045ms] [ERROR] Failed to load resource: net::ERR_NAME_NOT_RESOLVED @ https://browser-intake-datadoghq.com/api/v2/rum?ddsource=browser&dd-api-key=pub222856fe11852abc3642b1395fac0627&dd-evp-origin-version=7.1.0&dd-evp-origin=browser&dd-request-id=9eda81b9-0f22-46b8-acd7-6fb18272914f&batch_time=1781698614532&_dd.api=fetch:0
[ 3830417ms] [ERROR] Failed to load resource: net::ERR_NAME_NOT_RESOLVED @ https://browser-intake-datadoghq.com/api/v2/rum?ddsource=browser&dd-api-key=pub222856fe11852abc3642b1395fac0627&dd-evp-origin-version=7.1.0&dd-evp-origin=browser&dd-request-id=0a51cad3-8512-47a5-ab1f-622ec10431a9&batch_time=1781698615903&_dd.api=fetch:0
[ 3831316ms] [ERROR] Failed to load resource: net::ERR_NAME_NOT_RESOLVED @ https://browser-intake-datadoghq.com/api/v2/rum?ddsource=browser&dd-api-key=pub222856fe11852abc3642b1395fac0627&dd-evp-origin-version=7.1.0&dd-evp-origin=browser&dd-request-id=f90b62ce-0555-4c3e-a43d-28b6546286e2&batch_time=1781698616791&_dd.api=fetch:0
[ 3833875ms] [ERROR] Failed to load resource: net::ERR_NAME_NOT_RESOLVED @ https://browser-intake-datadoghq.com/api/v2/rum?ddsource=browser&dd-api-key=pub222856fe11852abc3642b1395fac0627&dd-evp-origin-version=7.1.0&dd-evp-origin=browser&dd-request-id=1cad2e9b-906f-40a7-be13-790d8ea38afb&batch_time=1781698619326&_dd.api=fetch:0
[ 3834501ms] [ERROR] Failed to load resource: net::ERR_NAME_NOT_RESOLVED @ https://browser-intake-datadoghq.com/api/v2/rum?ddsource=browser&dd-api-key=pub222856fe11852abc3642b1395fac0627&dd-evp-origin-version=7.1.0&dd-evp-origin=browser&dd-request-id=e311602b-e6fa-47f0-b1b8-56e7c4ceeb3c&batch_time=1781698619963&_dd.api=fetch:0
[ 3836205ms] [ERROR] Failed to load resource: net::ERR_NAME_NOT_RESOLVED @ https://browser-intake-datadoghq.com/api/v2/rum?ddsource=browser&dd-api-key=pub222856fe11852abc3642b1395fac0627&dd-evp-origin-version=7.1.0&dd-evp-origin=browser&dd-request-id=65656d6c-b101-4a5a-8bb5-58624ab7b464&batch_time=1781698621636&_dd.api=fetch:0
[ 3837539ms] [ERROR] Failed to load resource: net::ERR_NAME_NOT_RESOLVED @ https://browser-intake-datadoghq.com/api/v2/rum?ddsource=browser&dd-api-key=pub222856fe11852abc3642b1395fac0627&dd-evp-origin-version=7.1.0&dd-evp-origin=browser&dd-request-id=132a5334-b3f0-4b6a-92b1-3c034275d93b&batch_time=1781698622996&_dd.api=fetch:0
[ 3838080ms] [ERROR] Failed to load resource: net::ERR_NAME_NOT_RESOLVED @ https://browser-intake-datadoghq.com/api/v2/rum?ddsource=browser&dd-api-key=pub222856fe11852abc3642b1395fac0627&dd-evp-origin-version=7.1.0&dd-evp-origin=browser&dd-request-id=bb6d5d2d-8d1f-425d-8e59-901a4548c237&batch_time=1781698623566&_dd.api=fetch:0
[ 3838953ms] [ERROR] Failed to load resource: net::ERR_NAME_NOT_RESOLVED @ https://browser-intake-datadoghq.com/api/v2/rum?ddsource=browser&dd-api-key=pub222856fe11852abc3642b1395fac0627&dd-evp-origin-version=7.1.0&dd-evp-origin=browser&dd-request-id=82d3b120-8675-4f68-9b35-74ba17296533&batch_time=1781698624416&_dd.api=fetch:0
[ 3839495ms] [ERROR] Failed to load resource: net::ERR_NAME_NOT_RESOLVED @ https://browser-intake-datadoghq.com/api/v2/rum?ddsource=browser&dd-api-key=pub222856fe11852abc3642b1395fac0627&dd-evp-origin-version=7.1.0&dd-evp-origin=browser&dd-request-id=a9b8dd11-8f8e-4367-b16c-31e8c907f68e&batch_time=1781698624982&_dd.api=fetch:0
[ 3841745ms] [ERROR] Failed to load resource: net::ERR_NAME_NOT_RESOLVED @ https://browser-intake-datadoghq.com/api/v2/rum?ddsource=browser&dd-api-key=pub222856fe11852abc3642b1395fac0627&dd-evp-origin-version=7.1.0&dd-evp-origin=browser&dd-request-id=e1434b10-dbfd-44cf-99c8-8317e825fd9d&batch_time=1781698627045&_dd.api=fetch:0
[ 3843291ms] [ERROR] Failed to load resource: net::ERR_NAME_NOT_RESOLVED @ https://browser-intake-datadoghq.com/api/v2/rum?ddsource=browser&dd-api-key=pub222856fe11852abc3642b1395fac0627&dd-evp-origin-version=7.1.0&dd-evp-origin=browser&dd-request-id=af96be9b-ea32-46b8-8e9d-effec20effee&batch_time=1781698628765&_dd.api=fetch:0
[ 3844366ms] [ERROR] Failed to load resource: net::ERR_NAME_NOT_RESOLVED @ https://browser-intake-datadoghq.com/api/v2/rum?ddsource=browser&dd-api-key=pub222856fe11852abc3642b1395fac0627&dd-evp-origin-version=7.1.0&dd-evp-origin=browser&dd-request-id=02b2df9c-e953-4993-ac6e-36907e3d5b0e&batch_time=1781698629778&_dd.api=fetch:0
[ 3845475ms] [ERROR] Failed to load resource: net::ERR_NAME_NOT_RESOLVED @ https://browser-intake-datadoghq.com/api/v2/rum?ddsource=browser&dd-api-key=pub222856fe11852abc3642b1395fac0627&dd-evp-origin-version=7.1.0&dd-evp-origin=browser&dd-request-id=2f4a4f26-1678-4d68-9bd3-c5bd92423808&batch_time=1781698630914&_dd.api=fetch:0
[ 3846842ms] [ERROR] Failed to load resource: net::ERR_NAME_NOT_RESOLVED @ https://browser-intake-datadoghq.com/api/v2/rum?ddsource=browser&dd-api-key=pub222856fe11852abc3642b1395fac0627&dd-evp-origin-version=7.1.0&dd-evp-origin=browser&dd-request-id=92f2228d-805d-4f4d-81bc-21544d39d4b1&batch_time=1781698632328&_dd.api=fetch:0
[ 3847897ms] [ERROR] Failed to load resource: net::ERR_NAME_NOT_RESOLVED @ https://browser-intake-datadoghq.com/api/v2/rum?ddsource=browser&dd-api-key=pub222856fe11852abc3642b1395fac0627&dd-evp-origin-version=7.1.0&dd-evp-origin=browser&dd-request-id=515912b8-a650-41b1-832c-8392b396ba91&batch_time=1781698633351&_dd.api=fetch:0
[ 3849708ms] [ERROR] Failed to load resource: net::ERR_NAME_NOT_RESOLVED @ https://browser-intake-datadoghq.com/api/v2/rum?ddsource=browser&dd-api-key=pub222856fe11852abc3642b1395fac0627&dd-evp-origin-version=7.1.0&dd-evp-origin=browser&dd-request-id=d1539fc7-f61e-43b6-bc8c-7d277124d4dd&batch_time=1781698635172&_dd.api=fetch:0
[ 3850818ms] [ERROR] Failed to load resource: net::ERR_NAME_NOT_RESOLVED @ https://browser-intake-datadoghq.com/api/v2/rum?ddsource=browser&dd-api-key=pub222856fe11852abc3642b1395fac0627&dd-evp-origin-version=7.1.0&dd-evp-origin=browser&dd-request-id=65fdf091-d677-4e6d-8bb2-9503c3611a92&batch_time=1781698636269&_dd.api=fetch:0
[ 3851624ms] [ERROR] Failed to load resource: net::ERR_NAME_NOT_RESOLVED @ https://browser-intake-datadoghq.com/api/v2/rum?ddsource=browser&dd-api-key=pub222856fe11852abc3642b1395fac0627&dd-evp-origin-version=7.1.0&dd-evp-origin=browser&dd-request-id=974325e2-e507-4a24-8341-0ba738ed3ef6&batch_time=1781698637088&_dd.api=fetch:0
[ 3854453ms] [ERROR] Failed to load resource: net::ERR_NAME_NOT_RESOLVED @ https://browser-intake-datadoghq.com/api/v2/rum?ddsource=browser&dd-api-key=pub222856fe11852abc3642b1395fac0627&dd-evp-origin-version=7.1.0&dd-evp-origin=browser&dd-request-id=c6e9ffe4-2f25-4747-9071-b248fc61d61e&batch_time=1781698639935&_dd.api=fetch:0
[ 3855453ms] [ERROR] Failed to load resource: net::ERR_NAME_NOT_RESOLVED @ https://browser-intake-datadoghq.com/api/v2/rum?ddsource=browser&dd-api-key=pub222856fe11852abc3642b1395fac0627&dd-evp-origin-version=7.1.0&dd-evp-origin=browser&dd-request-id=8d30dc4e-fe48-43d9-b983-d4c057171ae7&batch_time=1781698640922&_dd.api=fetch:0
[ 3856862ms] [ERROR] Failed to load resource: net::ERR_NAME_NOT_RESOLVED @ https://browser-intake-datadoghq.com/api/v2/rum?ddsource=browser&dd-api-key=pub222856fe11852abc3642b1395fac0627&dd-evp-origin-version=7.1.0&dd-evp-origin=browser&dd-request-id=a4267679-f372-44dc-9634-5d7f1a2027c8&batch_time=1781698642345&_dd.api=fetch:0
[ 3858259ms] [ERROR] Failed to load resource: net::ERR_NAME_NOT_RESOLVED @ https://browser-intake-datadoghq.com/api/v2/rum?ddsource=browser&dd-api-key=pub222856fe11852abc3642b1395fac0627&dd-evp-origin-version=7.1.0&dd-evp-origin=browser&dd-request-id=c34d058b-82d8-460d-b185-dad484d200aa&batch_time=1781698643702&_dd.api=fetch:0
[ 3859880ms] [ERROR] Failed to load resource: net::ERR_NAME_NOT_RESOLVED @ https://browser-intake-datadoghq.com/api/v2/rum?ddsource=browser&dd-api-key=pub222856fe11852abc3642b1395fac0627&dd-evp-origin-version=7.1.0&dd-evp-origin=browser&dd-request-id=fa24c351-dab0-4719-9bc3-7900f5f8e6fc&batch_time=1781698645282&_dd.api=fetch:0
[ 3860789ms] [ERROR] Failed to load resource: net::ERR_NAME_NOT_RESOLVED @ https://browser-intake-datadoghq.com/api/v2/rum?ddsource=browser&dd-api-key=pub222856fe11852abc3642b1395fac0627&dd-evp-origin-version=7.1.0&dd-evp-origin=browser&dd-request-id=15364a6a-cbb7-443b-a353-7003c2705f06&batch_time=1781698646276&_dd.api=fetch:0
[ 3861631ms] [ERROR] Failed to load resource: net::ERR_NAME_NOT_RESOLVED @ https://browser-intake-datadoghq.com/api/v2/rum?ddsource=browser&dd-api-key=pub222856fe11852abc3642b1395fac0627&dd-evp-origin-version=7.1.0&dd-evp-origin=browser&dd-request-id=481ca63c-2438-484c-8ed5-607aba73de7e&batch_time=1781698647082&_dd.api=fetch:0
[ 3862729ms] [ERROR] Failed to load resource: net::ERR_NAME_NOT_RESOLVED @ https://browser-intake-datadoghq.com/api/v2/rum?ddsource=browser&dd-api-key=pub222856fe11852abc3642b1395fac0627&dd-evp-origin-version=7.1.0&dd-evp-origin=browser&dd-request-id=baca4d7c-0dbd-47f9-872d-90a88d62d151&batch_time=1781698648194&_dd.api=fetch:0
[ 3863805ms] [ERROR] Failed to load resource: net::ERR_NAME_NOT_RESOLVED @ https://browser-intake-datadoghq.com/api/v2/rum?ddsource=browser&dd-api-key=pub222856fe11852abc3642b1395fac0627&dd-evp-origin-version=7.1.0&dd-evp-origin=browser&dd-request-id=d5ea0b59-652b-4993-b5c2-2265b4b72784&batch_time=1781698649249&_dd.api=fetch:0
[ 3865139ms] [ERROR] Failed to load resource: net::ERR_NAME_NOT_RESOLVED @ https://browser-intake-datadoghq.com/api/v2/rum?ddsource=browser&dd-api-key=pub222856fe11852abc3642b1395fac0627&dd-evp-origin-version=7.1.0&dd-evp-origin=browser&dd-request-id=3b846e60-1f38-4c12-9d56-3be2b217fa6c&batch_time=1781698650608&_dd.api=fetch:0
[ 3866101ms] [ERROR] Failed to load resource: net::ERR_NAME_NOT_RESOLVED @ https://browser-intake-datadoghq.com/api/v2/rum?ddsource=browser&dd-api-key=pub222856fe11852abc3642b1395fac0627&dd-evp-origin-version=7.1.0&dd-evp-origin=browser&dd-request-id=e4887d60-9db8-4f2a-b1fd-251695415532&batch_time=1781698651531&_dd.api=fetch:0
[ 3867305ms] [ERROR] Failed to load resource: net::ERR_NAME_NOT_RESOLVED @ https://browser-intake-datadoghq.com/api/v2/rum?ddsource=browser&dd-api-key=pub222856fe11852abc3642b1395fac0627&dd-evp-origin-version=7.1.0&dd-evp-origin=browser&dd-request-id=89be09b4-4a0f-46c3-a114-a3313dbb41a4&batch_time=1781698652701&_dd.api=fetch:0
[ 3867797ms] [ERROR] Failed to load resource: net::ERR_NAME_NOT_RESOLVED @ https://browser-intake-datadoghq.com/api/v2/rum?ddsource=browser&dd-api-key=pub222856fe11852abc3642b1395fac0627&dd-evp-origin-version=7.1.0&dd-evp-origin=browser&dd-request-id=cb3e082c-4133-453f-8089-b659d2bef967&batch_time=1781698653284&_dd.api=fetch:0
[ 3869063ms] [ERROR] Failed to load resource: net::ERR_NAME_NOT_RESOLVED @ https://browser-intake-datadoghq.com/api/v2/rum?ddsource=browser&dd-api-key=pub222856fe11852abc3642b1395fac0627&dd-evp-origin-version=7.1.0&dd-evp-origin=browser&dd-request-id=60bad914-91e5-4434-9c34-dbb544f8ff69&batch_time=1781698654545&_dd.api=fetch:0
[ 3870515ms] [ERROR] Failed to load resource: net::ERR_NAME_NOT_RESOLVED @ https://browser-intake-datadoghq.com/api/v2/rum?ddsource=browser&dd-api-key=pub222856fe11852abc3642b1395fac0627&dd-evp-origin-version=7.1.0&dd-evp-origin=browser&dd-request-id=961a639d-cadb-4e1d-894d-af6cbf26ad43&batch_time=1781698655959&_dd.api=fetch:0
[ 3871356ms] [ERROR] Failed to load resource: net::ERR_NAME_NOT_RESOLVED @ https://browser-intake-datadoghq.com/api/v2/rum?ddsource=browser&dd-api-key=pub222856fe11852abc3642b1395fac0627&dd-evp-origin-version=7.1.0&dd-evp-origin=browser&dd-request-id=74eb76aa-535c-42d2-a401-907bfac6b119&batch_time=1781698656842&_dd.api=fetch:0
[ 3872222ms] [ERROR] Failed to load resource: net::ERR_NAME_NOT_RESOLVED @ https://browser-intake-datadoghq.com/api/v2/rum?ddsource=browser&dd-api-key=pub222856fe11852abc3642b1395fac0627&dd-evp-origin-version=7.1.0&dd-evp-origin=browser&dd-request-id=cecfb53f-b19c-4b2c-b85b-d788c78ac002&batch_time=1781698657709&_dd.api=fetch:0
[ 3873827ms] [ERROR] Failed to load resource: net::ERR_NAME_NOT_RESOLVED @ https://browser-intake-datadoghq.com/api/v2/rum?ddsource=browser&dd-api-key=pub222856fe11852abc3642b1395fac0627&dd-evp-origin-version=7.1.0&dd-evp-origin=browser&dd-request-id=42273ac0-d58b-4364-97e7-44880bb0ba09&batch_time=1781698659290&_dd.api=fetch:0
[ 3874597ms] [ERROR] Failed to load resource: net::ERR_NAME_NOT_RESOLVED @ https://browser-intake-datadoghq.com/api/v2/rum?ddsource=browser&dd-api-key=pub222856fe11852abc3642b1395fac0627&dd-evp-origin-version=7.1.0&dd-evp-origin=browser&dd-request-id=8ecc5e23-84b0-4923-abb3-785dae32f2f7&batch_time=1781698660083&_dd.api=fetch:0
[ 3875996ms] [ERROR] Failed to load resource: net::ERR_NAME_NOT_RESOLVED @ https://browser-intake-datadoghq.com/api/v2/rum?ddsource=browser&dd-api-key=pub222856fe11852abc3642b1395fac0627&dd-evp-origin-version=7.1.0&dd-evp-origin=browser&dd-request-id=977867d8-5155-479d-b2ab-bda926ef8bb8&batch_time=1781698661470&_dd.api=fetch:0
[ 3877423ms] [ERROR] Failed to load resource: net::ERR_NAME_NOT_RESOLVED @ https://browser-intake-datadoghq.com/api/v2/rum?ddsource=browser&dd-api-key=pub222856fe11852abc3642b1395fac0627&dd-evp-origin-version=7.1.0&dd-evp-origin=browser&dd-request-id=bae750d9-226d-457d-ab2f-d8e82d5d6bb2&batch_time=1781698662897&_dd.api=fetch:0
[ 3878321ms] [ERROR] Failed to load resource: net::ERR_NAME_NOT_RESOLVED @ https://browser-intake-datadoghq.com/api/v2/rum?ddsource=browser&dd-api-key=pub222856fe11852abc3642b1395fac0627&dd-evp-origin-version=7.1.0&dd-evp-origin=browser&dd-request-id=1092dad1-446d-4c8c-b201-07f02f1af66f&batch_time=1781698663807&_dd.api=fetch:0
[ 3879765ms] [ERROR] Failed to load resource: net::ERR_NAME_NOT_RESOLVED @ https://browser-intake-datadoghq.com/api/v2/rum?ddsource=browser&dd-api-key=pub222856fe11852abc3642b1395fac0627&dd-evp-origin-version=7.1.0&dd-evp-origin=browser&dd-request-id=0ebb0cc7-ccbc-4b97-acae-950d3344d4ae&batch_time=1781698665251&_dd.api=fetch:0
[ 3880209ms] [ERROR] Failed to load resource: net::ERR_NAME_NOT_RESOLVED @ https://browser-intake-datadoghq.com/api/v2/rum?ddsource=browser&dd-api-key=pub222856fe11852abc3642b1395fac0627&dd-evp-origin-version=7.1.0&dd-evp-origin=browser&dd-request-id=dbb16dd2-0214-4440-9ffd-98871bcdb6d7&batch_time=1781698665696&_dd.api=fetch:0
[ 3881889ms] [ERROR] Failed to load resource: net::ERR_NAME_NOT_RESOLVED @ https://browser-intake-datadoghq.com/api/v2/rum?ddsource=browser&dd-api-key=pub222856fe11852abc3642b1395fac0627&dd-evp-origin-version=7.1.0&dd-evp-origin=browser&dd-request-id=9668aad4-2d4e-4d72-8874-8f9f2ff0bab0&batch_time=1781698667352&_dd.api=fetch:0
[ 3882345ms] [ERROR] Failed to load resource: net::ERR_NAME_NOT_RESOLVED @ https://browser-intake-datadoghq.com/api/v2/rum?ddsource=browser&dd-api-key=pub222856fe11852abc3642b1395fac0627&dd-evp-origin-version=7.1.0&dd-evp-origin=browser&dd-request-id=f8b640b8-71b9-4b6f-a686-5a5906078e47&batch_time=1781698667791&_dd.api=fetch:0
[ 3883037ms] [ERROR] Failed to load resource: net::ERR_NAME_NOT_RESOLVED @ https://browser-intake-datadoghq.com/api/v2/rum?ddsource=browser&dd-api-key=pub222856fe11852abc3642b1395fac0627&dd-evp-origin-version=7.1.0&dd-evp-origin=browser&dd-request-id=48ed7c36-105d-4bb4-a5a3-d622e873318c&batch_time=1781698668499&_dd.api=fetch:0
[ 3883731ms] [ERROR] Failed to load resource: net::ERR_NAME_NOT_RESOLVED @ https://browser-intake-datadoghq.com/api/v2/rum?ddsource=browser&dd-api-key=pub222856fe11852abc3642b1395fac0627&dd-evp-origin-version=7.1.0&dd-evp-origin=browser&dd-request-id=01c6cf63-f8e7-4567-8f9d-b827fa9d0796&batch_time=1781698669218&_dd.api=fetch:0
[ 3885741ms] [ERROR] Failed to load resource: net::ERR_NAME_NOT_RESOLVED @ https://browser-intake-datadoghq.com/api/v2/rum?ddsource=browser&dd-api-key=pub222856fe11852abc3642b1395fac0627&dd-evp-origin-version=7.1.0&dd-evp-origin=browser&dd-request-id=36a5300a-b353-4be2-80dc-2fba126442b4&batch_time=1781698671076&_dd.api=fetch:0
[ 3886199ms] [ERROR] Failed to load resource: net::ERR_NAME_NOT_RESOLVED @ https://browser-intake-datadoghq.com/api/v2/rum?ddsource=browser&dd-api-key=pub222856fe11852abc3642b1395fac0627&dd-evp-origin-version=7.1.0&dd-evp-origin=browser&dd-request-id=ad9261fc-cce8-4301-b404-9c9485d9fc6b&batch_time=1781698671685&_dd.api=fetch:0
[ 3886829ms] [ERROR] Failed to load resource: net::ERR_NAME_NOT_RESOLVED @ https://browser-intake-datadoghq.com/api/v2/rum?ddsource=browser&dd-api-key=pub222856fe11852abc3642b1395fac0627&dd-evp-origin-version=7.1.0&dd-evp-origin=browser&dd-request-id=8b698bc9-5ca8-4f49-9c69-3dc4697631df&batch_time=1781698672234&_dd.api=fetch:0
[ 3887699ms] [ERROR] Failed to load resource: net::ERR_NAME_NOT_RESOLVED @ https://browser-intake-datadoghq.com/api/v2/rum?ddsource=browser&dd-api-key=pub222856fe11852abc3642b1395fac0627&dd-evp-origin-version=7.1.0&dd-evp-origin=browser&dd-request-id=b1edd717-5d6a-42a9-942d-95c5dfecc45c&batch_time=1781698673186&_dd.api=fetch:0
[ 3888530ms] [ERROR] Failed to load resource: net::ERR_NAME_NOT_RESOLVED @ https://browser-intake-datadoghq.com/api/v2/rum?ddsource=browser&dd-api-key=pub222856fe11852abc3642b1395fac0627&dd-evp-origin-version=7.1.0&dd-evp-origin=browser&dd-request-id=231090e5-b567-4c7f-bf2f-076aed4ca988&batch_time=1781698674005&_dd.api=fetch:0
[ 3889451ms] [ERROR] Failed to load resource: net::ERR_NAME_NOT_RESOLVED @ https://browser-intake-datadoghq.com/api/v2/rum?ddsource=browser&dd-api-key=pub222856fe11852abc3642b1395fac0627&dd-evp-origin-version=7.1.0&dd-evp-origin=browser&dd-request-id=1dcb669e-a035-42e7-8391-3cf6cb9016cc&batch_time=1781698674861&_dd.api=fetch:0
[ 3890118ms] [ERROR] Failed to load resource: net::ERR_NAME_NOT_RESOLVED @ https://browser-intake-datadoghq.com/api/v2/rum?ddsource=browser&dd-api-key=pub222856fe11852abc3642b1395fac0627&dd-evp-origin-version=7.1.0&dd-evp-origin=browser&dd-request-id=61a82710-9e00-4143-b3d6-bee1d98ab805&batch_time=1781698675605&_dd.api=fetch:0
[ 3891378ms] [ERROR] Failed to load resource: net::ERR_NAME_NOT_RESOLVED @ https://browser-intake-datadoghq.com/api/v2/rum?ddsource=browser&dd-api-key=pub222856fe11852abc3642b1395fac0627&dd-evp-origin-version=7.1.0&dd-evp-origin=browser&dd-request-id=1d174071-c4b9-40b3-b7a3-0ac679e3e3fd&batch_time=1781698676854&_dd.api=fetch:0
[ 3892326ms] [ERROR] Failed to load resource: net::ERR_NAME_NOT_RESOLVED @ https://browser-intake-datadoghq.com/api/v2/rum?ddsource=browser&dd-api-key=pub222856fe11852abc3642b1395fac0627&dd-evp-origin-version=7.1.0&dd-evp-origin=browser&dd-request-id=ff7a7bda-d22b-4156-866a-f58d662b8b47&batch_time=1781698677766&_dd.api=fetch:0
[ 3893276ms] [ERROR] Failed to load resource: net::ERR_NAME_NOT_RESOLVED @ https://browser-intake-datadoghq.com/api/v2/rum?ddsource=browser&dd-api-key=pub222856fe11852abc3642b1395fac0627&dd-evp-origin-version=7.1.0&dd-evp-origin=browser&dd-request-id=0137038a-bdca-4d67-80c0-1bb204fe8b8b&batch_time=1781698678634&_dd.api=fetch:0
[ 3894274ms] [ERROR] Failed to load resource: net::ERR_NAME_NOT_RESOLVED @ https://browser-intake-datadoghq.com/api/v2/rum?ddsource=browser&dd-api-key=pub222856fe11852abc3642b1395fac0627&dd-evp-origin-version=7.1.0&dd-evp-origin=browser&dd-request-id=750e86b8-99df-47e8-b49c-43f1f9f24a5d&batch_time=1781698679761&_dd.api=fetch:0
[ 3895120ms] [ERROR] Failed to load resource: net::ERR_NAME_NOT_RESOLVED @ https://browser-intake-datadoghq.com/api/v2/rum?ddsource=browser&dd-api-key=pub222856fe11852abc3642b1395fac0627&dd-evp-origin-version=7.1.0&dd-evp-origin=browser&dd-request-id=84a1a08d-eef3-4697-94c0-cd3e8b7b78dc&batch_time=1781698680594&_dd.api=fetch:0
[ 3895815ms] [ERROR] Failed to load resource: net::ERR_NAME_NOT_RESOLVED @ https://browser-intake-datadoghq.com/api/v2/rum?ddsource=browser&dd-api-key=pub222856fe11852abc3642b1395fac0627&dd-evp-origin-version=7.1.0&dd-evp-origin=browser&dd-request-id=e8fdfd87-7c32-4d0f-ab5c-85246a3ae3b3&batch_time=1781698681302&_dd.api=fetch:0
[ 3896858ms] [ERROR] Failed to load resource: net::ERR_NAME_NOT_RESOLVED @ https://browser-intake-datadoghq.com/api/v2/rum?ddsource=browser&dd-api-key=pub222856fe11852abc3642b1395fac0627&dd-evp-origin-version=7.1.0&dd-evp-origin=browser&dd-request-id=18550f06-7480-45fb-a45b-446c9abf457b&batch_time=1781698682290&_dd.api=fetch:0
[ 3897499ms] [ERROR] Failed to load resource: net::ERR_NAME_NOT_RESOLVED @ https://browser-intake-datadoghq.com/api/v2/rum?ddsource=browser&dd-api-key=pub222856fe11852abc3642b1395fac0627&dd-evp-origin-version=7.1.0&dd-evp-origin=browser&dd-request-id=eb7b1d94-062f-4171-bea1-8e757502cb09&batch_time=1781698682985&_dd.api=fetch:0
[ 3898380ms] [ERROR] Failed to load resource: net::ERR_NAME_NOT_RESOLVED @ https://browser-intake-datadoghq.com/api/v2/rum?ddsource=browser&dd-api-key=pub222856fe11852abc3642b1395fac0627&dd-evp-origin-version=7.1.0&dd-evp-origin=browser&dd-request-id=c2c3c146-57a5-460c-be76-a5c764b2b4dc&batch_time=1781698683857&_dd.api=fetch:0
[ 3899627ms] [ERROR] Failed to load resource: net::ERR_NAME_NOT_RESOLVED @ https://browser-intake-datadoghq.com/api/v2/rum?ddsource=browser&dd-api-key=pub222856fe11852abc3642b1395fac0627&dd-evp-origin-version=7.1.0&dd-evp-origin=browser&dd-request-id=7d321a1b-3a07-416b-b4be-6119259de7f8&batch_time=1781698685011&_dd.api=fetch:0
[ 3900194ms] [ERROR] Failed to load resource: net::ERR_NAME_NOT_RESOLVED @ https://browser-intake-datadoghq.com/api/v2/rum?ddsource=browser&dd-api-key=pub222856fe11852abc3642b1395fac0627&dd-evp-origin-version=7.1.0&dd-evp-origin=browser&dd-request-id=d494ac8c-1a9f-4fcf-b59e-78aab48b509b&batch_time=1781698685680&_dd.api=fetch:0
[ 3901066ms] [ERROR] Failed to load resource: net::ERR_NAME_NOT_RESOLVED @ https://browser-intake-datadoghq.com/api/v2/rum?ddsource=browser&dd-api-key=pub222856fe11852abc3642b1395fac0627&dd-evp-origin-version=7.1.0&dd-evp-origin=browser&dd-request-id=1f1d3583-fca9-4ee3-9757-abd72b122e4e&batch_time=1781698686552&_dd.api=fetch:0
[ 3902147ms] [ERROR] Failed to load resource: net::ERR_NAME_NOT_RESOLVED @ https://browser-intake-datadoghq.com/api/v2/rum?ddsource=browser&dd-api-key=pub222856fe11852abc3642b1395fac0627&dd-evp-origin-version=7.1.0&dd-evp-origin=browser&dd-request-id=6654d3b8-dd2f-4aa4-a2d3-f062f3fdd11c&batch_time=1781698687581&_dd.api=fetch:0
[ 3903733ms] [ERROR] Failed to load resource: net::ERR_NAME_NOT_RESOLVED @ https://browser-intake-datadoghq.com/api/v2/rum?ddsource=browser&dd-api-key=pub222856fe11852abc3642b1395fac0627&dd-evp-origin-version=7.1.0&dd-evp-origin=browser&dd-request-id=1e2a7121-8867-498f-acba-9f4f92d56732&batch_time=1781698689220&_dd.api=fetch:0
[ 3905612ms] [ERROR] Failed to load resource: net::ERR_NAME_NOT_RESOLVED @ https://browser-intake-datadoghq.com/api/v2/rum?ddsource=browser&dd-api-key=pub222856fe11852abc3642b1395fac0627&dd-evp-origin-version=7.1.0&dd-evp-origin=browser&dd-request-id=57be6239-6ccd-4846-b0b1-04f70b3dfb51&batch_time=1781698691088&_dd.api=fetch:0
[ 3905917ms] [ERROR] Failed to load resource: net::ERR_NAME_NOT_RESOLVED @ https://browser-intake-datadoghq.com/api/v2/rum?ddsource=browser&dd-api-key=pub222856fe11852abc3642b1395fac0627&dd-evp-origin-version=7.1.0&dd-evp-origin=browser&dd-request-id=a19cd580-d07d-4f54-8f5b-6aafe0e57674&batch_time=1781698691404&_dd.api=fetch:0
[ 3906654ms] [ERROR] Failed to load resource: net::ERR_NAME_NOT_RESOLVED @ https://browser-intake-datadoghq.com/api/v2/rum?ddsource=browser&dd-api-key=pub222856fe11852abc3642b1395fac0627&dd-evp-origin-version=7.1.0&dd-evp-origin=browser&dd-request-id=9d063110-82a1-47a0-802e-22d4530f8fc5&batch_time=1781698692140&_dd.api=fetch:0
[ 3909033ms] [ERROR] Failed to load resource: net::ERR_NAME_NOT_RESOLVED @ https://browser-intake-datadoghq.com/api/v2/rum?ddsource=browser&dd-api-key=pub222856fe11852abc3642b1395fac0627&dd-evp-origin-version=7.1.0&dd-evp-origin=browser&dd-request-id=952d400a-4625-4155-901e-833e861346aa&batch_time=1781698694509&_dd.api=fetch:0
[ 3910386ms] [ERROR] Failed to load resource: net::ERR_NAME_NOT_RESOLVED @ https://browser-intake-datadoghq.com/api/v2/rum?ddsource=browser&dd-api-key=pub222856fe11852abc3642b1395fac0627&dd-evp-origin-version=7.1.0&dd-evp-origin=browser&dd-request-id=81ceb492-2fb3-48d2-a320-3ce3080bf703&batch_time=1781698695848&_dd.api=fetch:0
[ 3911270ms] [ERROR] Failed to load resource: net::ERR_NAME_NOT_RESOLVED @ https://browser-intake-datadoghq.com/api/v2/rum?ddsource=browser&dd-api-key=pub222856fe11852abc3642b1395fac0627&dd-evp-origin-version=7.1.0&dd-evp-origin=browser&dd-request-id=82389c38-36f1-41bc-b0cc-729838f570a5&batch_time=1781698696753&_dd.api=fetch:0
[ 3912999ms] [ERROR] Failed to load resource: net::ERR_NAME_NOT_RESOLVED @ https://browser-intake-datadoghq.com/api/v2/rum?ddsource=browser&dd-api-key=pub222856fe11852abc3642b1395fac0627&dd-evp-origin-version=7.1.0&dd-evp-origin=browser&dd-request-id=a3a5e670-9241-435f-8eac-024a0048772b&batch_time=1781698698417&_dd.api=fetch:0
[ 3913583ms] [ERROR] Failed to load resource: net::ERR_NAME_NOT_RESOLVED @ https://browser-intake-datadoghq.com/api/v2/rum?ddsource=browser&dd-api-key=pub222856fe11852abc3642b1395fac0627&dd-evp-origin-version=7.1.0&dd-evp-origin=browser&dd-request-id=6309ae6c-f633-4e65-a3a8-960a5dcaa696&batch_time=1781698699069&_dd.api=fetch:0
[ 3915012ms] [ERROR] Failed to load resource: net::ERR_NAME_NOT_RESOLVED @ https://browser-intake-datadoghq.com/api/v2/rum?ddsource=browser&dd-api-key=pub222856fe11852abc3642b1395fac0627&dd-evp-origin-version=7.1.0&dd-evp-origin=browser&dd-request-id=c58a3dcf-429e-4399-9675-00477663cd7c&batch_time=1781698700454&_dd.api=fetch:0
[ 3916313ms] [ERROR] Failed to load resource: net::ERR_NAME_NOT_RESOLVED @ https://browser-intake-datadoghq.com/api/v2/rum?ddsource=browser&dd-api-key=pub222856fe11852abc3642b1395fac0627&dd-evp-origin-version=7.1.0&dd-evp-origin=browser&dd-request-id=122aa834-d3bf-4365-abbc-8a33aae5d56b&batch_time=1781698701777&_dd.api=fetch:0
[ 3917350ms] [ERROR] Failed to load resource: net::ERR_NAME_NOT_RESOLVED @ https://browser-intake-datadoghq.com/api/v2/rum?ddsource=browser&dd-api-key=pub222856fe11852abc3642b1395fac0627&dd-evp-origin-version=7.1.0&dd-evp-origin=browser&dd-request-id=f8b4921d-3e6d-45cf-ab27-2d7f047d51fc&batch_time=1781698702837&_dd.api=fetch:0
[ 3919573ms] [ERROR] Failed to load resource: net::ERR_NAME_NOT_RESOLVED @ https://browser-intake-datadoghq.com/api/v2/rum?ddsource=browser&dd-api-key=pub222856fe11852abc3642b1395fac0627&dd-evp-origin-version=7.1.0&dd-evp-origin=browser&dd-request-id=12a83473-d6ac-4b11-a6b4-978dc2b38ee1&batch_time=1781698705028&_dd.api=fetch:0
[ 3921443ms] [ERROR] Failed to load resource: net::ERR_NAME_NOT_RESOLVED @ https://browser-intake-datadoghq.com/api/v2/rum?ddsource=browser&dd-api-key=pub222856fe11852abc3642b1395fac0627&dd-evp-origin-version=7.1.0&dd-evp-origin=browser&dd-request-id=411bc015-79c9-4a97-ad1a-8b9dd421005a&batch_time=1781698706884&_dd.api=fetch:0
[ 3922712ms] [ERROR] Failed to load resource: net::ERR_NAME_NOT_RESOLVED @ https://browser-intake-datadoghq.com/api/v2/rum?ddsource=browser&dd-api-key=pub222856fe11852abc3642b1395fac0627&dd-evp-origin-version=7.1.0&dd-evp-origin=browser&dd-request-id=c40848ca-2434-4120-8569-48029aded762&batch_time=1781698708176&_dd.api=fetch:0
[ 3924827ms] [ERROR] Failed to load resource: net::ERR_NAME_NOT_RESOLVED @ https://browser-intake-datadoghq.com/api/v2/rum?ddsource=browser&dd-api-key=pub222856fe11852abc3642b1395fac0627&dd-evp-origin-version=7.1.0&dd-evp-origin=browser&dd-request-id=49fd1d00-c6ff-401c-801f-cf4d4ae644a8&batch_time=1781698710312&_dd.api=fetch:0
[ 3926397ms] [ERROR] Failed to load resource: net::ERR_NAME_NOT_RESOLVED @ https://browser-intake-datadoghq.com/api/v2/rum?ddsource=browser&dd-api-key=pub222856fe11852abc3642b1395fac0627&dd-evp-origin-version=7.1.0&dd-evp-origin=browser&dd-request-id=7aaba2bc-1fc8-4d50-b13b-cb92d9ecd955&batch_time=1781698711762&_dd.api=fetch:0
[ 3927362ms] [ERROR] Failed to load resource: net::ERR_NAME_NOT_RESOLVED @ https://browser-intake-datadoghq.com/api/v2/rum?ddsource=browser&dd-api-key=pub222856fe11852abc3642b1395fac0627&dd-evp-origin-version=7.1.0&dd-evp-origin=browser&dd-request-id=7a1de16a-c543-4565-9cc1-7fa2b4a1d734&batch_time=1781698712814&_dd.api=fetch:0
[ 3929344ms] [ERROR] Failed to load resource: net::ERR_NAME_NOT_RESOLVED @ https://browser-intake-datadoghq.com/api/v2/rum?ddsource=browser&dd-api-key=pub222856fe11852abc3642b1395fac0627&dd-evp-origin-version=7.1.0&dd-evp-origin=browser&dd-request-id=41d81f34-87be-4708-bcad-c19aa2821e63&batch_time=1781698714819&_dd.api=fetch:0
[ 3930570ms] [ERROR] Failed to load resource: net::ERR_NAME_NOT_RESOLVED @ https://browser-intake-datadoghq.com/api/v2/rum?ddsource=browser&dd-api-key=pub222856fe11852abc3642b1395fac0627&dd-evp-origin-version=7.1.0&dd-evp-origin=browser&dd-request-id=4e7a54b3-934c-44d5-b8bb-b2067cb66613&batch_time=1781698716035&_dd.api=fetch:0
[ 3932559ms] [ERROR] Failed to load resource: net::ERR_NAME_NOT_RESOLVED @ https://browser-intake-datadoghq.com/api/v2/rum?ddsource=browser&dd-api-key=pub222856fe11852abc3642b1395fac0627&dd-evp-origin-version=7.1.0&dd-evp-origin=browser&dd-request-id=26139d4d-527f-43ad-a997-d340e02f223b&batch_time=1781698718010&_dd.api=fetch:0
[ 3934382ms] [ERROR] Failed to load resource: net::ERR_NAME_NOT_RESOLVED @ https://browser-intake-datadoghq.com/api/v2/rum?ddsource=browser&dd-api-key=pub222856fe11852abc3642b1395fac0627&dd-evp-origin-version=7.1.0&dd-evp-origin=browser&dd-request-id=6f589eab-6cc4-453d-b73b-fe8eb883b8d8&batch_time=1781698719825&_dd.api=fetch:0
[ 3935756ms] [ERROR] Failed to load resource: net::ERR_NAME_NOT_RESOLVED @ https://browser-intake-datadoghq.com/api/v2/rum?ddsource=browser&dd-api-key=pub222856fe11852abc3642b1395fac0627&dd-evp-origin-version=7.1.0&dd-evp-origin=browser&dd-request-id=5300c595-1583-45f3-87f0-bbf024cf187f&batch_time=1781698721197&_dd.api=fetch:0
[ 3937334ms] [ERROR] Failed to load resource: net::ERR_NAME_NOT_RESOLVED @ https://browser-intake-datadoghq.com/api/v2/rum?ddsource=browser&dd-api-key=pub222856fe11852abc3642b1395fac0627&dd-evp-origin-version=7.1.0&dd-evp-origin=browser&dd-request-id=687291dd-0390-47f4-b28e-cc8f959aa09f&batch_time=1781698722759&_dd.api=fetch:0
[ 3938733ms] [ERROR] Failed to load resource: net::ERR_NAME_NOT_RESOLVED @ https://browser-intake-datadoghq.com/api/v2/rum?ddsource=browser&dd-api-key=pub222856fe11852abc3642b1395fac0627&dd-evp-origin-version=7.1.0&dd-evp-origin=browser&dd-request-id=72cb3a0b-9516-464d-b409-402c213f401b&batch_time=1781698724220&_dd.api=fetch:0
[ 3940830ms] [ERROR] Failed to load resource: net::ERR_NAME_NOT_RESOLVED @ https://browser-intake-datadoghq.com/api/v2/rum?ddsource=browser&dd-api-key=pub222856fe11852abc3642b1395fac0627&dd-evp-origin-version=7.1.0&dd-evp-origin=browser&dd-request-id=cb11dd80-0881-4b54-8ed7-3071721d7ee6&batch_time=1781698726245&_dd.api=fetch:0
[ 3942305ms] [ERROR] Failed to load resource: net::ERR_NAME_NOT_RESOLVED @ https://browser-intake-datadoghq.com/api/v2/rum?ddsource=browser&dd-api-key=pub222856fe11852abc3642b1395fac0627&dd-evp-origin-version=7.1.0&dd-evp-origin=browser&dd-request-id=52cb0f83-4959-43a7-a32f-95899f8beb24&batch_time=1781698727774&_dd.api=fetch:0
[ 3945057ms] [ERROR] Failed to load resource: net::ERR_NAME_NOT_RESOLVED @ https://browser-intake-datadoghq.com/api/v2/rum?ddsource=browser&dd-api-key=pub222856fe11852abc3642b1395fac0627&dd-evp-origin-version=7.1.0&dd-evp-origin=browser&dd-request-id=f8e6f6c4-0d32-4b95-babc-b26e98d77065&batch_time=1781698730426&_dd.api=fetch:0
[ 3946602ms] [ERROR] Failed to load resource: net::ERR_NAME_NOT_RESOLVED @ https://browser-intake-datadoghq.com/api/v2/rum?ddsource=browser&dd-api-key=pub222856fe11852abc3642b1395fac0627&dd-evp-origin-version=7.1.0&dd-evp-origin=browser&dd-request-id=0792a231-f5c6-4655-aa95-fb01ff172007&batch_time=1781698732018&_dd.api=fetch:0
[ 3947423ms] [ERROR] Failed to load resource: net::ERR_NAME_NOT_RESOLVED @ https://browser-intake-datadoghq.com/api/v2/rum?ddsource=browser&dd-api-key=pub222856fe11852abc3642b1395fac0627&dd-evp-origin-version=7.1.0&dd-evp-origin=browser&dd-request-id=00c0b114-4e3a-489a-a3ec-560f37c8841e&batch_time=1781698732855&_dd.api=fetch:0
[ 3948826ms] [ERROR] Failed to load resource: net::ERR_NAME_NOT_RESOLVED @ https://browser-intake-datadoghq.com/api/v2/rum?ddsource=browser&dd-api-key=pub222856fe11852abc3642b1395fac0627&dd-evp-origin-version=7.1.0&dd-evp-origin=browser&dd-request-id=25867e13-1fd9-403b-9e85-dc9d554b1297&batch_time=1781698734311&_dd.api=fetch:0
[ 3951443ms] [ERROR] Failed to load resource: net::ERR_NAME_NOT_RESOLVED @ https://browser-intake-datadoghq.com/api/v2/rum?ddsource=browser&dd-api-key=pub222856fe11852abc3642b1395fac0627&dd-evp-origin-version=7.1.0&dd-evp-origin=browser&dd-request-id=f035e72a-869f-4529-a106-b5bd977287a2&batch_time=1781698736848&_dd.api=fetch:0
[ 3952771ms] [ERROR] Failed to load resource: net::ERR_NAME_NOT_RESOLVED @ https://browser-intake-datadoghq.com/api/v2/rum?ddsource=browser&dd-api-key=pub222856fe11852abc3642b1395fac0627&dd-evp-origin-version=7.1.0&dd-evp-origin=browser&dd-request-id=47735b5e-e903-414e-a358-831c0c110ef4&batch_time=1781698738246&_dd.api=fetch:0
[ 3954456ms] [ERROR] Failed to load resource: net::ERR_NAME_NOT_RESOLVED @ https://browser-intake-datadoghq.com/api/v2/rum?ddsource=browser&dd-api-key=pub222856fe11852abc3642b1395fac0627&dd-evp-origin-version=7.1.0&dd-evp-origin=browser&dd-request-id=8051c5b7-471c-4911-9a95-51604a776234&batch_time=1781698739939&_dd.api=fetch:0
[ 3955791ms] [ERROR] Failed to load resource: net::ERR_NAME_NOT_RESOLVED @ https://browser-intake-datadoghq.com/api/v2/rum?ddsource=browser&dd-api-key=pub222856fe11852abc3642b1395fac0627&dd-evp-origin-version=7.1.0&dd-evp-origin=browser&dd-request-id=48cbd4f5-364c-42db-b5c0-a91b50728c0c&batch_time=1781698741277&_dd.api=fetch:0
[ 3957235ms] [ERROR] Failed to load resource: net::ERR_NAME_NOT_RESOLVED @ https://browser-intake-datadoghq.com/api/v2/rum?ddsource=browser&dd-api-key=pub222856fe11852abc3642b1395fac0627&dd-evp-origin-version=7.1.0&dd-evp-origin=browser&dd-request-id=b5a31e3d-f0cc-42fa-b8c2-784f137894d2&batch_time=1781698742722&_dd.api=fetch:0
[ 3958276ms] [ERROR] Failed to load resource: net::ERR_NAME_NOT_RESOLVED @ https://browser-intake-datadoghq.com/api/v2/rum?ddsource=browser&dd-api-key=pub222856fe11852abc3642b1395fac0627&dd-evp-origin-version=7.1.0&dd-evp-origin=browser&dd-request-id=4e501a95-efcf-4f81-a79a-acfa91f8b46e&batch_time=1781698743670&_dd.api=fetch:0
[ 3959046ms] [ERROR] Failed to load resource: net::ERR_NAME_NOT_RESOLVED @ https://browser-intake-datadoghq.com/api/v2/rum?ddsource=browser&dd-api-key=pub222856fe11852abc3642b1395fac0627&dd-evp-origin-version=7.1.0&dd-evp-origin=browser&dd-request-id=092ba35e-d0e0-4516-afe5-e882684d92f9&batch_time=1781698744532&_dd.api=fetch:0
[ 3960231ms] [ERROR] Failed to load resource: net::ERR_NAME_NOT_RESOLVED @ https://browser-intake-datadoghq.com/api/v2/rum?ddsource=browser&dd-api-key=pub222856fe11852abc3642b1395fac0627&dd-evp-origin-version=7.1.0&dd-evp-origin=browser&dd-request-id=34a7a213-15e4-480e-a0d0-5a523689da38&batch_time=1781698745624&_dd.api=fetch:0
[ 3960801ms] [ERROR] Failed to load resource: net::ERR_NAME_NOT_RESOLVED @ https://browser-intake-datadoghq.com/api/v2/rum?ddsource=browser&dd-api-key=pub222856fe11852abc3642b1395fac0627&dd-evp-origin-version=7.1.0&dd-evp-origin=browser&dd-request-id=24720616-6401-4a60-a169-0a5155a1c10a&batch_time=1781698746288&_dd.api=fetch:0
[ 3961393ms] [ERROR] Failed to load resource: net::ERR_NAME_NOT_RESOLVED @ https://browser-intake-datadoghq.com/api/v2/rum?ddsource=browser&dd-api-key=pub222856fe11852abc3642b1395fac0627&dd-evp-origin-version=7.1.0&dd-evp-origin=browser&dd-request-id=d6ebfbd4-b72b-4e39-bbee-1a3d9d3e4084&batch_time=1781698746861&_dd.api=fetch:0
[ 3962636ms] [ERROR] Failed to load resource: net::ERR_NAME_NOT_RESOLVED @ https://browser-intake-datadoghq.com/api/v2/rum?ddsource=browser&dd-api-key=pub222856fe11852abc3642b1395fac0627&dd-evp-origin-version=7.1.0&dd-evp-origin=browser&dd-request-id=7842f1a8-cd50-453b-b708-2ab37c725072&batch_time=1781698748086&_dd.api=fetch:0
[ 3963670ms] [ERROR] Failed to load resource: net::ERR_NAME_NOT_RESOLVED @ https://browser-intake-datadoghq.com/api/v2/rum?ddsource=browser&dd-api-key=pub222856fe11852abc3642b1395fac0627&dd-evp-origin-version=7.1.0&dd-evp-origin=browser&dd-request-id=1f497486-a2eb-4230-b834-51695436b31e&batch_time=1781698749143&_dd.api=fetch:0
[ 3965101ms] [ERROR] Failed to load resource: net::ERR_NAME_NOT_RESOLVED @ https://browser-intake-datadoghq.com/api/v2/rum?ddsource=browser&dd-api-key=pub222856fe11852abc3642b1395fac0627&dd-evp-origin-version=7.1.0&dd-evp-origin=browser&dd-request-id=217b11c8-ff77-4aa4-b8dd-7c7931f4f241&batch_time=1781698750140&_dd.api=fetch:0
[ 3965972ms] [ERROR] Failed to load resource: net::ERR_NAME_NOT_RESOLVED @ https://browser-intake-datadoghq.com/api/v2/rum?ddsource=browser&dd-api-key=pub222856fe11852abc3642b1395fac0627&dd-evp-origin-version=7.1.0&dd-evp-origin=browser&dd-request-id=cde716d3-3a5c-4e0a-a240-9233d637d3e5&batch_time=1781698751434&_dd.api=fetch:0
[ 3966855ms] [ERROR] Failed to load resource: net::ERR_NAME_NOT_RESOLVED @ https://browser-intake-datadoghq.com/api/v2/rum?ddsource=browser&dd-api-key=pub222856fe11852abc3642b1395fac0627&dd-evp-origin-version=7.1.0&dd-evp-origin=browser&dd-request-id=f064daf2-1286-43b3-be7d-9ee1e5224b31&batch_time=1781698752319&_dd.api=fetch:0
[ 3967788ms] [ERROR] Failed to load resource: net::ERR_NAME_NOT_RESOLVED @ https://browser-intake-datadoghq.com/api/v2/rum?ddsource=browser&dd-api-key=pub222856fe11852abc3642b1395fac0627&dd-evp-origin-version=7.1.0&dd-evp-origin=browser&dd-request-id=46a730c0-dbd1-471c-a914-89f2d4ed9ecb&batch_time=1781698753264&_dd.api=fetch:0
[ 3969974ms] [ERROR] Failed to load resource: net::ERR_NAME_NOT_RESOLVED @ https://browser-intake-datadoghq.com/api/v2/rum?ddsource=browser&dd-api-key=pub222856fe11852abc3642b1395fac0627&dd-evp-origin-version=7.1.0&dd-evp-origin=browser&dd-request-id=27129411-e0df-4e61-904f-1d74cb8cc229&batch_time=1781698755343&_dd.api=fetch:0
[ 3970459ms] [ERROR] Failed to load resource: net::ERR_NAME_NOT_RESOLVED @ https://browser-intake-datadoghq.com/api/v2/rum?ddsource=browser&dd-api-key=pub222856fe11852abc3642b1395fac0627&dd-evp-origin-version=7.1.0&dd-evp-origin=browser&dd-request-id=809693da-80e8-4ed0-acc4-20e81b35f514&batch_time=1781698755923&_dd.api=fetch:0
[ 3970797ms] [ERROR] Failed to load resource: net::ERR_NAME_NOT_RESOLVED @ https://browser-intake-datadoghq.com/api/v2/rum?ddsource=browser&dd-api-key=pub222856fe11852abc3642b1395fac0627&dd-evp-origin-version=7.1.0&dd-evp-origin=browser&dd-request-id=9409b002-08b9-4469-925d-b429a1eedebb&batch_time=1781698756284&_dd.api=fetch:0
[ 3971779ms] [ERROR] Failed to load resource: net::ERR_NAME_NOT_RESOLVED @ https://browser-intake-datadoghq.com/api/v2/rum?ddsource=browser&dd-api-key=pub222856fe11852abc3642b1395fac0627&dd-evp-origin-version=7.1.0&dd-evp-origin=browser&dd-request-id=cbfc3acb-9258-4bb7-bbf4-3b1fbf45e7b1&batch_time=1781698757187&_dd.api=fetch:0
[ 3972785ms] [ERROR] Failed to load resource: net::ERR_NAME_NOT_RESOLVED @ https://browser-intake-datadoghq.com/api/v2/rum?ddsource=browser&dd-api-key=pub222856fe11852abc3642b1395fac0627&dd-evp-origin-version=7.1.0&dd-evp-origin=browser&dd-request-id=8a1cd80e-b205-4527-8d80-142d227b6b24&batch_time=1781698758164&_dd.api=fetch:0
[ 3973898ms] [ERROR] Failed to load resource: net::ERR_NAME_NOT_RESOLVED @ https://browser-intake-datadoghq.com/api/v2/rum?ddsource=browser&dd-api-key=pub222856fe11852abc3642b1395fac0627&dd-evp-origin-version=7.1.0&dd-evp-origin=browser&dd-request-id=72805ec6-a1bf-4749-94f7-550aa6575d34&batch_time=1781698759384&_dd.api=fetch:0
[ 3975272ms] [ERROR] Failed to load resource: net::ERR_NAME_NOT_RESOLVED @ https://browser-intake-datadoghq.com/api/v2/rum?ddsource=browser&dd-api-key=pub222856fe11852abc3642b1395fac0627&dd-evp-origin-version=7.1.0&dd-evp-origin=browser&dd-request-id=b16bb1b9-0bfd-405e-a06f-a5a7efcb7f96&batch_time=1781698760692&_dd.api=fetch:0
[ 3977295ms] [ERROR] Failed to load resource: net::ERR_NAME_NOT_RESOLVED @ https://browser-intake-datadoghq.com/api/v2/rum?ddsource=browser&dd-api-key=pub222856fe11852abc3642b1395fac0627&dd-evp-origin-version=7.1.0&dd-evp-origin=browser&dd-request-id=520cb36f-ab6e-429b-a71d-40dfd996330d&batch_time=1781698762750&_dd.api=fetch:0
[ 3978034ms] [ERROR] Failed to load resource: net::ERR_NAME_NOT_RESOLVED @ https://browser-intake-datadoghq.com/api/v2/rum?ddsource=browser&dd-api-key=pub222856fe11852abc3642b1395fac0627&dd-evp-origin-version=7.1.0&dd-evp-origin=browser&dd-request-id=9082b300-aabb-49d9-b79f-849adb5c069c&batch_time=1781698763373&_dd.api=fetch:0
[ 3978716ms] [ERROR] Failed to load resource: net::ERR_NAME_NOT_RESOLVED @ https://browser-intake-datadoghq.com/api/v2/rum?ddsource=browser&dd-api-key=pub222856fe11852abc3642b1395fac0627&dd-evp-origin-version=7.1.0&dd-evp-origin=browser&dd-request-id=337fdbdb-1214-4daa-a55a-8cb0d104434a&batch_time=1781698764141&_dd.api=fetch:0
[ 3979523ms] [ERROR] Failed to load resource: net::ERR_NAME_NOT_RESOLVED @ https://browser-intake-datadoghq.com/api/v2/rum?ddsource=browser&dd-api-key=pub222856fe11852abc3642b1395fac0627&dd-evp-origin-version=7.1.0&dd-evp-origin=browser&dd-request-id=c1dbf678-28ec-4ff7-81f7-053c2c5ea950&batch_time=1781698765008&_dd.api=fetch:0
[ 3980301ms] [ERROR] Failed to load resource: net::ERR_NAME_NOT_RESOLVED @ https://browser-intake-datadoghq.com/api/v2/rum?ddsource=browser&dd-api-key=pub222856fe11852abc3642b1395fac0627&dd-evp-origin-version=7.1.0&dd-evp-origin=browser&dd-request-id=dfd2181a-c4cb-42d4-ad81-4825b40c49e0&batch_time=1781698765774&_dd.api=fetch:0
[ 3981760ms] [ERROR] Failed to load resource: net::ERR_NAME_NOT_RESOLVED @ https://browser-intake-datadoghq.com/api/v2/rum?ddsource=browser&dd-api-key=pub222856fe11852abc3642b1395fac0627&dd-evp-origin-version=7.1.0&dd-evp-origin=browser&dd-request-id=3452cbea-bd1c-4032-9274-e7afc2e581c5&batch_time=1781698767247&_dd.api=fetch:0
[ 3982870ms] [ERROR] Failed to load resource: net::ERR_NAME_NOT_RESOLVED @ https://browser-intake-datadoghq.com/api/v2/rum?ddsource=browser&dd-api-key=pub222856fe11852abc3642b1395fac0627&dd-evp-origin-version=7.1.0&dd-evp-origin=browser&dd-request-id=763241d5-1097-4e5e-b781-d0089347de7b&batch_time=1781698768357&_dd.api=fetch:0
[ 3983782ms] [ERROR] Failed to load resource: net::ERR_NAME_NOT_RESOLVED @ https://browser-intake-datadoghq.com/api/v2/rum?ddsource=browser&dd-api-key=pub222856fe11852abc3642b1395fac0627&dd-evp-origin-version=7.1.0&dd-evp-origin=browser&dd-request-id=37829779-3f64-4cfe-900a-0024c46964f8&batch_time=1781698769247&_dd.api=fetch:0
[ 3984805ms] [ERROR] Failed to load resource: net::ERR_NAME_NOT_RESOLVED @ https://browser-intake-datadoghq.com/api/v2/rum?ddsource=browser&dd-api-key=pub222856fe11852abc3642b1395fac0627&dd-evp-origin-version=7.1.0&dd-evp-origin=browser&dd-request-id=a7436f2b-8ec6-4f37-a3af-08657285831d&batch_time=1781698770281&_dd.api=fetch:0
[ 3985954ms] [ERROR] Failed to load resource: net::ERR_NAME_NOT_RESOLVED @ https://browser-intake-datadoghq.com/api/v2/rum?ddsource=browser&dd-api-key=pub222856fe11852abc3642b1395fac0627&dd-evp-origin-version=7.1.0&dd-evp-origin=browser&dd-request-id=a368ed9c-8322-491c-9cf4-c3d78b872f90&batch_time=1781698771440&_dd.api=fetch:0
[ 3986720ms] [ERROR] Failed to load resource: net::ERR_NAME_NOT_RESOLVED @ https://browser-intake-datadoghq.com/api/v2/rum?ddsource=browser&dd-api-key=pub222856fe11852abc3642b1395fac0627&dd-evp-origin-version=7.1.0&dd-evp-origin=browser&dd-request-id=aff437a2-e809-4e88-aecc-a1e463c5bd0e&batch_time=1781698772207&_dd.api=fetch:0
[ 3987589ms] [ERROR] Failed to load resource: net::ERR_NAME_NOT_RESOLVED @ https://browser-intake-datadoghq.com/api/v2/rum?ddsource=browser&dd-api-key=pub222856fe11852abc3642b1395fac0627&dd-evp-origin-version=7.1.0&dd-evp-origin=browser&dd-request-id=336e2993-c3c8-4748-ac3d-00973fe202a1&batch_time=1781698773075&_dd.api=fetch:0
[ 3988690ms] [ERROR] Failed to load resource: net::ERR_NAME_NOT_RESOLVED @ https://browser-intake-datadoghq.com/api/v2/rum?ddsource=browser&dd-api-key=pub222856fe11852abc3642b1395fac0627&dd-evp-origin-version=7.1.0&dd-evp-origin=browser&dd-request-id=1b65fe14-efe4-4575-a096-d02a2b707799&batch_time=1781698774175&_dd.api=fetch:0
[ 3989592ms] [ERROR] Failed to load resource: net::ERR_NAME_NOT_RESOLVED @ https://browser-intake-datadoghq.com/api/v2/rum?ddsource=browser&dd-api-key=pub222856fe11852abc3642b1395fac0627&dd-evp-origin-version=7.1.0&dd-evp-origin=browser&dd-request-id=dda2a72c-3060-45bc-a6bf-9b563ad7bab2&batch_time=1781698775000&_dd.api=fetch:0
[ 3990082ms] [ERROR] Failed to load resource: net::ERR_NAME_NOT_RESOLVED @ https://browser-intake-datadoghq.com/api/v2/rum?ddsource=browser&dd-api-key=pub222856fe11852abc3642b1395fac0627&dd-evp-origin-version=7.1.0&dd-evp-origin=browser&dd-request-id=b4a12460-ac49-462a-8547-ab4107dd626e&batch_time=1781698775504&_dd.api=fetch:0
[ 3990860ms] [ERROR] Failed to load resource: net::ERR_NAME_NOT_RESOLVED @ https://browser-intake-datadoghq.com/api/v2/rum?ddsource=browser&dd-api-key=pub222856fe11852abc3642b1395fac0627&dd-evp-origin-version=7.1.0&dd-evp-origin=browser&dd-request-id=4291e2bd-f57b-412b-ae87-c72d81588d36&batch_time=1781698776346&_dd.api=fetch:0
[ 3992070ms] [ERROR] Failed to load resource: net::ERR_NAME_NOT_RESOLVED @ https://browser-intake-datadoghq.com/api/v2/rum?ddsource=browser&dd-api-key=pub222856fe11852abc3642b1395fac0627&dd-evp-origin-version=7.1.0&dd-evp-origin=browser&dd-request-id=bd08f3ea-e2b7-4759-aae6-7e1752fdc3a8&batch_time=1781698777524&_dd.api=fetch:0
[ 3992652ms] [ERROR] Failed to load resource: net::ERR_NAME_NOT_RESOLVED @ https://browser-intake-datadoghq.com/api/v2/rum?ddsource=browser&dd-api-key=pub222856fe11852abc3642b1395fac0627&dd-evp-origin-version=7.1.0&dd-evp-origin=browser&dd-request-id=50db0a3a-28d9-451f-b8f4-b6b903013eaf&batch_time=1781698778104&_dd.api=fetch:0
[ 3993309ms] [ERROR] Failed to load resource: net::ERR_NAME_NOT_RESOLVED @ https://browser-intake-datadoghq.com/api/v2/rum?ddsource=browser&dd-api-key=pub222856fe11852abc3642b1395fac0627&dd-evp-origin-version=7.1.0&dd-evp-origin=browser&dd-request-id=f3278a9a-59f2-4a72-b493-154a1774a830&batch_time=1781698778696&_dd.api=fetch:0
[ 3993879ms] [ERROR] Failed to load resource: net::ERR_NAME_NOT_RESOLVED @ https://browser-intake-datadoghq.com/api/v2/rum?ddsource=browser&dd-api-key=pub222856fe11852abc3642b1395fac0627&dd-evp-origin-version=7.1.0&dd-evp-origin=browser&dd-request-id=67bba17f-07b7-44b5-a0d6-61effd17c7e1&batch_time=1781698779365&_dd.api=fetch:0
[ 3995965ms] [ERROR] Failed to load resource: net::ERR_NAME_NOT_RESOLVED @ https://browser-intake-datadoghq.com/api/v2/rum?ddsource=browser&dd-api-key=pub222856fe11852abc3642b1395fac0627&dd-evp-origin-version=7.1.0&dd-evp-origin=browser&dd-request-id=98ab3a0a-c067-4bf2-bafa-44e4fe91c863&batch_time=1781698781228&_dd.api=fetch:0
[ 3996192ms] [ERROR] Failed to load resource: net::ERR_NAME_NOT_RESOLVED @ https://browser-intake-datadoghq.com/api/v2/rum?ddsource=browser&dd-api-key=pub222856fe11852abc3642b1395fac0627&dd-evp-origin-version=7.1.0&dd-evp-origin=browser&dd-request-id=a5d64e3d-6e1a-464f-ac35-5f75d44c3a13&batch_time=1781698781666&_dd.api=fetch:0
[ 3997137ms] [ERROR] Failed to load resource: the server responded with a status of 429 () @ https://api.elections.kalshi.com/v1/markets/order_books?market_tickers=KXWCGROUPQUAL-26C-SCO:0
[ 3997181ms] [LOG] Transport layer info: You are making requests too frequently @ https://kalshi.com/_next/static/chunks/0q~3w5mbasf3y.js?dpl=dpl_7dWU2t55wxyR9wVLtpgDJNykXJtb:3
[ 3997418ms] [ERROR] Failed to load resource: net::ERR_NAME_NOT_RESOLVED @ https://browser-intake-datadoghq.com/api/v2/rum?ddsource=browser&dd-api-key=pub222856fe11852abc3642b1395fac0627&dd-evp-origin-version=7.1.0&dd-evp-origin=browser&dd-request-id=9e5420ca-13a3-465b-af2e-016a3077ce2f&batch_time=1781698782822&_dd.api=fetch:0
[ 3999110ms] [ERROR] Failed to load resource: net::ERR_NAME_NOT_RESOLVED @ https://browser-intake-datadoghq.com/api/v2/rum?ddsource=browser&dd-api-key=pub222856fe11852abc3642b1395fac0627&dd-evp-origin-version=7.1.0&dd-evp-origin=browser&dd-request-id=6554b6b2-3c2e-403a-955c-13685f41a832&batch_time=1781698784557&_dd.api=fetch:0
[ 4000622ms] [ERROR] Failed to load resource: net::ERR_NAME_NOT_RESOLVED @ https://browser-intake-datadoghq.com/api/v2/rum?ddsource=browser&dd-api-key=pub222856fe11852abc3642b1395fac0627&dd-evp-origin-version=7.1.0&dd-evp-origin=browser&dd-request-id=f52fe65f-fd45-438f-8caa-b5cf70cb7600&batch_time=1781698786076&_dd.api=fetch:0
[ 4002566ms] [ERROR] Failed to load resource: the server responded with a status of 429 () @ https://api.elections.kalshi.com/v1/milestones/2fb32e45-a35a-4b93-8280-8aea331d9ea1/volume:0
[ 4003313ms] [ERROR] Failed to load resource: net::ERR_NAME_NOT_RESOLVED @ https://browser-intake-datadoghq.com/api/v2/rum?ddsource=browser&dd-api-key=pub222856fe11852abc3642b1395fac0627&dd-evp-origin-version=7.1.0&dd-evp-origin=browser&dd-request-id=b6483387-f66e-478c-bc4e-02401e4d1611&batch_time=1781698788708&_dd.api=fetch:0
[ 4004287ms] [ERROR] Failed to load resource: net::ERR_NAME_NOT_RESOLVED @ https://browser-intake-datadoghq.com/api/v2/rum?ddsource=browser&dd-api-key=pub222856fe11852abc3642b1395fac0627&dd-evp-origin-version=7.1.0&dd-evp-origin=browser&dd-request-id=519ec9a4-9c42-4ce5-abf1-569f2e4efae9&batch_time=1781698789774&_dd.api=fetch:0
[ 4005755ms] [ERROR] Failed to load resource: net::ERR_NAME_NOT_RESOLVED @ https://browser-intake-datadoghq.com/api/v2/rum?ddsource=browser&dd-api-key=pub222856fe11852abc3642b1395fac0627&dd-evp-origin-version=7.1.0&dd-evp-origin=browser&dd-request-id=5885075d-27a7-417d-aa0d-b866864fb0bb&batch_time=1781698791241&_dd.api=fetch:0
[ 4007346ms] [ERROR] Failed to load resource: net::ERR_NAME_NOT_RESOLVED @ https://browser-intake-datadoghq.com/api/v2/rum?ddsource=browser&dd-api-key=pub222856fe11852abc3642b1395fac0627&dd-evp-origin-version=7.1.0&dd-evp-origin=browser&dd-request-id=f61718b8-eff0-473f-8a35-c626bc9f3a4e&batch_time=1781698792809&_dd.api=fetch:0
[ 4009437ms] [ERROR] Failed to load resource: net::ERR_NAME_NOT_RESOLVED @ https://browser-intake-datadoghq.com/api/v2/rum?ddsource=browser&dd-api-key=pub222856fe11852abc3642b1395fac0627&dd-evp-origin-version=7.1.0&dd-evp-origin=browser&dd-request-id=5ea7f129-b0c2-4e74-a32a-721b4216f234&batch_time=1781698794857&_dd.api=fetch:0
[ 4010272ms] [ERROR] Failed to load resource: net::ERR_NAME_NOT_RESOLVED @ https://browser-intake-datadoghq.com/api/v2/rum?ddsource=browser&dd-api-key=pub222856fe11852abc3642b1395fac0627&dd-evp-origin-version=7.1.0&dd-evp-origin=browser&dd-request-id=a71fedc8-aa86-40cf-a6bd-6762ff4bc577&batch_time=1781698795759&_dd.api=fetch:0
[ 4012335ms] [ERROR] Failed to load resource: net::ERR_NAME_NOT_RESOLVED @ https://browser-intake-datadoghq.com/api/v2/rum?ddsource=browser&dd-api-key=pub222856fe11852abc3642b1395fac0627&dd-evp-origin-version=7.1.0&dd-evp-origin=browser&dd-request-id=8fb808f9-d6ba-4933-8f16-fe70e8a87a86&batch_time=1781698797821&_dd.api=fetch:0
[ 4013279ms] [ERROR] Failed to load resource: net::ERR_NAME_NOT_RESOLVED @ https://browser-intake-datadoghq.com/api/v2/rum?ddsource=browser&dd-api-key=pub222856fe11852abc3642b1395fac0627&dd-evp-origin-version=7.1.0&dd-evp-origin=browser&dd-request-id=5d629273-fb80-4ad5-be6b-153ed19898c6&batch_time=1781698798766&_dd.api=fetch:0
[ 4015286ms] [ERROR] Failed to load resource: net::ERR_NAME_NOT_RESOLVED @ https://browser-intake-datadoghq.com/api/v2/rum?ddsource=browser&dd-api-key=pub222856fe11852abc3642b1395fac0627&dd-evp-origin-version=7.1.0&dd-evp-origin=browser&dd-request-id=b4635352-605e-45e5-9e8c-62280cc072bb&batch_time=1781698800759&_dd.api=fetch:0
[ 4016518ms] [ERROR] Failed to load resource: net::ERR_NAME_NOT_RESOLVED @ https://browser-intake-datadoghq.com/api/v2/rum?ddsource=browser&dd-api-key=pub222856fe11852abc3642b1395fac0627&dd-evp-origin-version=7.1.0&dd-evp-origin=browser&dd-request-id=d6a2215c-1c1f-468f-8a2f-9c2a7ca1e7c0&batch_time=1781698801993&_dd.api=fetch:0
[ 4018808ms] [ERROR] Failed to load resource: net::ERR_NAME_NOT_RESOLVED @ https://browser-intake-datadoghq.com/api/v2/rum?ddsource=browser&dd-api-key=pub222856fe11852abc3642b1395fac0627&dd-evp-origin-version=7.1.0&dd-evp-origin=browser&dd-request-id=c61d03b6-044a-477a-8195-0cb12e4115f5&batch_time=1781698804273&_dd.api=fetch:0
[ 4020566ms] [ERROR] Failed to load resource: net::ERR_NAME_NOT_RESOLVED @ https://browser-intake-datadoghq.com/api/v2/rum?ddsource=browser&dd-api-key=pub222856fe11852abc3642b1395fac0627&dd-evp-origin-version=7.1.0&dd-evp-origin=browser&dd-request-id=4135b811-7ce6-4f12-9dc6-61608b3d5f1e&batch_time=1781698806020&_dd.api=fetch:0
[ 4021782ms] [ERROR] Failed to load resource: net::ERR_NAME_NOT_RESOLVED @ https://browser-intake-datadoghq.com/api/v2/rum?ddsource=browser&dd-api-key=pub222856fe11852abc3642b1395fac0627&dd-evp-origin-version=7.1.0&dd-evp-origin=browser&dd-request-id=2b70d86e-4a22-4cd8-8dc1-30bf70d5409b&batch_time=1781698807248&_dd.api=fetch:0
[ 4024182ms] [ERROR] Failed to load resource: net::ERR_NAME_NOT_RESOLVED @ https://browser-intake-datadoghq.com/api/v2/rum?ddsource=browser&dd-api-key=pub222856fe11852abc3642b1395fac0627&dd-evp-origin-version=7.1.0&dd-evp-origin=browser&dd-request-id=8417f829-0961-4d38-a1f6-9a001aa7dda4&batch_time=1781698809631&_dd.api=fetch:0
[ 4025153ms] [ERROR] Failed to load resource: net::ERR_NAME_NOT_RESOLVED @ https://browser-intake-datadoghq.com/api/v2/rum?ddsource=browser&dd-api-key=pub222856fe11852abc3642b1395fac0627&dd-evp-origin-version=7.1.0&dd-evp-origin=browser&dd-request-id=c80160d2-1ed3-4333-a831-5a256c6f7fe0&batch_time=1781698810627&_dd.api=fetch:0
[ 4026107ms] [ERROR] Failed to load resource: net::ERR_NAME_NOT_RESOLVED @ https://browser-intake-datadoghq.com/api/v2/rum?ddsource=browser&dd-api-key=pub222856fe11852abc3642b1395fac0627&dd-evp-origin-version=7.1.0&dd-evp-origin=browser&dd-request-id=77366f57-56bd-4526-a240-65f8154b37a8&batch_time=1781698811593&_dd.api=fetch:0
[ 4027419ms] [ERROR] Failed to load resource: net::ERR_NAME_NOT_RESOLVED @ https://browser-intake-datadoghq.com/api/v2/rum?ddsource=browser&dd-api-key=pub222856fe11852abc3642b1395fac0627&dd-evp-origin-version=7.1.0&dd-evp-origin=browser&dd-request-id=a43e4c08-58eb-4eff-be3d-6d1fc4a5ccda&batch_time=1781698812857&_dd.api=fetch:0
[ 4028841ms] [ERROR] Failed to load resource: net::ERR_NAME_NOT_RESOLVED @ https://browser-intake-datadoghq.com/api/v2/rum?ddsource=browser&dd-api-key=pub222856fe11852abc3642b1395fac0627&dd-evp-origin-version=7.1.0&dd-evp-origin=browser&dd-request-id=df3121ec-43a4-464a-8b63-b5ae10808ace&batch_time=1781698814311&_dd.api=fetch:0
[ 4030843ms] [ERROR] Failed to load resource: net::ERR_NAME_NOT_RESOLVED @ https://browser-intake-datadoghq.com/api/v2/rum?ddsource=browser&dd-api-key=pub222856fe11852abc3642b1395fac0627&dd-evp-origin-version=7.1.0&dd-evp-origin=browser&dd-request-id=206661f8-c820-42c8-8aba-aa8cbbb09093&batch_time=1781698816281&_dd.api=fetch:0
[ 4031796ms] [ERROR] Failed to load resource: net::ERR_NAME_NOT_RESOLVED @ https://browser-intake-datadoghq.com/api/v2/rum?ddsource=browser&dd-api-key=pub222856fe11852abc3642b1395fac0627&dd-evp-origin-version=7.1.0&dd-evp-origin=browser&dd-request-id=9ed1b258-8637-4ba0-acad-5b222c9096af&batch_time=1781698817282&_dd.api=fetch:0
[ 4033768ms] [ERROR] Failed to load resource: net::ERR_NAME_NOT_RESOLVED @ https://browser-intake-datadoghq.com/api/v2/rum?ddsource=browser&dd-api-key=pub222856fe11852abc3642b1395fac0627&dd-evp-origin-version=7.1.0&dd-evp-origin=browser&dd-request-id=bccedde2-7d27-409d-a2b6-50570c33f77a&batch_time=1781698819254&_dd.api=fetch:0
[ 4034847ms] [ERROR] Failed to load resource: net::ERR_NAME_NOT_RESOLVED @ https://browser-intake-datadoghq.com/api/v2/rum?ddsource=browser&dd-api-key=pub222856fe11852abc3642b1395fac0627&dd-evp-origin-version=7.1.0&dd-evp-origin=browser&dd-request-id=f3299e43-7e56-44ed-a291-7bfc2114dbf9&batch_time=1781698820290&_dd.api=fetch:0
[ 4036886ms] [ERROR] Failed to load resource: net::ERR_NAME_NOT_RESOLVED @ https://browser-intake-datadoghq.com/api/v2/rum?ddsource=browser&dd-api-key=pub222856fe11852abc3642b1395fac0627&dd-evp-origin-version=7.1.0&dd-evp-origin=browser&dd-request-id=c771833d-fe38-4eda-b457-37d941213435&batch_time=1781698822291&_dd.api=fetch:0
[ 4038123ms] [ERROR] Failed to load resource: net::ERR_NAME_NOT_RESOLVED @ https://browser-intake-datadoghq.com/api/v2/rum?ddsource=browser&dd-api-key=pub222856fe11852abc3642b1395fac0627&dd-evp-origin-version=7.1.0&dd-evp-origin=browser&dd-request-id=b51b8768-4319-4061-890d-08a471a63e17&batch_time=1781698823610&_dd.api=fetch:0
[ 4039339ms] [ERROR] Failed to load resource: net::ERR_NAME_NOT_RESOLVED @ https://browser-intake-datadoghq.com/api/v2/rum?ddsource=browser&dd-api-key=pub222856fe11852abc3642b1395fac0627&dd-evp-origin-version=7.1.0&dd-evp-origin=browser&dd-request-id=8d5dca43-7e62-4e4a-9699-bd42856f37a7&batch_time=1781698824825&_dd.api=fetch:0
[ 4041291ms] [ERROR] Failed to load resource: net::ERR_NAME_NOT_RESOLVED @ https://browser-intake-datadoghq.com/api/v2/rum?ddsource=browser&dd-api-key=pub222856fe11852abc3642b1395fac0627&dd-evp-origin-version=7.1.0&dd-evp-origin=browser&dd-request-id=0afd2b31-3c47-4369-b93f-63600b7921e8&batch_time=1781698826743&_dd.api=fetch:0
[ 4043836ms] [ERROR] Failed to load resource: net::ERR_NAME_NOT_RESOLVED @ https://browser-intake-datadoghq.com/api/v2/rum?ddsource=browser&dd-api-key=pub222856fe11852abc3642b1395fac0627&dd-evp-origin-version=7.1.0&dd-evp-origin=browser&dd-request-id=c4fa4585-6d53-42fa-970b-74092fd47086&batch_time=1781698829295&_dd.api=fetch:0
[ 4045591ms] [ERROR] Failed to load resource: net::ERR_NAME_NOT_RESOLVED @ https://browser-intake-datadoghq.com/api/v2/rum?ddsource=browser&dd-api-key=pub222856fe11852abc3642b1395fac0627&dd-evp-origin-version=7.1.0&dd-evp-origin=browser&dd-request-id=382202f0-1164-4aa4-b050-9627a755f1ef&batch_time=1781698831055&_dd.api=fetch:0
[ 4046479ms] [ERROR] Failed to load resource: net::ERR_NAME_NOT_RESOLVED @ https://browser-intake-datadoghq.com/api/v2/rum?ddsource=browser&dd-api-key=pub222856fe11852abc3642b1395fac0627&dd-evp-origin-version=7.1.0&dd-evp-origin=browser&dd-request-id=08929bcd-9a2a-45a3-9ac7-40831701f112&batch_time=1781698831873&_dd.api=fetch:0
[ 4047399ms] [ERROR] Failed to load resource: net::ERR_NAME_NOT_RESOLVED @ https://browser-intake-datadoghq.com/api/v2/rum?ddsource=browser&dd-api-key=pub222856fe11852abc3642b1395fac0627&dd-evp-origin-version=7.1.0&dd-evp-origin=browser&dd-request-id=dcbe790e-0b15-428b-958a-007066e9c1d8&batch_time=1781698832874&_dd.api=fetch:0
[ 4049172ms] [ERROR] Failed to load resource: net::ERR_NAME_NOT_RESOLVED @ https://browser-intake-datadoghq.com/api/v2/rum?ddsource=browser&dd-api-key=pub222856fe11852abc3642b1395fac0627&dd-evp-origin-version=7.1.0&dd-evp-origin=browser&dd-request-id=2806b725-1515-4383-b447-02d17f594e94&batch_time=1781698834648&_dd.api=fetch:0
[ 4050384ms] [ERROR] Failed to load resource: net::ERR_NAME_NOT_RESOLVED @ https://browser-intake-datadoghq.com/api/v2/rum?ddsource=browser&dd-api-key=pub222856fe11852abc3642b1395fac0627&dd-evp-origin-version=7.1.0&dd-evp-origin=browser&dd-request-id=f5316dca-a022-4ea7-84f8-faa9b64a5856&batch_time=1781698835824&_dd.api=fetch:0
[ 4052838ms] [ERROR] Failed to load resource: net::ERR_NAME_NOT_RESOLVED @ https://browser-intake-datadoghq.com/api/v2/rum?ddsource=browser&dd-api-key=pub222856fe11852abc3642b1395fac0627&dd-evp-origin-version=7.1.0&dd-evp-origin=browser&dd-request-id=0b2a127f-6387-44dd-abcd-9918599d7d27&batch_time=1781698838311&_dd.api=fetch:0
[ 4054140ms] [ERROR] Failed to load resource: net::ERR_NAME_NOT_RESOLVED @ https://browser-intake-datadoghq.com/api/v2/rum?ddsource=browser&dd-api-key=pub222856fe11852abc3642b1395fac0627&dd-evp-origin-version=7.1.0&dd-evp-origin=browser&dd-request-id=932fb6a3-9ac9-4243-91b9-fe631b23f798&batch_time=1781698839611&_dd.api=fetch:0
[ 4055800ms] [ERROR] Failed to load resource: net::ERR_NAME_NOT_RESOLVED @ https://browser-intake-datadoghq.com/api/v2/rum?ddsource=browser&dd-api-key=pub222856fe11852abc3642b1395fac0627&dd-evp-origin-version=7.1.0&dd-evp-origin=browser&dd-request-id=6c9d1a4a-6144-4c75-bff2-0458aa8efb2b&batch_time=1781698841264&_dd.api=fetch:0
[ 4057387ms] [ERROR] Failed to load resource: net::ERR_NAME_NOT_RESOLVED @ https://browser-intake-datadoghq.com/api/v2/rum?ddsource=browser&dd-api-key=pub222856fe11852abc3642b1395fac0627&dd-evp-origin-version=7.1.0&dd-evp-origin=browser&dd-request-id=bff2aeeb-1fe1-4a69-b5c3-e49d7246a162&batch_time=1781698842873&_dd.api=fetch:0
[ 4059148ms] [ERROR] Failed to load resource: net::ERR_NAME_NOT_RESOLVED @ https://browser-intake-datadoghq.com/api/v2/rum?ddsource=browser&dd-api-key=pub222856fe11852abc3642b1395fac0627&dd-evp-origin-version=7.1.0&dd-evp-origin=browser&dd-request-id=2a9b335b-45bf-472a-ae0f-74bd9b2bfd99&batch_time=1781698844611&_dd.api=fetch:0
[ 4060802ms] [ERROR] Failed to load resource: net::ERR_NAME_NOT_RESOLVED @ https://browser-intake-datadoghq.com/api/v2/rum?ddsource=browser&dd-api-key=pub222856fe11852abc3642b1395fac0627&dd-evp-origin-version=7.1.0&dd-evp-origin=browser&dd-request-id=8b945de1-08a5-407f-be45-5ee15742d7ca&batch_time=1781698846266&_dd.api=fetch:0
[ 4062792ms] [ERROR] Failed to load resource: net::ERR_NAME_NOT_RESOLVED @ https://browser-intake-datadoghq.com/api/v2/rum?ddsource=browser&dd-api-key=pub222856fe11852abc3642b1395fac0627&dd-evp-origin-version=7.1.0&dd-evp-origin=browser&dd-request-id=b39f1b90-1934-443f-8b2e-69689f6e47e6&batch_time=1781698848266&_dd.api=fetch:0
[ 4064793ms] [ERROR] Failed to load resource: net::ERR_NAME_NOT_RESOLVED @ https://browser-intake-datadoghq.com/api/v2/rum?ddsource=browser&dd-api-key=pub222856fe11852abc3642b1395fac0627&dd-evp-origin-version=7.1.0&dd-evp-origin=browser&dd-request-id=44a521f8-dbfc-4a5f-b1dd-03843003196c&batch_time=1781698850268&_dd.api=fetch:0
[ 4065585ms] [ERROR] Failed to load resource: net::ERR_NAME_NOT_RESOLVED @ https://browser-intake-datadoghq.com/api/v2/rum?ddsource=browser&dd-api-key=pub222856fe11852abc3642b1395fac0627&dd-evp-origin-version=7.1.0&dd-evp-origin=browser&dd-request-id=4a917ad4-f548-4b7a-a7d0-7fc6f5a16baa&batch_time=1781698851061&_dd.api=fetch:0
[ 4067354ms] [ERROR] Failed to load resource: net::ERR_NAME_NOT_RESOLVED @ https://browser-intake-datadoghq.com/api/v2/rum?ddsource=browser&dd-api-key=pub222856fe11852abc3642b1395fac0627&dd-evp-origin-version=7.1.0&dd-evp-origin=browser&dd-request-id=90d94440-5019-4da8-8c7e-5e66274b0761&batch_time=1781698852840&_dd.api=fetch:0
[ 4069073ms] [ERROR] Failed to load resource: net::ERR_NAME_NOT_RESOLVED @ https://browser-intake-datadoghq.com/api/v2/rum?ddsource=browser&dd-api-key=pub222856fe11852abc3642b1395fac0627&dd-evp-origin-version=7.1.0&dd-evp-origin=browser&dd-request-id=817a93dd-2204-4919-bf63-5304ae67b778&batch_time=1781698854555&_dd.api=fetch:0
[ 4071153ms] [ERROR] Failed to load resource: net::ERR_NAME_NOT_RESOLVED @ https://browser-intake-datadoghq.com/api/v2/rum?ddsource=browser&dd-api-key=pub222856fe11852abc3642b1395fac0627&dd-evp-origin-version=7.1.0&dd-evp-origin=browser&dd-request-id=8edc9861-5687-4295-9b83-a9768612878e&batch_time=1781698856625&_dd.api=fetch:0
[ 4073254ms] [ERROR] Failed to load resource: net::ERR_NAME_NOT_RESOLVED @ https://browser-intake-datadoghq.com/api/v2/rum?ddsource=browser&dd-api-key=pub222856fe11852abc3642b1395fac0627&dd-evp-origin-version=7.1.0&dd-evp-origin=browser&dd-request-id=efcf11fd-0a38-45b3-a0b1-aa439ec9eac3&batch_time=1781698858661&_dd.api=fetch:0
[ 4074198ms] [ERROR] Failed to load resource: net::ERR_NAME_NOT_RESOLVED @ https://browser-intake-datadoghq.com/api/v2/rum?ddsource=browser&dd-api-key=pub222856fe11852abc3642b1395fac0627&dd-evp-origin-version=7.1.0&dd-evp-origin=browser&dd-request-id=f4dc6f3f-200e-4575-9c78-34a9067b254e&batch_time=1781698859683&_dd.api=fetch:0
[ 4075358ms] [ERROR] Failed to load resource: net::ERR_NAME_NOT_RESOLVED @ https://browser-intake-datadoghq.com/api/v2/rum?ddsource=browser&dd-api-key=pub222856fe11852abc3642b1395fac0627&dd-evp-origin-version=7.1.0&dd-evp-origin=browser&dd-request-id=4dde49ab-1456-40b5-bb67-3371fa28c287&batch_time=1781698860845&_dd.api=fetch:0
[ 4077269ms] [ERROR] Failed to load resource: net::ERR_NAME_NOT_RESOLVED @ https://browser-intake-datadoghq.com/api/v2/rum?ddsource=browser&dd-api-key=pub222856fe11852abc3642b1395fac0627&dd-evp-origin-version=7.1.0&dd-evp-origin=browser&dd-request-id=9297ef12-f6f3-429d-bb4a-cca41b241937&batch_time=1781698862739&_dd.api=fetch:0
[ 4079165ms] [ERROR] Failed to load resource: net::ERR_NAME_NOT_RESOLVED @ https://browser-intake-datadoghq.com/api/v2/rum?ddsource=browser&dd-api-key=pub222856fe11852abc3642b1395fac0627&dd-evp-origin-version=7.1.0&dd-evp-origin=browser&dd-request-id=2c816bcb-b421-4ab3-b2a5-39a59d44a7b3&batch_time=1781698864651&_dd.api=fetch:0
[ 4080849ms] [ERROR] Failed to load resource: net::ERR_NAME_NOT_RESOLVED @ https://browser-intake-datadoghq.com/api/v2/rum?ddsource=browser&dd-api-key=pub222856fe11852abc3642b1395fac0627&dd-evp-origin-version=7.1.0&dd-evp-origin=browser&dd-request-id=0ecb0ece-a2da-44b0-b5d5-72746dd46916&batch_time=1781698866060&_dd.api=fetch:0
[ 4082187ms] [ERROR] Failed to load resource: net::ERR_NAME_NOT_RESOLVED @ https://browser-intake-datadoghq.com/api/v2/rum?ddsource=browser&dd-api-key=pub222856fe11852abc3642b1395fac0627&dd-evp-origin-version=7.1.0&dd-evp-origin=browser&dd-request-id=fdf12b8b-af69-4f61-b262-3a6859237d37&batch_time=1781698867662&_dd.api=fetch:0
[ 4083762ms] [ERROR] Failed to load resource: net::ERR_NAME_NOT_RESOLVED @ https://browser-intake-datadoghq.com/api/v2/rum?ddsource=browser&dd-api-key=pub222856fe11852abc3642b1395fac0627&dd-evp-origin-version=7.1.0&dd-evp-origin=browser&dd-request-id=cb14a9c8-b5a4-4ed0-a41c-e7c60dc2f656&batch_time=1781698869245&_dd.api=fetch:0
[ 4085225ms] [ERROR] Failed to load resource: net::ERR_NAME_NOT_RESOLVED @ https://browser-intake-datadoghq.com/api/v2/rum?ddsource=browser&dd-api-key=pub222856fe11852abc3642b1395fac0627&dd-evp-origin-version=7.1.0&dd-evp-origin=browser&dd-request-id=869434b3-7c2e-424f-bd38-e9c5a438138d&batch_time=1781698870711&_dd.api=fetch:0
[ 4086901ms] [ERROR] Failed to load resource: net::ERR_NAME_NOT_RESOLVED @ https://browser-intake-datadoghq.com/api/v2/rum?ddsource=browser&dd-api-key=pub222856fe11852abc3642b1395fac0627&dd-evp-origin-version=7.1.0&dd-evp-origin=browser&dd-request-id=62e6c4d9-8a1c-4335-a182-a805aa6ff55a&batch_time=1781698872292&_dd.api=fetch:0
[ 4088159ms] [ERROR] Failed to load resource: net::ERR_NAME_NOT_RESOLVED @ https://browser-intake-datadoghq.com/api/v2/rum?ddsource=browser&dd-api-key=pub222856fe11852abc3642b1395fac0627&dd-evp-origin-version=7.1.0&dd-evp-origin=browser&dd-request-id=0620bc8d-9f72-472c-bd88-6219f17a3949&batch_time=1781698873645&_dd.api=fetch:0
[ 4089649ms] [ERROR] Failed to load resource: net::ERR_NAME_NOT_RESOLVED @ https://browser-intake-datadoghq.com/api/v2/rum?ddsource=browser&dd-api-key=pub222856fe11852abc3642b1395fac0627&dd-evp-origin-version=7.1.0&dd-evp-origin=browser&dd-request-id=1c1ce803-e949-4c47-9f1a-906b10ba218f&batch_time=1781698875100&_dd.api=fetch:0
[ 4090620ms] [ERROR] Failed to load resource: net::ERR_NAME_NOT_RESOLVED @ https://browser-intake-datadoghq.com/api/v2/rum?ddsource=browser&dd-api-key=pub222856fe11852abc3642b1395fac0627&dd-evp-origin-version=7.1.0&dd-evp-origin=browser&dd-request-id=a1f94368-fe26-4852-a3d6-fcb743f10c6e&batch_time=1781698876090&_dd.api=fetch:0
[ 4092399ms] [ERROR] Failed to load resource: net::ERR_NAME_NOT_RESOLVED @ https://browser-intake-datadoghq.com/api/v2/rum?ddsource=browser&dd-api-key=pub222856fe11852abc3642b1395fac0627&dd-evp-origin-version=7.1.0&dd-evp-origin=browser&dd-request-id=e9577e8b-b0cc-4f02-8353-622eed20ea82&batch_time=1781698877822&_dd.api=fetch:0
[ 4093920ms] [ERROR] Failed to load resource: net::ERR_NAME_NOT_RESOLVED @ https://browser-intake-datadoghq.com/api/v2/rum?ddsource=browser&dd-api-key=pub222856fe11852abc3642b1395fac0627&dd-evp-origin-version=7.1.0&dd-evp-origin=browser&dd-request-id=a84792a0-e5fb-4b23-8ccd-371b15cbcb6e&batch_time=1781698879334&_dd.api=fetch:0
[ 4095243ms] [ERROR] Failed to load resource: net::ERR_NAME_NOT_RESOLVED @ https://browser-intake-datadoghq.com/api/v2/rum?ddsource=browser&dd-api-key=pub222856fe11852abc3642b1395fac0627&dd-evp-origin-version=7.1.0&dd-evp-origin=browser&dd-request-id=754db150-d330-4937-9918-f2fdcd461fb6&batch_time=1781698880730&_dd.api=fetch:0
[ 4097147ms] [ERROR] Failed to load resource: net::ERR_NAME_NOT_RESOLVED @ https://browser-intake-datadoghq.com/api/v2/rum?ddsource=browser&dd-api-key=pub222856fe11852abc3642b1395fac0627&dd-evp-origin-version=7.1.0&dd-evp-origin=browser&dd-request-id=0a700502-8dac-4c70-98b6-98d212eb32f4&batch_time=1781698882622&_dd.api=fetch:0
[ 4097767ms] [ERROR] Failed to load resource: net::ERR_NAME_NOT_RESOLVED @ https://browser-intake-datadoghq.com/api/v2/rum?ddsource=browser&dd-api-key=pub222856fe11852abc3642b1395fac0627&dd-evp-origin-version=7.1.0&dd-evp-origin=browser&dd-request-id=e51b7504-f99f-4f8d-80a4-2ced99c67499&batch_time=1781698883253&_dd.api=fetch:0
[ 4101178ms] [ERROR] Failed to load resource: net::ERR_NAME_NOT_RESOLVED @ https://browser-intake-datadoghq.com/api/v2/rum?ddsource=browser&dd-api-key=pub222856fe11852abc3642b1395fac0627&dd-evp-origin-version=7.1.0&dd-evp-origin=browser&dd-request-id=67a68dca-305b-485c-bcbc-f2796f43b217&batch_time=1781698886663&_dd.api=fetch:0
[ 4102134ms] [ERROR] Failed to load resource: net::ERR_NAME_NOT_RESOLVED @ https://browser-intake-datadoghq.com/api/v2/rum?ddsource=browser&dd-api-key=pub222856fe11852abc3642b1395fac0627&dd-evp-origin-version=7.1.0&dd-evp-origin=browser&dd-request-id=9c680f78-33ec-46f6-a639-10bab00b4ddd&batch_time=1781698887605&_dd.api=fetch:0
[ 4103382ms] [ERROR] Failed to load resource: net::ERR_NAME_NOT_RESOLVED @ https://browser-intake-datadoghq.com/api/v2/rum?ddsource=browser&dd-api-key=pub222856fe11852abc3642b1395fac0627&dd-evp-origin-version=7.1.0&dd-evp-origin=browser&dd-request-id=9a322d5a-4433-4699-8db4-338bf24140c7&batch_time=1781698888794&_dd.api=fetch:0
[ 4105166ms] [ERROR] Failed to load resource: net::ERR_NAME_NOT_RESOLVED @ https://browser-intake-datadoghq.com/api/v2/rum?ddsource=browser&dd-api-key=pub222856fe11852abc3642b1395fac0627&dd-evp-origin-version=7.1.0&dd-evp-origin=browser&dd-request-id=f217b5f5-1c0e-47aa-95be-71cfefbe797e&batch_time=1781698890649&_dd.api=fetch:0
[ 4107258ms] [ERROR] Failed to load resource: net::ERR_NAME_NOT_RESOLVED @ https://browser-intake-datadoghq.com/api/v2/rum?ddsource=browser&dd-api-key=pub222856fe11852abc3642b1395fac0627&dd-evp-origin-version=7.1.0&dd-evp-origin=browser&dd-request-id=ae80f38d-22f4-4236-9768-ae7220bfda62&batch_time=1781698892730&_dd.api=fetch:0
[ 4108337ms] [ERROR] Failed to load resource: net::ERR_NAME_NOT_RESOLVED @ https://browser-intake-datadoghq.com/api/v2/rum?ddsource=browser&dd-api-key=pub222856fe11852abc3642b1395fac0627&dd-evp-origin-version=7.1.0&dd-evp-origin=browser&dd-request-id=a3740727-d6e2-499a-827d-d0aba7387cf2&batch_time=1781698893814&_dd.api=fetch:0
[ 4109356ms] [ERROR] Failed to load resource: net::ERR_NAME_NOT_RESOLVED @ https://browser-intake-datadoghq.com/api/v2/rum?ddsource=browser&dd-api-key=pub222856fe11852abc3642b1395fac0627&dd-evp-origin-version=7.1.0&dd-evp-origin=browser&dd-request-id=54fadd0c-972c-483b-b2aa-ccb6ee8df290&batch_time=1781698894820&_dd.api=fetch:0
[ 4111373ms] [ERROR] Failed to load resource: net::ERR_NAME_NOT_RESOLVED @ https://browser-intake-datadoghq.com/api/v2/rum?ddsource=browser&dd-api-key=pub222856fe11852abc3642b1395fac0627&dd-evp-origin-version=7.1.0&dd-evp-origin=browser&dd-request-id=0b37026f-982f-4aa1-8607-c4e8b44e3d06&batch_time=1781698896674&_dd.api=fetch:0
[ 4113003ms] [ERROR] Failed to load resource: net::ERR_NAME_NOT_RESOLVED @ https://browser-intake-datadoghq.com/api/v2/rum?ddsource=browser&dd-api-key=pub222856fe11852abc3642b1395fac0627&dd-evp-origin-version=7.1.0&dd-evp-origin=browser&dd-request-id=c2850d17-b905-4ff3-86cc-72510b92804d&batch_time=1781698898474&_dd.api=fetch:0
[ 4114087ms] [ERROR] Failed to load resource: net::ERR_NAME_NOT_RESOLVED @ https://browser-intake-datadoghq.com/api/v2/rum?ddsource=browser&dd-api-key=pub222856fe11852abc3642b1395fac0627&dd-evp-origin-version=7.1.0&dd-evp-origin=browser&dd-request-id=df092eda-fa2c-4c7d-ac7a-6dfbe1f11e59&batch_time=1781698899573&_dd.api=fetch:0
[ 4116055ms] [ERROR] Failed to load resource: net::ERR_NAME_NOT_RESOLVED @ https://browser-intake-datadoghq.com/api/v2/rum?ddsource=browser&dd-api-key=pub222856fe11852abc3642b1395fac0627&dd-evp-origin-version=7.1.0&dd-evp-origin=browser&dd-request-id=6b6b8bbc-7f8b-431f-b3f8-304a93c3a3ed&batch_time=1781698901541&_dd.api=fetch:0
[ 4117178ms] [ERROR] Failed to load resource: net::ERR_NAME_NOT_RESOLVED @ https://browser-intake-datadoghq.com/api/v2/rum?ddsource=browser&dd-api-key=pub222856fe11852abc3642b1395fac0627&dd-evp-origin-version=7.1.0&dd-evp-origin=browser&dd-request-id=770c5769-cb29-403f-bfa0-98e74d1b42f7&batch_time=1781698902664&_dd.api=fetch:0
[ 4118939ms] [ERROR] Failed to load resource: net::ERR_NAME_NOT_RESOLVED @ https://browser-intake-datadoghq.com/api/v2/rum?ddsource=browser&dd-api-key=pub222856fe11852abc3642b1395fac0627&dd-evp-origin-version=7.1.0&dd-evp-origin=browser&dd-request-id=58d41c2d-7b62-47d4-83af-e30d932b5ba6&batch_time=1781698904346&_dd.api=fetch:0
[ 4121195ms] [ERROR] Failed to load resource: net::ERR_NAME_NOT_RESOLVED @ https://browser-intake-datadoghq.com/api/v2/rum?ddsource=browser&dd-api-key=pub222856fe11852abc3642b1395fac0627&dd-evp-origin-version=7.1.0&dd-evp-origin=browser&dd-request-id=04b0240d-b24a-436d-a394-ddbba3053e9e&batch_time=1781698906677&_dd.api=fetch:0
[ 4122373ms] [ERROR] Failed to load resource: net::ERR_NAME_NOT_RESOLVED @ https://browser-intake-datadoghq.com/api/v2/rum?ddsource=browser&dd-api-key=pub222856fe11852abc3642b1395fac0627&dd-evp-origin-version=7.1.0&dd-evp-origin=browser&dd-request-id=78a5fb2b-f0b2-4085-80c3-50abb33b4024&batch_time=1781698907859&_dd.api=fetch:0
[ 4124135ms] [ERROR] Failed to load resource: net::ERR_NAME_NOT_RESOLVED @ https://browser-intake-datadoghq.com/api/v2/rum?ddsource=browser&dd-api-key=pub222856fe11852abc3642b1395fac0627&dd-evp-origin-version=7.1.0&dd-evp-origin=browser&dd-request-id=353e8765-934d-4254-b641-f75cc9bb3153&batch_time=1781698909521&_dd.api=fetch:0
[ 4124787ms] [ERROR] Failed to load resource: net::ERR_NAME_NOT_RESOLVED @ https://browser-intake-datadoghq.com/api/v2/rum?ddsource=browser&dd-api-key=pub222856fe11852abc3642b1395fac0627&dd-evp-origin-version=7.1.0&dd-evp-origin=browser&dd-request-id=7dbba7f4-d164-4a58-931b-63bc9eb3d374&batch_time=1781698910261&_dd.api=fetch:0
[ 4125934ms] [ERROR] Failed to load resource: net::ERR_NAME_NOT_RESOLVED @ https://browser-intake-datadoghq.com/api/v2/rum?ddsource=browser&dd-api-key=pub222856fe11852abc3642b1395fac0627&dd-evp-origin-version=7.1.0&dd-evp-origin=browser&dd-request-id=5b80bf61-001e-4d44-b2b5-8c9ac54ff848&batch_time=1781698911403&_dd.api=fetch:0
[ 4126887ms] [ERROR] Failed to load resource: net::ERR_NAME_NOT_RESOLVED @ https://browser-intake-datadoghq.com/api/v2/rum?ddsource=browser&dd-api-key=pub222856fe11852abc3642b1395fac0627&dd-evp-origin-version=7.1.0&dd-evp-origin=browser&dd-request-id=b411d8e1-d26a-4651-9b9c-8d7925b23c93&batch_time=1781698912304&_dd.api=fetch:0
[ 4128156ms] [ERROR] Failed to load resource: net::ERR_NAME_NOT_RESOLVED @ https://browser-intake-datadoghq.com/api/v2/rum?ddsource=browser&dd-api-key=pub222856fe11852abc3642b1395fac0627&dd-evp-origin-version=7.1.0&dd-evp-origin=browser&dd-request-id=065892af-1a6d-4068-92d0-0b6483ec92c6&batch_time=1781698913642&_dd.api=fetch:0
[ 4129336ms] [ERROR] Failed to load resource: net::ERR_NAME_NOT_RESOLVED @ https://browser-intake-datadoghq.com/api/v2/rum?ddsource=browser&dd-api-key=pub222856fe11852abc3642b1395fac0627&dd-evp-origin-version=7.1.0&dd-evp-origin=browser&dd-request-id=009bf226-72b0-4290-bd00-c482ab48916e&batch_time=1781698914786&_dd.api=fetch:0
[ 4131025ms] [ERROR] Failed to load resource: net::ERR_NAME_NOT_RESOLVED @ https://browser-intake-datadoghq.com/api/v2/rum?ddsource=browser&dd-api-key=pub222856fe11852abc3642b1395fac0627&dd-evp-origin-version=7.1.0&dd-evp-origin=browser&dd-request-id=297b4ce5-4da6-452c-900c-c9d3033e57a4&batch_time=1781698916500&_dd.api=fetch:0
[ 4132216ms] [ERROR] Failed to load resource: net::ERR_NAME_NOT_RESOLVED @ https://browser-intake-datadoghq.com/api/v2/rum?ddsource=browser&dd-api-key=pub222856fe11852abc3642b1395fac0627&dd-evp-origin-version=7.1.0&dd-evp-origin=browser&dd-request-id=954f1117-40ff-4c6a-a599-916e5fb84ed7&batch_time=1781698917666&_dd.api=fetch:0
[ 4133617ms] [ERROR] Failed to load resource: net::ERR_NAME_NOT_RESOLVED @ https://browser-intake-datadoghq.com/api/v2/rum?ddsource=browser&dd-api-key=pub222856fe11852abc3642b1395fac0627&dd-evp-origin-version=7.1.0&dd-evp-origin=browser&dd-request-id=63ba33ea-0b8e-448f-ba85-197fc8c065b0&batch_time=1781698919028&_dd.api=fetch:0
[ 4135804ms] [ERROR] Failed to load resource: net::ERR_NAME_NOT_RESOLVED @ https://browser-intake-datadoghq.com/api/v2/rum?ddsource=browser&dd-api-key=pub222856fe11852abc3642b1395fac0627&dd-evp-origin-version=7.1.0&dd-evp-origin=browser&dd-request-id=40b1d798-77cf-4209-800f-bc9fa5e85704&batch_time=1781698921058&_dd.api=fetch:0
[ 4136057ms] [ERROR] Failed to load resource: net::ERR_NAME_NOT_RESOLVED @ https://browser-intake-datadoghq.com/api/v2/rum?ddsource=browser&dd-api-key=pub222856fe11852abc3642b1395fac0627&dd-evp-origin-version=7.1.0&dd-evp-origin=browser&dd-request-id=84b6f0cb-f746-4e55-bb16-253d9a210b12&batch_time=1781698921461&_dd.api=fetch:0
[ 4137923ms] [ERROR] Failed to load resource: net::ERR_NAME_NOT_RESOLVED @ https://browser-intake-datadoghq.com/api/v2/rum?ddsource=browser&dd-api-key=pub222856fe11852abc3642b1395fac0627&dd-evp-origin-version=7.1.0&dd-evp-origin=browser&dd-request-id=4da6f7be-9eb9-4886-9ba1-f1d4d34f6390&batch_time=1781698923355&_dd.api=fetch:0
[ 4139271ms] [ERROR] Failed to load resource: net::ERR_NAME_NOT_RESOLVED @ https://browser-intake-datadoghq.com/api/v2/rum?ddsource=browser&dd-api-key=pub222856fe11852abc3642b1395fac0627&dd-evp-origin-version=7.1.0&dd-evp-origin=browser&dd-request-id=c7ede0fe-30c5-4900-8524-902165fcebdb&batch_time=1781698924725&_dd.api=fetch:0
[ 4140471ms] [ERROR] Failed to load resource: net::ERR_NAME_NOT_RESOLVED @ https://browser-intake-datadoghq.com/api/v2/rum?ddsource=browser&dd-api-key=pub222856fe11852abc3642b1395fac0627&dd-evp-origin-version=7.1.0&dd-evp-origin=browser&dd-request-id=14685ce0-326a-42fd-8f70-37e9444639b8&batch_time=1781698925935&_dd.api=fetch:0
[ 4141404ms] [ERROR] Failed to load resource: net::ERR_NAME_NOT_RESOLVED @ https://browser-intake-datadoghq.com/api/v2/rum?ddsource=browser&dd-api-key=pub222856fe11852abc3642b1395fac0627&dd-evp-origin-version=7.1.0&dd-evp-origin=browser&dd-request-id=3dfecf60-a132-41a2-9945-07feea10431f&batch_time=1781698926878&_dd.api=fetch:0
[ 4143277ms] [ERROR] Failed to load resource: net::ERR_NAME_NOT_RESOLVED @ https://browser-intake-datadoghq.com/api/v2/rum?ddsource=browser&dd-api-key=pub222856fe11852abc3642b1395fac0627&dd-evp-origin-version=7.1.0&dd-evp-origin=browser&dd-request-id=b1882815-ea46-4094-8d32-2e05b280af30&batch_time=1781698928763&_dd.api=fetch:0
[ 4145339ms] [ERROR] Failed to load resource: net::ERR_NAME_NOT_RESOLVED @ https://browser-intake-datadoghq.com/api/v2/rum?ddsource=browser&dd-api-key=pub222856fe11852abc3642b1395fac0627&dd-evp-origin-version=7.1.0&dd-evp-origin=browser&dd-request-id=f67d2bc8-acfa-46a8-aec2-b1765332b2d6&batch_time=1781698930731&_dd.api=fetch:0
[ 4146123ms] [ERROR] Failed to load resource: net::ERR_NAME_NOT_RESOLVED @ https://browser-intake-datadoghq.com/api/v2/rum?ddsource=browser&dd-api-key=pub222856fe11852abc3642b1395fac0627&dd-evp-origin-version=7.1.0&dd-evp-origin=browser&dd-request-id=4d88edc6-abc3-474b-8a33-18b7ae5d310d&batch_time=1781698931599&_dd.api=fetch:0
[ 4147853ms] [ERROR] Failed to load resource: net::ERR_NAME_NOT_RESOLVED @ https://browser-intake-datadoghq.com/api/v2/rum?ddsource=browser&dd-api-key=pub222856fe11852abc3642b1395fac0627&dd-evp-origin-version=7.1.0&dd-evp-origin=browser&dd-request-id=675ee67e-5d71-472e-8674-9a39d30d3851&batch_time=1781698933300&_dd.api=fetch:0
[ 4150286ms] [ERROR] Failed to load resource: net::ERR_NAME_NOT_RESOLVED @ https://browser-intake-datadoghq.com/api/v2/rum?ddsource=browser&dd-api-key=pub222856fe11852abc3642b1395fac0627&dd-evp-origin-version=7.1.0&dd-evp-origin=browser&dd-request-id=4927c253-cb4a-4fbb-969b-e5d08a1f2673&batch_time=1781698935691&_dd.api=fetch:0
[ 4151397ms] [ERROR] Failed to load resource: net::ERR_NAME_NOT_RESOLVED @ https://browser-intake-datadoghq.com/api/v2/rum?ddsource=browser&dd-api-key=pub222856fe11852abc3642b1395fac0627&dd-evp-origin-version=7.1.0&dd-evp-origin=browser&dd-request-id=8a263633-5d93-4d5a-8e11-5b400429a1e0&batch_time=1781698936790&_dd.api=fetch:0
[ 4153419ms] [ERROR] Failed to load resource: net::ERR_NAME_NOT_RESOLVED @ https://browser-intake-datadoghq.com/api/v2/rum?ddsource=browser&dd-api-key=pub222856fe11852abc3642b1395fac0627&dd-evp-origin-version=7.1.0&dd-evp-origin=browser&dd-request-id=b377c1da-75e1-4033-9337-93107d39e053&batch_time=1781698938863&_dd.api=fetch:0
[ 4154804ms] [ERROR] Failed to load resource: net::ERR_NAME_NOT_RESOLVED @ https://browser-intake-datadoghq.com/api/v2/rum?ddsource=browser&dd-api-key=pub222856fe11852abc3642b1395fac0627&dd-evp-origin-version=7.1.0&dd-evp-origin=browser&dd-request-id=8e15ec2f-dd39-4311-b5f7-a05e903a6f6b&batch_time=1781698940289&_dd.api=fetch:0
[ 4156834ms] [ERROR] Failed to load resource: net::ERR_NAME_NOT_RESOLVED @ https://browser-intake-datadoghq.com/api/v2/rum?ddsource=browser&dd-api-key=pub222856fe11852abc3642b1395fac0627&dd-evp-origin-version=7.1.0&dd-evp-origin=browser&dd-request-id=cd59a99a-a157-4e78-a848-a72faccbaa50&batch_time=1781698942295&_dd.api=fetch:0
[ 4157804ms] [ERROR] Failed to load resource: net::ERR_NAME_NOT_RESOLVED @ https://browser-intake-datadoghq.com/api/v2/rum?ddsource=browser&dd-api-key=pub222856fe11852abc3642b1395fac0627&dd-evp-origin-version=7.1.0&dd-evp-origin=browser&dd-request-id=f8bfd2f3-769a-4b88-a73f-48db112ec34a&batch_time=1781698943279&_dd.api=fetch:0
[ 4159835ms] [ERROR] Failed to load resource: net::ERR_NAME_NOT_RESOLVED @ https://browser-intake-datadoghq.com/api/v2/rum?ddsource=browser&dd-api-key=pub222856fe11852abc3642b1395fac0627&dd-evp-origin-version=7.1.0&dd-evp-origin=browser&dd-request-id=14086598-bf8f-402a-8d60-217d00e5f779&batch_time=1781698945298&_dd.api=fetch:0
[ 4161470ms] [ERROR] Failed to load resource: net::ERR_NAME_NOT_RESOLVED @ https://browser-intake-datadoghq.com/api/v2/rum?ddsource=browser&dd-api-key=pub222856fe11852abc3642b1395fac0627&dd-evp-origin-version=7.1.0&dd-evp-origin=browser&dd-request-id=87da4120-f37d-4d36-a856-0da2a4ed2751&batch_time=1781698946729&_dd.api=fetch:0
[ 4162531ms] [ERROR] Failed to load resource: net::ERR_NAME_NOT_RESOLVED @ https://browser-intake-datadoghq.com/api/v2/rum?ddsource=browser&dd-api-key=pub222856fe11852abc3642b1395fac0627&dd-evp-origin-version=7.1.0&dd-evp-origin=browser&dd-request-id=2884dcfd-2e6e-4db3-a5c2-2f3a97c264fb&batch_time=1781698947990&_dd.api=fetch:0
[ 4164246ms] [ERROR] Failed to load resource: net::ERR_NAME_NOT_RESOLVED @ https://browser-intake-datadoghq.com/api/v2/rum?ddsource=browser&dd-api-key=pub222856fe11852abc3642b1395fac0627&dd-evp-origin-version=7.1.0&dd-evp-origin=browser&dd-request-id=4e29f49e-1a8b-4bd7-a759-22537eeeb2d6&batch_time=1781698949721&_dd.api=fetch:0
[ 4165722ms] [ERROR] Failed to load resource: net::ERR_NAME_NOT_RESOLVED @ https://browser-intake-datadoghq.com/api/v2/rum?ddsource=browser&dd-api-key=pub222856fe11852abc3642b1395fac0627&dd-evp-origin-version=7.1.0&dd-evp-origin=browser&dd-request-id=bca749da-e465-402c-92b6-04567cdead5a&batch_time=1781698951116&_dd.api=fetch:0
[ 4167286ms] [ERROR] Failed to load resource: net::ERR_NAME_NOT_RESOLVED @ https://browser-intake-datadoghq.com/api/v2/rum?ddsource=browser&dd-api-key=pub222856fe11852abc3642b1395fac0627&dd-evp-origin-version=7.1.0&dd-evp-origin=browser&dd-request-id=bf91841f-1aef-4ad2-9d82-355069ba365d&batch_time=1781698952747&_dd.api=fetch:0
[ 4169543ms] [ERROR] Failed to load resource: net::ERR_NAME_NOT_RESOLVED @ https://browser-intake-datadoghq.com/api/v2/rum?ddsource=browser&dd-api-key=pub222856fe11852abc3642b1395fac0627&dd-evp-origin-version=7.1.0&dd-evp-origin=browser&dd-request-id=7512240a-039f-4097-87df-f1d20d94ef94&batch_time=1781698954899&_dd.api=fetch:0
[ 4171817ms] [ERROR] Failed to load resource: net::ERR_NAME_NOT_RESOLVED @ https://browser-intake-datadoghq.com/api/v2/rum?ddsource=browser&dd-api-key=pub222856fe11852abc3642b1395fac0627&dd-evp-origin-version=7.1.0&dd-evp-origin=browser&dd-request-id=41bfc2e4-77de-4d92-8b69-92cd1b93493a&batch_time=1781698957277&_dd.api=fetch:0
[ 4173582ms] [ERROR] Failed to load resource: net::ERR_NAME_NOT_RESOLVED @ https://browser-intake-datadoghq.com/api/v2/rum?ddsource=browser&dd-api-key=pub222856fe11852abc3642b1395fac0627&dd-evp-origin-version=7.1.0&dd-evp-origin=browser&dd-request-id=536fe74d-38e2-4e0e-b7cc-0fc086be0c45&batch_time=1781698958924&_dd.api=fetch:0
[ 4174143ms] [ERROR] Failed to load resource: net::ERR_NAME_NOT_RESOLVED @ https://browser-intake-datadoghq.com/api/v2/rum?ddsource=browser&dd-api-key=pub222856fe11852abc3642b1395fac0627&dd-evp-origin-version=7.1.0&dd-evp-origin=browser&dd-request-id=1e7ef540-7da1-4063-bc8d-44b9461b31be&batch_time=1781698959628&_dd.api=fetch:0
[ 4175826ms] [ERROR] Failed to load resource: net::ERR_NAME_NOT_RESOLVED @ https://browser-intake-datadoghq.com/api/v2/rum?ddsource=browser&dd-api-key=pub222856fe11852abc3642b1395fac0627&dd-evp-origin-version=7.1.0&dd-evp-origin=browser&dd-request-id=964ccc0b-1a0d-4909-bebd-3aff215ac001&batch_time=1781698961301&_dd.api=fetch:0
[ 4176806ms] [ERROR] Failed to load resource: net::ERR_NAME_NOT_RESOLVED @ https://browser-intake-datadoghq.com/api/v2/rum?ddsource=browser&dd-api-key=pub222856fe11852abc3642b1395fac0627&dd-evp-origin-version=7.1.0&dd-evp-origin=browser&dd-request-id=6f5dc282-32b8-4763-910c-4de55382422c&batch_time=1781698962277&_dd.api=fetch:0
[ 4178369ms] [ERROR] Failed to load resource: net::ERR_NAME_NOT_RESOLVED @ https://browser-intake-datadoghq.com/api/v2/rum?ddsource=browser&dd-api-key=pub222856fe11852abc3642b1395fac0627&dd-evp-origin-version=7.1.0&dd-evp-origin=browser&dd-request-id=42a3b4ca-76b4-4c1c-bf00-4489fdf5d9e7&batch_time=1781698963761&_dd.api=fetch:0
[ 4180782ms] [ERROR] Failed to load resource: net::ERR_NAME_NOT_RESOLVED @ https://browser-intake-datadoghq.com/api/v2/rum?ddsource=browser&dd-api-key=pub222856fe11852abc3642b1395fac0627&dd-evp-origin-version=7.1.0&dd-evp-origin=browser&dd-request-id=03d32f00-9534-4bcd-b168-f6616d7ec647&batch_time=1781698966256&_dd.api=fetch:0
[ 4181837ms] [ERROR] Failed to load resource: net::ERR_NAME_NOT_RESOLVED @ https://browser-intake-datadoghq.com/api/v2/rum?ddsource=browser&dd-api-key=pub222856fe11852abc3642b1395fac0627&dd-evp-origin-version=7.1.0&dd-evp-origin=browser&dd-request-id=a7a8c572-7f75-4d8c-bea7-949dbb5aaada&batch_time=1781698967312&_dd.api=fetch:0
[ 4184499ms] [ERROR] Failed to load resource: net::ERR_NAME_NOT_RESOLVED @ https://browser-intake-datadoghq.com/api/v2/rum?ddsource=browser&dd-api-key=pub222856fe11852abc3642b1395fac0627&dd-evp-origin-version=7.1.0&dd-evp-origin=browser&dd-request-id=46f3aa84-4a2f-44bf-a3d8-b222a98fe85f&batch_time=1781698969816&_dd.api=fetch:0
[ 4186343ms] [ERROR] Failed to load resource: net::ERR_NAME_NOT_RESOLVED @ https://browser-intake-datadoghq.com/api/v2/rum?ddsource=browser&dd-api-key=pub222856fe11852abc3642b1395fac0627&dd-evp-origin-version=7.1.0&dd-evp-origin=browser&dd-request-id=d7d75e80-d29a-49c6-bc6d-b46b96119189&batch_time=1781698971634&_dd.api=fetch:0
[ 4188303ms] [ERROR] Failed to load resource: net::ERR_NAME_NOT_RESOLVED @ https://browser-intake-datadoghq.com/api/v2/rum?ddsource=browser&dd-api-key=pub222856fe11852abc3642b1395fac0627&dd-evp-origin-version=7.1.0&dd-evp-origin=browser&dd-request-id=dda4482c-ab07-4ddf-8a4f-8ba37ec71b01&batch_time=1781698973765&_dd.api=fetch:0
[ 4189257ms] [ERROR] Failed to load resource: net::ERR_NAME_NOT_RESOLVED @ https://browser-intake-datadoghq.com/api/v2/rum?ddsource=browser&dd-api-key=pub222856fe11852abc3642b1395fac0627&dd-evp-origin-version=7.1.0&dd-evp-origin=browser&dd-request-id=7485366d-8668-469f-927d-0a8d2a0c4e1e&batch_time=1781698974744&_dd.api=fetch:0
[ 4191302ms] [ERROR] Failed to load resource: net::ERR_NAME_NOT_RESOLVED @ https://browser-intake-datadoghq.com/api/v2/rum?ddsource=browser&dd-api-key=pub222856fe11852abc3642b1395fac0627&dd-evp-origin-version=7.1.0&dd-evp-origin=browser&dd-request-id=81d67f18-25cf-45e0-b297-a025d83446a7&batch_time=1781698976767&_dd.api=fetch:0
[ 4193326ms] [ERROR] Failed to load resource: net::ERR_NAME_NOT_RESOLVED @ https://browser-intake-datadoghq.com/api/v2/rum?ddsource=browser&dd-api-key=pub222856fe11852abc3642b1395fac0627&dd-evp-origin-version=7.1.0&dd-evp-origin=browser&dd-request-id=521158d1-9611-4873-99bb-5286e3cf8c55&batch_time=1781698978777&_dd.api=fetch:0
[ 4195406ms] [ERROR] Failed to load resource: net::ERR_NAME_NOT_RESOLVED @ https://browser-intake-datadoghq.com/api/v2/rum?ddsource=browser&dd-api-key=pub222856fe11852abc3642b1395fac0627&dd-evp-origin-version=7.1.0&dd-evp-origin=browser&dd-request-id=26d54ad8-3420-42a2-b0c5-f3fab6dab1bc&batch_time=1781698980865&_dd.api=fetch:0
[ 4196836ms] [ERROR] Failed to load resource: net::ERR_NAME_NOT_RESOLVED @ https://browser-intake-datadoghq.com/api/v2/rum?ddsource=browser&dd-api-key=pub222856fe11852abc3642b1395fac0627&dd-evp-origin-version=7.1.0&dd-evp-origin=browser&dd-request-id=1f007cb5-016f-4fb7-b124-543629f89991&batch_time=1781698982279&_dd.api=fetch:0
[ 4198214ms] [ERROR] Failed to load resource: net::ERR_NAME_NOT_RESOLVED @ https://browser-intake-datadoghq.com/api/v2/rum?ddsource=browser&dd-api-key=pub222856fe11852abc3642b1395fac0627&dd-evp-origin-version=7.1.0&dd-evp-origin=browser&dd-request-id=f1868f69-7cd2-4c76-94a0-e659c6af15d0&batch_time=1781698983677&_dd.api=fetch:0
[ 4200246ms] [ERROR] Failed to load resource: net::ERR_NAME_NOT_RESOLVED @ https://browser-intake-datadoghq.com/api/v2/rum?ddsource=browser&dd-api-key=pub222856fe11852abc3642b1395fac0627&dd-evp-origin-version=7.1.0&dd-evp-origin=browser&dd-request-id=10e8449d-1753-4ddd-b2c1-f2eec8c9366c&batch_time=1781698985694&_dd.api=fetch:0
[ 4201814ms] [ERROR] Failed to load resource: net::ERR_NAME_NOT_RESOLVED @ https://browser-intake-datadoghq.com/api/v2/rum?ddsource=browser&dd-api-key=pub222856fe11852abc3642b1395fac0627&dd-evp-origin-version=7.1.0&dd-evp-origin=browser&dd-request-id=e304df14-3b4f-4878-82a9-32764d86a763&batch_time=1781698987265&_dd.api=fetch:0
[ 4203560ms] [ERROR] Failed to load resource: net::ERR_NAME_NOT_RESOLVED @ https://browser-intake-datadoghq.com/api/v2/rum?ddsource=browser&dd-api-key=pub222856fe11852abc3642b1395fac0627&dd-evp-origin-version=7.1.0&dd-evp-origin=browser&dd-request-id=7cc72218-d509-4e25-94c1-4489d2862646&batch_time=1781698988663&_dd.api=fetch:0
[ 4204788ms] [ERROR] Failed to load resource: net::ERR_NAME_NOT_RESOLVED @ https://browser-intake-datadoghq.com/api/v2/rum?ddsource=browser&dd-api-key=pub222856fe11852abc3642b1395fac0627&dd-evp-origin-version=7.1.0&dd-evp-origin=browser&dd-request-id=04522c7e-84b1-4d31-b481-567d16c509f0&batch_time=1781698990253&_dd.api=fetch:0
[ 4205609ms] [ERROR] Failed to load resource: net::ERR_NAME_NOT_RESOLVED @ https://browser-intake-datadoghq.com/api/v2/rum?ddsource=browser&dd-api-key=pub222856fe11852abc3642b1395fac0627&dd-evp-origin-version=7.1.0&dd-evp-origin=browser&dd-request-id=f3ac5501-d337-4946-a4a9-a98ec8e1e3e8&batch_time=1781698991096&_dd.api=fetch:0
[ 4206765ms] [ERROR] Failed to load resource: net::ERR_NAME_NOT_RESOLVED @ https://browser-intake-datadoghq.com/api/v2/rum?ddsource=browser&dd-api-key=pub222856fe11852abc3642b1395fac0627&dd-evp-origin-version=7.1.0&dd-evp-origin=browser&dd-request-id=670286df-c06b-417e-a3f6-6a906c91f5b8&batch_time=1781698992252&_dd.api=fetch:0
[ 4209479ms] [ERROR] Failed to load resource: net::ERR_NAME_NOT_RESOLVED @ https://browser-intake-datadoghq.com/api/v2/rum?ddsource=browser&dd-api-key=pub222856fe11852abc3642b1395fac0627&dd-evp-origin-version=7.1.0&dd-evp-origin=browser&dd-request-id=46cfbfeb-921b-4d9c-b9b5-88154988d488&batch_time=1781698994898&_dd.api=fetch:0
[ 4210204ms] [ERROR] Failed to load resource: net::ERR_NAME_NOT_RESOLVED @ https://browser-intake-datadoghq.com/api/v2/rum?ddsource=browser&dd-api-key=pub222856fe11852abc3642b1395fac0627&dd-evp-origin-version=7.1.0&dd-evp-origin=browser&dd-request-id=1ff620d2-ed89-4bc7-8632-ed3524dba1f7&batch_time=1781698995681&_dd.api=fetch:0
[ 4211305ms] [ERROR] Failed to load resource: net::ERR_NAME_NOT_RESOLVED @ https://browser-intake-datadoghq.com/api/v2/rum?ddsource=browser&dd-api-key=pub222856fe11852abc3642b1395fac0627&dd-evp-origin-version=7.1.0&dd-evp-origin=browser&dd-request-id=641f2a28-3579-400f-a77a-3bbe6639ada3&batch_time=1781698996781&_dd.api=fetch:0
[ 4213289ms] [ERROR] Failed to load resource: net::ERR_NAME_NOT_RESOLVED @ https://browser-intake-datadoghq.com/api/v2/rum?ddsource=browser&dd-api-key=pub222856fe11852abc3642b1395fac0627&dd-evp-origin-version=7.1.0&dd-evp-origin=browser&dd-request-id=4e89537e-753b-4195-850b-3d4959b52dd6&batch_time=1781698998764&_dd.api=fetch:0
[ 4215325ms] [ERROR] Failed to load resource: net::ERR_NAME_NOT_RESOLVED @ https://browser-intake-datadoghq.com/api/v2/rum?ddsource=browser&dd-api-key=pub222856fe11852abc3642b1395fac0627&dd-evp-origin-version=7.1.0&dd-evp-origin=browser&dd-request-id=663e7c44-5886-42cd-b5a5-24ff73466c33&batch_time=1781699000758&_dd.api=fetch:0
[ 4216231ms] [ERROR] Failed to load resource: net::ERR_NAME_NOT_RESOLVED @ https://browser-intake-datadoghq.com/api/v2/rum?ddsource=browser&dd-api-key=pub222856fe11852abc3642b1395fac0627&dd-evp-origin-version=7.1.0&dd-evp-origin=browser&dd-request-id=5539ef7c-503a-4fe5-b3e2-15b86d5cb39a&batch_time=1781699001718&_dd.api=fetch:0
[ 4218498ms] [ERROR] Failed to load resource: net::ERR_NAME_NOT_RESOLVED @ https://browser-intake-datadoghq.com/api/v2/rum?ddsource=browser&dd-api-key=pub222856fe11852abc3642b1395fac0627&dd-evp-origin-version=7.1.0&dd-evp-origin=browser&dd-request-id=3b5a5ad5-d5a0-47e9-8ea3-2cd793f65297&batch_time=1781699003832&_dd.api=fetch:0
[ 4219774ms] [ERROR] Failed to load resource: net::ERR_NAME_NOT_RESOLVED @ https://browser-intake-datadoghq.com/api/v2/rum?ddsource=browser&dd-api-key=pub222856fe11852abc3642b1395fac0627&dd-evp-origin-version=7.1.0&dd-evp-origin=browser&dd-request-id=ef20d5a7-38b6-4042-8ec8-45cde48c59ee&batch_time=1781699005247&_dd.api=fetch:0
[ 4221319ms] [ERROR] Failed to load resource: net::ERR_NAME_NOT_RESOLVED @ https://browser-intake-datadoghq.com/api/v2/rum?ddsource=browser&dd-api-key=pub222856fe11852abc3642b1395fac0627&dd-evp-origin-version=7.1.0&dd-evp-origin=browser&dd-request-id=6396f47b-0f07-43ef-9f9b-3f299c667906&batch_time=1781699006796&_dd.api=fetch:0
[ 4223753ms] [ERROR] Failed to load resource: net::ERR_NAME_NOT_RESOLVED @ https://browser-intake-datadoghq.com/api/v2/rum?ddsource=browser&dd-api-key=pub222856fe11852abc3642b1395fac0627&dd-evp-origin-version=7.1.0&dd-evp-origin=browser&dd-request-id=3873f731-ac20-4496-8bd3-e3b0306ac2eb&batch_time=1781699009237&_dd.api=fetch:0
[ 4225743ms] [ERROR] Failed to load resource: net::ERR_NAME_NOT_RESOLVED @ https://browser-intake-datadoghq.com/api/v2/rum?ddsource=browser&dd-api-key=pub222856fe11852abc3642b1395fac0627&dd-evp-origin-version=7.1.0&dd-evp-origin=browser&dd-request-id=76184dfb-3712-46aa-bae2-757ae56aff28&batch_time=1781699011154&_dd.api=fetch:0
[ 4226301ms] [ERROR] Failed to load resource: net::ERR_NAME_NOT_RESOLVED @ https://browser-intake-datadoghq.com/api/v2/rum?ddsource=browser&dd-api-key=pub222856fe11852abc3642b1395fac0627&dd-evp-origin-version=7.1.0&dd-evp-origin=browser&dd-request-id=8d28408b-59bf-45c2-b908-d268df68893d&batch_time=1781699011787&_dd.api=fetch:0
[ 4228468ms] [ERROR] Failed to load resource: net::ERR_NAME_NOT_RESOLVED @ https://browser-intake-datadoghq.com/api/v2/rum?ddsource=browser&dd-api-key=pub222856fe11852abc3642b1395fac0627&dd-evp-origin-version=7.1.0&dd-evp-origin=browser&dd-request-id=43a62517-8d5d-4da7-9ee4-84bc2856c8ec&batch_time=1781699013935&_dd.api=fetch:0
[ 4229783ms] [ERROR] Failed to load resource: net::ERR_NAME_NOT_RESOLVED @ https://browser-intake-datadoghq.com/api/v2/rum?ddsource=browser&dd-api-key=pub222856fe11852abc3642b1395fac0627&dd-evp-origin-version=7.1.0&dd-evp-origin=browser&dd-request-id=4f7df95b-b8c9-4549-b529-942ff7154d14&batch_time=1781699015259&_dd.api=fetch:0
[ 4230056ms] [ERROR] Failed to load resource: the server responded with a status of 429 () @ https://api.elections.kalshi.com/v1/milestones/2fb32e45-a35a-4b93-8280-8aea331d9ea1/volume:0
[ 4232002ms] [ERROR] Failed to load resource: net::ERR_NAME_NOT_RESOLVED @ https://browser-intake-datadoghq.com/api/v2/rum?ddsource=browser&dd-api-key=pub222856fe11852abc3642b1395fac0627&dd-evp-origin-version=7.1.0&dd-evp-origin=browser&dd-request-id=4956e2be-b5e4-4a82-8b1e-9b30da2ed825&batch_time=1781699017409&_dd.api=fetch:0
[ 4234148ms] [ERROR] Failed to load resource: net::ERR_NAME_NOT_RESOLVED @ https://browser-intake-datadoghq.com/api/v2/rum?ddsource=browser&dd-api-key=pub222856fe11852abc3642b1395fac0627&dd-evp-origin-version=7.1.0&dd-evp-origin=browser&dd-request-id=33bc408e-7e0c-4e17-96bd-94ec8573a7bf&batch_time=1781699019617&_dd.api=fetch:0
[ 4235311ms] [ERROR] Failed to load resource: net::ERR_NAME_NOT_RESOLVED @ https://browser-intake-datadoghq.com/api/v2/rum?ddsource=browser&dd-api-key=pub222856fe11852abc3642b1395fac0627&dd-evp-origin-version=7.1.0&dd-evp-origin=browser&dd-request-id=3dac5459-99bc-4e34-923d-659d39b33821&batch_time=1781699020786&_dd.api=fetch:0
[ 4237130ms] [ERROR] Failed to load resource: net::ERR_NAME_NOT_RESOLVED @ https://browser-intake-datadoghq.com/api/v2/rum?ddsource=browser&dd-api-key=pub222856fe11852abc3642b1395fac0627&dd-evp-origin-version=7.1.0&dd-evp-origin=browser&dd-request-id=bec4693f-c02c-4d79-b393-cf92f31a516f&batch_time=1781699022603&_dd.api=fetch:0
[ 4238296ms] [ERROR] Failed to load resource: net::ERR_NAME_NOT_RESOLVED @ https://browser-intake-datadoghq.com/api/v2/rum?ddsource=browser&dd-api-key=pub222856fe11852abc3642b1395fac0627&dd-evp-origin-version=7.1.0&dd-evp-origin=browser&dd-request-id=9585379b-ac15-4e25-8c2f-172942e21fbf&batch_time=1781699023782&_dd.api=fetch:0
[ 4240656ms] [ERROR] Failed to load resource: the server responded with a status of 429 () @ https://api.elections.kalshi.com/v1/series/KXWCGROUPQUAL/events/KXWCGROUPQUAL-26C?with_markdown=true:0
[ 4240776ms] [LOG] Transport layer info: You are making requests too frequently @ https://kalshi.com/_next/static/chunks/0q~3w5mbasf3y.js?dpl=dpl_7dWU2t55wxyR9wVLtpgDJNykXJtb:3
[ 4240823ms] [ERROR] Failed to load resource: net::ERR_NAME_NOT_RESOLVED @ https://browser-intake-datadoghq.com/api/v2/rum?ddsource=browser&dd-api-key=pub222856fe11852abc3642b1395fac0627&dd-evp-origin-version=7.1.0&dd-evp-origin=browser&dd-request-id=853b331c-9e69-47de-8f9b-0d7f2272db88&batch_time=1781699026265&_dd.api=fetch:0
[ 4241825ms] [ERROR] Failed to load resource: net::ERR_NAME_NOT_RESOLVED @ https://browser-intake-datadoghq.com/api/v2/rum?ddsource=browser&dd-api-key=pub222856fe11852abc3642b1395fac0627&dd-evp-origin-version=7.1.0&dd-evp-origin=browser&dd-request-id=36c355e0-af33-4af3-9445-3a70ad510927&batch_time=1781699027276&_dd.api=fetch:0
[ 4244356ms] [ERROR] Failed to load resource: net::ERR_NAME_NOT_RESOLVED @ https://browser-intake-datadoghq.com/api/v2/rum?ddsource=browser&dd-api-key=pub222856fe11852abc3642b1395fac0627&dd-evp-origin-version=7.1.0&dd-evp-origin=browser&dd-request-id=155244c8-647d-408b-8caf-4b3a55f8ed1a&batch_time=1781699029821&_dd.api=fetch:0
[ 4245778ms] [ERROR] Failed to load resource: net::ERR_NAME_NOT_RESOLVED @ https://browser-intake-datadoghq.com/api/v2/rum?ddsource=browser&dd-api-key=pub222856fe11852abc3642b1395fac0627&dd-evp-origin-version=7.1.0&dd-evp-origin=browser&dd-request-id=7f51b27d-73de-4244-9145-04ba44e4d864&batch_time=1781699031254&_dd.api=fetch:0
[ 4247872ms] [ERROR] Failed to load resource: net::ERR_NAME_NOT_RESOLVED @ https://browser-intake-datadoghq.com/api/v2/rum?ddsource=browser&dd-api-key=pub222856fe11852abc3642b1395fac0627&dd-evp-origin-version=7.1.0&dd-evp-origin=browser&dd-request-id=eb74a742-3729-469e-80fa-9e77d67ec49c&batch_time=1781699033275&_dd.api=fetch:0
[ 4249322ms] [ERROR] Failed to load resource: net::ERR_NAME_NOT_RESOLVED @ https://browser-intake-datadoghq.com/api/v2/rum?ddsource=browser&dd-api-key=pub222856fe11852abc3642b1395fac0627&dd-evp-origin-version=7.1.0&dd-evp-origin=browser&dd-request-id=06baf775-8b82-451f-9056-ab0a2b3a5e0d&batch_time=1781699034786&_dd.api=fetch:0
[ 4251233ms] [ERROR] Failed to load resource: net::ERR_NAME_NOT_RESOLVED @ https://browser-intake-datadoghq.com/api/v2/rum?ddsource=browser&dd-api-key=pub222856fe11852abc3642b1395fac0627&dd-evp-origin-version=7.1.0&dd-evp-origin=browser&dd-request-id=e8bcd9c7-6ef4-49e6-93d4-208ead3dede5&batch_time=1781699036720&_dd.api=fetch:0
[ 4253192ms] [ERROR] Failed to load resource: net::ERR_NAME_NOT_RESOLVED @ https://browser-intake-datadoghq.com/api/v2/rum?ddsource=browser&dd-api-key=pub222856fe11852abc3642b1395fac0627&dd-evp-origin-version=7.1.0&dd-evp-origin=browser&dd-request-id=5ca8ebf3-6cd5-411b-90d9-70db96f7bd03&batch_time=1781699038667&_dd.api=fetch:0
[ 4254755ms] [ERROR] Failed to load resource: net::ERR_NAME_NOT_RESOLVED @ https://browser-intake-datadoghq.com/api/v2/rum?ddsource=browser&dd-api-key=pub222856fe11852abc3642b1395fac0627&dd-evp-origin-version=7.1.0&dd-evp-origin=browser&dd-request-id=a9c65dc1-c069-4774-8c9a-3f56d15d4d4d&batch_time=1781699040237&_dd.api=fetch:0
[ 4256277ms] [ERROR] Failed to load resource: net::ERR_NAME_NOT_RESOLVED @ https://browser-intake-datadoghq.com/api/v2/rum?ddsource=browser&dd-api-key=pub222856fe11852abc3642b1395fac0627&dd-evp-origin-version=7.1.0&dd-evp-origin=browser&dd-request-id=614888d9-1b7b-47d5-8095-032d248530e8&batch_time=1781699041764&_dd.api=fetch:0
[ 4257791ms] [ERROR] Failed to load resource: net::ERR_NAME_NOT_RESOLVED @ https://browser-intake-datadoghq.com/api/v2/rum?ddsource=browser&dd-api-key=pub222856fe11852abc3642b1395fac0627&dd-evp-origin-version=7.1.0&dd-evp-origin=browser&dd-request-id=6bae60f7-b57e-45e0-8bf5-c989ec9dcd1f&batch_time=1781699043254&_dd.api=fetch:0
[ 4260293ms] [ERROR] Failed to load resource: net::ERR_NAME_NOT_RESOLVED @ https://browser-intake-datadoghq.com/api/v2/rum?ddsource=browser&dd-api-key=pub222856fe11852abc3642b1395fac0627&dd-evp-origin-version=7.1.0&dd-evp-origin=browser&dd-request-id=68fa48d8-59ef-481f-96c5-716d385a699d&batch_time=1781699045780&_dd.api=fetch:0
[ 4261817ms] [ERROR] Failed to load resource: net::ERR_NAME_NOT_RESOLVED @ https://browser-intake-datadoghq.com/api/v2/rum?ddsource=browser&dd-api-key=pub222856fe11852abc3642b1395fac0627&dd-evp-origin-version=7.1.0&dd-evp-origin=browser&dd-request-id=26d7349c-7894-4c94-9df7-1bad3c51345b&batch_time=1781699047266&_dd.api=fetch:0
[ 4263296ms] [ERROR] Failed to load resource: net::ERR_NAME_NOT_RESOLVED @ https://browser-intake-datadoghq.com/api/v2/rum?ddsource=browser&dd-api-key=pub222856fe11852abc3642b1395fac0627&dd-evp-origin-version=7.1.0&dd-evp-origin=browser&dd-request-id=b59dfc80-508d-44c8-a7bf-4b2006a9074c&batch_time=1781699048771&_dd.api=fetch:0
[ 4265653ms] [ERROR] Failed to load resource: net::ERR_NAME_NOT_RESOLVED @ https://browser-intake-datadoghq.com/api/v2/rum?ddsource=browser&dd-api-key=pub222856fe11852abc3642b1395fac0627&dd-evp-origin-version=7.1.0&dd-evp-origin=browser&dd-request-id=49bc8826-0f6d-412a-a5bd-3cfa33b0ea4c&batch_time=1781699051100&_dd.api=fetch:0
[ 4266335ms] [ERROR] Failed to load resource: net::ERR_NAME_NOT_RESOLVED @ https://browser-intake-datadoghq.com/api/v2/rum?ddsource=browser&dd-api-key=pub222856fe11852abc3642b1395fac0627&dd-evp-origin-version=7.1.0&dd-evp-origin=browser&dd-request-id=4f75e399-6cf9-460f-ae0d-17635e0a835f&batch_time=1781699051821&_dd.api=fetch:0
[ 4267122ms] [ERROR] Failed to load resource: net::ERR_NAME_NOT_RESOLVED @ https://browser-intake-datadoghq.com/api/v2/rum?ddsource=browser&dd-api-key=pub222856fe11852abc3642b1395fac0627&dd-evp-origin-version=7.1.0&dd-evp-origin=browser&dd-request-id=a2d40b8d-a9b6-45f7-8914-4236153c0cd2&batch_time=1781699052608&_dd.api=fetch:0
[ 4269856ms] [ERROR] Failed to load resource: net::ERR_NAME_NOT_RESOLVED @ https://browser-intake-datadoghq.com/api/v2/rum?ddsource=browser&dd-api-key=pub222856fe11852abc3642b1395fac0627&dd-evp-origin-version=7.1.0&dd-evp-origin=browser&dd-request-id=806cb612-f602-47db-95c4-78cc9e4cd96a&batch_time=1781699055325&_dd.api=fetch:0
[ 4270622ms] [ERROR] Failed to load resource: net::ERR_NAME_NOT_RESOLVED @ https://browser-intake-datadoghq.com/api/v2/rum?ddsource=browser&dd-api-key=pub222856fe11852abc3642b1395fac0627&dd-evp-origin-version=7.1.0&dd-evp-origin=browser&dd-request-id=5fe42d70-fc74-431d-91a4-8ead1885ec40&batch_time=1781699056058&_dd.api=fetch:0
[ 4272119ms] [ERROR] Failed to load resource: net::ERR_NAME_NOT_RESOLVED @ https://browser-intake-datadoghq.com/api/v2/rum?ddsource=browser&dd-api-key=pub222856fe11852abc3642b1395fac0627&dd-evp-origin-version=7.1.0&dd-evp-origin=browser&dd-request-id=66cd248a-e363-4046-a09f-db204a08c0ec&batch_time=1781699057605&_dd.api=fetch:0
[ 4273309ms] [ERROR] Failed to load resource: net::ERR_NAME_NOT_RESOLVED @ https://browser-intake-datadoghq.com/api/v2/rum?ddsource=browser&dd-api-key=pub222856fe11852abc3642b1395fac0627&dd-evp-origin-version=7.1.0&dd-evp-origin=browser&dd-request-id=c453e33a-4caa-4f8c-87b1-08c6ae440833&batch_time=1781699058774&_dd.api=fetch:0
[ 4276222ms] [ERROR] Failed to load resource: net::ERR_NAME_NOT_RESOLVED @ https://browser-intake-datadoghq.com/api/v2/rum?ddsource=browser&dd-api-key=pub222856fe11852abc3642b1395fac0627&dd-evp-origin-version=7.1.0&dd-evp-origin=browser&dd-request-id=3a02b5d4-54fa-4ed8-af48-3f2b1f321214&batch_time=1781699061636&_dd.api=fetch:0
[ 4277961ms] [ERROR] Failed to load resource: net::ERR_NAME_NOT_RESOLVED @ https://browser-intake-datadoghq.com/api/v2/rum?ddsource=browser&dd-api-key=pub222856fe11852abc3642b1395fac0627&dd-evp-origin-version=7.1.0&dd-evp-origin=browser&dd-request-id=9de80edd-8285-469e-9413-20aac87a28bd&batch_time=1781699063447&_dd.api=fetch:0
[ 4279278ms] [ERROR] Failed to load resource: net::ERR_NAME_NOT_RESOLVED @ https://browser-intake-datadoghq.com/api/v2/rum?ddsource=browser&dd-api-key=pub222856fe11852abc3642b1395fac0627&dd-evp-origin-version=7.1.0&dd-evp-origin=browser&dd-request-id=c3aa8c49-f79b-4233-afd2-867961bf9168&batch_time=1781699064742&_dd.api=fetch:0
[ 4281360ms] [ERROR] Failed to load resource: net::ERR_NAME_NOT_RESOLVED @ https://browser-intake-datadoghq.com/api/v2/rum?ddsource=browser&dd-api-key=pub222856fe11852abc3642b1395fac0627&dd-evp-origin-version=7.1.0&dd-evp-origin=browser&dd-request-id=377ca22e-eb66-4323-8a81-408842c5bf92&batch_time=1781699066761&_dd.api=fetch:0
[ 4282828ms] [ERROR] Failed to load resource: net::ERR_NAME_NOT_RESOLVED @ https://browser-intake-datadoghq.com/api/v2/rum?ddsource=browser&dd-api-key=pub222856fe11852abc3642b1395fac0627&dd-evp-origin-version=7.1.0&dd-evp-origin=browser&dd-request-id=e1c7decf-68b1-4f05-b903-ef533a05ccef&batch_time=1781699068278&_dd.api=fetch:0
[ 4284798ms] [ERROR] Failed to load resource: net::ERR_NAME_NOT_RESOLVED @ https://browser-intake-datadoghq.com/api/v2/rum?ddsource=browser&dd-api-key=pub222856fe11852abc3642b1395fac0627&dd-evp-origin-version=7.1.0&dd-evp-origin=browser&dd-request-id=6bb445b9-14ef-4655-9ec1-002484df69ff&batch_time=1781699070262&_dd.api=fetch:0
[ 4285635ms] [ERROR] Failed to load resource: net::ERR_NAME_NOT_RESOLVED @ https://browser-intake-datadoghq.com/api/v2/rum?ddsource=browser&dd-api-key=pub222856fe11852abc3642b1395fac0627&dd-evp-origin-version=7.1.0&dd-evp-origin=browser&dd-request-id=ad2f3bc1-f9ea-46ec-9518-e8eb119fd221&batch_time=1781699071118&_dd.api=fetch:0
[ 4287371ms] [ERROR] Failed to load resource: net::ERR_NAME_NOT_RESOLVED @ https://browser-intake-datadoghq.com/api/v2/rum?ddsource=browser&dd-api-key=pub222856fe11852abc3642b1395fac0627&dd-evp-origin-version=7.1.0&dd-evp-origin=browser&dd-request-id=469e48f2-be34-4228-b8e8-6d2c24484ed1&batch_time=1781699072840&_dd.api=fetch:0
[ 4289268ms] [ERROR] Failed to load resource: net::ERR_NAME_NOT_RESOLVED @ https://browser-intake-datadoghq.com/api/v2/rum?ddsource=browser&dd-api-key=pub222856fe11852abc3642b1395fac0627&dd-evp-origin-version=7.1.0&dd-evp-origin=browser&dd-request-id=0047a352-1b7e-40d4-908b-d02d6e20c8a4&batch_time=1781699074754&_dd.api=fetch:0
[ 4291253ms] [ERROR] Failed to load resource: net::ERR_NAME_NOT_RESOLVED @ https://browser-intake-datadoghq.com/api/v2/rum?ddsource=browser&dd-api-key=pub222856fe11852abc3642b1395fac0627&dd-evp-origin-version=7.1.0&dd-evp-origin=browser&dd-request-id=96395236-fc42-47cd-b116-ffcaecc72435&batch_time=1781699076739&_dd.api=fetch:0
[ 4292786ms] [ERROR] Failed to load resource: net::ERR_NAME_NOT_RESOLVED @ https://browser-intake-datadoghq.com/api/v2/rum?ddsource=browser&dd-api-key=pub222856fe11852abc3642b1395fac0627&dd-evp-origin-version=7.1.0&dd-evp-origin=browser&dd-request-id=6d1b1a04-eac9-47c7-b9f9-59d5867896f2&batch_time=1781699078253&_dd.api=fetch:0
[ 4294316ms] [ERROR] Failed to load resource: net::ERR_NAME_NOT_RESOLVED @ https://browser-intake-datadoghq.com/api/v2/rum?ddsource=browser&dd-api-key=pub222856fe11852abc3642b1395fac0627&dd-evp-origin-version=7.1.0&dd-evp-origin=browser&dd-request-id=64da277c-2420-4282-89b2-f8c85bc049cb&batch_time=1781699079775&_dd.api=fetch:0
[ 4295730ms] [ERROR] Failed to load resource: net::ERR_NAME_NOT_RESOLVED @ https://browser-intake-datadoghq.com/api/v2/rum?ddsource=browser&dd-api-key=pub222856fe11852abc3642b1395fac0627&dd-evp-origin-version=7.1.0&dd-evp-origin=browser&dd-request-id=c1cc7de7-35aa-4f91-bf54-b8610719ce4c&batch_time=1781699081182&_dd.api=fetch:0
[ 4297119ms] [ERROR] Failed to load resource: net::ERR_NAME_NOT_RESOLVED @ https://browser-intake-datadoghq.com/api/v2/rum?ddsource=browser&dd-api-key=pub222856fe11852abc3642b1395fac0627&dd-evp-origin-version=7.1.0&dd-evp-origin=browser&dd-request-id=6012a495-5aa9-4ecf-831b-00427cad0b1d&batch_time=1781699082606&_dd.api=fetch:0
[ 4298656ms] [ERROR] Failed to load resource: net::ERR_NAME_NOT_RESOLVED @ https://browser-intake-datadoghq.com/api/v2/rum?ddsource=browser&dd-api-key=pub222856fe11852abc3642b1395fac0627&dd-evp-origin-version=7.1.0&dd-evp-origin=browser&dd-request-id=0ff5ea7c-1cd9-443d-9867-f20a932b8e90&batch_time=1781699083868&_dd.api=fetch:0
[ 4300801ms] [ERROR] Failed to load resource: net::ERR_NAME_NOT_RESOLVED @ https://browser-intake-datadoghq.com/api/v2/rum?ddsource=browser&dd-api-key=pub222856fe11852abc3642b1395fac0627&dd-evp-origin-version=7.1.0&dd-evp-origin=browser&dd-request-id=ddff1c16-b059-4a3a-a664-7859a130e100&batch_time=1781699086269&_dd.api=fetch:0
[ 4302263ms] [ERROR] Failed to load resource: net::ERR_NAME_NOT_RESOLVED @ https://browser-intake-datadoghq.com/api/v2/rum?ddsource=browser&dd-api-key=pub222856fe11852abc3642b1395fac0627&dd-evp-origin-version=7.1.0&dd-evp-origin=browser&dd-request-id=b2af9831-b01e-44fe-ae68-24c9ff1e2c26&batch_time=1781699087739&_dd.api=fetch:0
[ 4304996ms] [ERROR] Failed to load resource: net::ERR_NAME_NOT_RESOLVED @ https://browser-intake-datadoghq.com/api/v2/rum?ddsource=browser&dd-api-key=pub222856fe11852abc3642b1395fac0627&dd-evp-origin-version=7.1.0&dd-evp-origin=browser&dd-request-id=2dc36e2d-ef0e-4d3f-bbf6-0b294d7f0d64&batch_time=1781699090398&_dd.api=fetch:0
[ 4305789ms] [ERROR] Failed to load resource: net::ERR_NAME_NOT_RESOLVED @ https://browser-intake-datadoghq.com/api/v2/rum?ddsource=browser&dd-api-key=pub222856fe11852abc3642b1395fac0627&dd-evp-origin-version=7.1.0&dd-evp-origin=browser&dd-request-id=cfde27b8-bdbf-48ac-9ff2-ee62589a1115&batch_time=1781699091255&_dd.api=fetch:0
[ 4307909ms] [ERROR] Failed to load resource: net::ERR_NAME_NOT_RESOLVED @ https://browser-intake-datadoghq.com/api/v2/rum?ddsource=browser&dd-api-key=pub222856fe11852abc3642b1395fac0627&dd-evp-origin-version=7.1.0&dd-evp-origin=browser&dd-request-id=b2cd353f-2a99-4c0e-bf2f-c0025d350595&batch_time=1781699093283&_dd.api=fetch:0
[ 4309367ms] [ERROR] Failed to load resource: net::ERR_NAME_NOT_RESOLVED @ https://browser-intake-datadoghq.com/api/v2/rum?ddsource=browser&dd-api-key=pub222856fe11852abc3642b1395fac0627&dd-evp-origin-version=7.1.0&dd-evp-origin=browser&dd-request-id=737fe0a5-8f2d-4b5c-8a86-b261df965c11&batch_time=1781699094853&_dd.api=fetch:0
[ 4310448ms] [ERROR] Failed to load resource: net::ERR_NAME_NOT_RESOLVED @ https://browser-intake-datadoghq.com/api/v2/rum?ddsource=browser&dd-api-key=pub222856fe11852abc3642b1395fac0627&dd-evp-origin-version=7.1.0&dd-evp-origin=browser&dd-request-id=b92767c4-dd56-45a7-a794-6c63be128a72&batch_time=1781699095900&_dd.api=fetch:0
[ 4313596ms] [ERROR] Failed to load resource: net::ERR_NAME_NOT_RESOLVED @ https://browser-intake-datadoghq.com/api/v2/rum?ddsource=browser&dd-api-key=pub222856fe11852abc3642b1395fac0627&dd-evp-origin-version=7.1.0&dd-evp-origin=browser&dd-request-id=52408a69-8138-400d-b19a-14c50269ff10&batch_time=1781699099028&_dd.api=fetch:0
[ 4314277ms] [ERROR] Failed to load resource: net::ERR_NAME_NOT_RESOLVED @ https://browser-intake-datadoghq.com/api/v2/rum?ddsource=browser&dd-api-key=pub222856fe11852abc3642b1395fac0627&dd-evp-origin-version=7.1.0&dd-evp-origin=browser&dd-request-id=b94d8918-4eb9-44b6-abb9-e3bda4dd6c63&batch_time=1781699099738&_dd.api=fetch:0
[ 4315897ms] [ERROR] Failed to load resource: net::ERR_NAME_NOT_RESOLVED @ https://browser-intake-datadoghq.com/api/v2/rum?ddsource=browser&dd-api-key=pub222856fe11852abc3642b1395fac0627&dd-evp-origin-version=7.1.0&dd-evp-origin=browser&dd-request-id=e70b0ff7-bcfe-4c15-ae3c-189f536be2c5&batch_time=1781699101286&_dd.api=fetch:0
[ 4317295ms] [ERROR] Failed to load resource: net::ERR_NAME_NOT_RESOLVED @ https://browser-intake-datadoghq.com/api/v2/rum?ddsource=browser&dd-api-key=pub222856fe11852abc3642b1395fac0627&dd-evp-origin-version=7.1.0&dd-evp-origin=browser&dd-request-id=d1210a7f-b030-4f05-b2c6-bbad3845b39d&batch_time=1781699102761&_dd.api=fetch:0
[ 4318819ms] [ERROR] Failed to load resource: net::ERR_NAME_NOT_RESOLVED @ https://browser-intake-datadoghq.com/api/v2/rum?ddsource=browser&dd-api-key=pub222856fe11852abc3642b1395fac0627&dd-evp-origin-version=7.1.0&dd-evp-origin=browser&dd-request-id=f4905d0f-520b-4fac-ac59-fa889b124267&batch_time=1781699104284&_dd.api=fetch:0
[ 4320898ms] [ERROR] Failed to load resource: net::ERR_NAME_NOT_RESOLVED @ https://browser-intake-datadoghq.com/api/v2/rum?ddsource=browser&dd-api-key=pub222856fe11852abc3642b1395fac0627&dd-evp-origin-version=7.1.0&dd-evp-origin=browser&dd-request-id=2c3eedf7-fa4e-4797-94e9-a9310725806d&batch_time=1781699106303&_dd.api=fetch:0
[ 4322214ms] [ERROR] Failed to load resource: net::ERR_NAME_NOT_RESOLVED @ https://browser-intake-datadoghq.com/api/v2/rum?ddsource=browser&dd-api-key=pub222856fe11852abc3642b1395fac0627&dd-evp-origin-version=7.1.0&dd-evp-origin=browser&dd-request-id=a090dc55-d582-4449-aad9-811b0a5b81ad&batch_time=1781699107700&_dd.api=fetch:0
[ 4324361ms] [ERROR] Failed to load resource: net::ERR_NAME_NOT_RESOLVED @ https://browser-intake-datadoghq.com/api/v2/rum?ddsource=browser&dd-api-key=pub222856fe11852abc3642b1395fac0627&dd-evp-origin-version=7.1.0&dd-evp-origin=browser&dd-request-id=3e4dacec-fca3-407d-bdaf-af8e766f75c8&batch_time=1781699109833&_dd.api=fetch:0
[ 4325306ms] [ERROR] Failed to load resource: net::ERR_NAME_NOT_RESOLVED @ https://browser-intake-datadoghq.com/api/v2/rum?ddsource=browser&dd-api-key=pub222856fe11852abc3642b1395fac0627&dd-evp-origin-version=7.1.0&dd-evp-origin=browser&dd-request-id=b21b580d-01d1-4808-8838-e691cfb1a75d&batch_time=1781699110792&_dd.api=fetch:0
[ 4327190ms] [ERROR] Failed to load resource: net::ERR_NAME_NOT_RESOLVED @ https://browser-intake-datadoghq.com/api/v2/rum?ddsource=browser&dd-api-key=pub222856fe11852abc3642b1395fac0627&dd-evp-origin-version=7.1.0&dd-evp-origin=browser&dd-request-id=39257f20-ec3c-4b8e-a6ba-22d31fe8511e&batch_time=1781699112652&_dd.api=fetch:0
[ 4328812ms] [ERROR] Failed to load resource: net::ERR_NAME_NOT_RESOLVED @ https://browser-intake-datadoghq.com/api/v2/rum?ddsource=browser&dd-api-key=pub222856fe11852abc3642b1395fac0627&dd-evp-origin-version=7.1.0&dd-evp-origin=browser&dd-request-id=e9761246-930c-4b59-9fd4-52ef4520cf59&batch_time=1781699114298&_dd.api=fetch:0
[ 4330474ms] [ERROR] Failed to load resource: net::ERR_NAME_NOT_RESOLVED @ https://browser-intake-datadoghq.com/api/v2/rum?ddsource=browser&dd-api-key=pub222856fe11852abc3642b1395fac0627&dd-evp-origin-version=7.1.0&dd-evp-origin=browser&dd-request-id=b1872ad6-2ad8-4246-a437-4c2e92965fc9&batch_time=1781699115960&_dd.api=fetch:0
[ 4332485ms] [ERROR] Failed to load resource: net::ERR_NAME_NOT_RESOLVED @ https://browser-intake-datadoghq.com/api/v2/rum?ddsource=browser&dd-api-key=pub222856fe11852abc3642b1395fac0627&dd-evp-origin-version=7.1.0&dd-evp-origin=browser&dd-request-id=99eca740-bce1-4843-814e-93c47d49fa30&batch_time=1781699117914&_dd.api=fetch:0
[ 4333404ms] [ERROR] Failed to load resource: net::ERR_NAME_NOT_RESOLVED @ https://browser-intake-datadoghq.com/api/v2/rum?ddsource=browser&dd-api-key=pub222856fe11852abc3642b1395fac0627&dd-evp-origin-version=7.1.0&dd-evp-origin=browser&dd-request-id=17482644-93b5-4544-b06f-d6ae8e28c29a&batch_time=1781699118820&_dd.api=fetch:0
[ 4334276ms] [ERROR] Failed to load resource: net::ERR_NAME_NOT_RESOLVED @ https://browser-intake-datadoghq.com/api/v2/rum?ddsource=browser&dd-api-key=pub222856fe11852abc3642b1395fac0627&dd-evp-origin-version=7.1.0&dd-evp-origin=browser&dd-request-id=1fa3bfef-0d98-4566-b04a-0463c77a2946&batch_time=1781699119752&_dd.api=fetch:0
[ 4336099ms] [ERROR] Failed to load resource: net::ERR_NAME_NOT_RESOLVED @ https://browser-intake-datadoghq.com/api/v2/rum?ddsource=browser&dd-api-key=pub222856fe11852abc3642b1395fac0627&dd-evp-origin-version=7.1.0&dd-evp-origin=browser&dd-request-id=2c4d880c-a64c-49d5-b005-f6ecfb7279b3&batch_time=1781699121575&_dd.api=fetch:0
[ 4337624ms] [ERROR] Failed to load resource: net::ERR_NAME_NOT_RESOLVED @ https://browser-intake-datadoghq.com/api/v2/rum?ddsource=browser&dd-api-key=pub222856fe11852abc3642b1395fac0627&dd-evp-origin-version=7.1.0&dd-evp-origin=browser&dd-request-id=8d84279e-0589-49da-8fd1-1b6f52902c93&batch_time=1781699122970&_dd.api=fetch:0
[ 4338535ms] [ERROR] Failed to load resource: net::ERR_NAME_NOT_RESOLVED @ https://browser-intake-datadoghq.com/api/v2/rum?ddsource=browser&dd-api-key=pub222856fe11852abc3642b1395fac0627&dd-evp-origin-version=7.1.0&dd-evp-origin=browser&dd-request-id=572b5447-b71e-433b-8c3f-5ecf968598ff&batch_time=1781699123937&_dd.api=fetch:0
[ 4340404ms] [ERROR] Failed to load resource: the server responded with a status of 429 () @ https://api.elections.kalshi.com/v1/milestones/2fb32e45-a35a-4b93-8280-8aea331d9ea1/volume:0
[ 4340552ms] [ERROR] Failed to load resource: net::ERR_NAME_NOT_RESOLVED @ https://browser-intake-datadoghq.com/api/v2/rum?ddsource=browser&dd-api-key=pub222856fe11852abc3642b1395fac0627&dd-evp-origin-version=7.1.0&dd-evp-origin=browser&dd-request-id=8cef5b0a-1349-4cf5-9003-a1fb1aa49282&batch_time=1781699125937&_dd.api=fetch:0
[ 4341767ms] [ERROR] Failed to load resource: net::ERR_NAME_NOT_RESOLVED @ https://browser-intake-datadoghq.com/api/v2/rum?ddsource=browser&dd-api-key=pub222856fe11852abc3642b1395fac0627&dd-evp-origin-version=7.1.0&dd-evp-origin=browser&dd-request-id=61609bae-4769-49cb-805c-11c249541ec6&batch_time=1781699127242&_dd.api=fetch:0
[ 4343756ms] [ERROR] Failed to load resource: net::ERR_NAME_NOT_RESOLVED @ https://browser-intake-datadoghq.com/api/v2/rum?ddsource=browser&dd-api-key=pub222856fe11852abc3642b1395fac0627&dd-evp-origin-version=7.1.0&dd-evp-origin=browser&dd-request-id=92ea8006-c586-4dc1-a41d-e4b50c99b607&batch_time=1781699129242&_dd.api=fetch:0
[ 4345225ms] [ERROR] Failed to load resource: net::ERR_NAME_NOT_RESOLVED @ https://browser-intake-datadoghq.com/api/v2/rum?ddsource=browser&dd-api-key=pub222856fe11852abc3642b1395fac0627&dd-evp-origin-version=7.1.0&dd-evp-origin=browser&dd-request-id=e6927729-fb7d-4a5b-a91c-1e78dd32b577&batch_time=1781699130711&_dd.api=fetch:0
[ 4346384ms] [ERROR] Failed to load resource: net::ERR_NAME_NOT_RESOLVED @ https://browser-intake-datadoghq.com/api/v2/rum?ddsource=browser&dd-api-key=pub222856fe11852abc3642b1395fac0627&dd-evp-origin-version=7.1.0&dd-evp-origin=browser&dd-request-id=08d30553-9e52-458a-8051-fe4b2cc22c4e&batch_time=1781699131854&_dd.api=fetch:0
[ 4348474ms] [ERROR] Failed to load resource: net::ERR_NAME_NOT_RESOLVED @ https://browser-intake-datadoghq.com/api/v2/rum?ddsource=browser&dd-api-key=pub222856fe11852abc3642b1395fac0627&dd-evp-origin-version=7.1.0&dd-evp-origin=browser&dd-request-id=97e3c4d2-4222-4c10-9fb9-3ebc83bbf486&batch_time=1781699133915&_dd.api=fetch:0
[ 4349271ms] [ERROR] Failed to load resource: net::ERR_NAME_NOT_RESOLVED @ https://browser-intake-datadoghq.com/api/v2/rum?ddsource=browser&dd-api-key=pub222856fe11852abc3642b1395fac0627&dd-evp-origin-version=7.1.0&dd-evp-origin=browser&dd-request-id=6dcbea33-3a6c-4055-ad69-b2348ea0cddf&batch_time=1781699134758&_dd.api=fetch:0
[ 4352398ms] [ERROR] Failed to load resource: net::ERR_NAME_NOT_RESOLVED @ https://browser-intake-datadoghq.com/api/v2/rum?ddsource=browser&dd-api-key=pub222856fe11852abc3642b1395fac0627&dd-evp-origin-version=7.1.0&dd-evp-origin=browser&dd-request-id=b2897f03-9a1f-4bec-b4f3-56a709b597b0&batch_time=1781699137839&_dd.api=fetch:0
[ 4353334ms] [ERROR] Failed to load resource: net::ERR_NAME_NOT_RESOLVED @ https://browser-intake-datadoghq.com/api/v2/rum?ddsource=browser&dd-api-key=pub222856fe11852abc3642b1395fac0627&dd-evp-origin-version=7.1.0&dd-evp-origin=browser&dd-request-id=29843424-651f-4751-b87e-bd8d5c4d482d&batch_time=1781699138779&_dd.api=fetch:0
[ 4355757ms] [ERROR] Failed to load resource: net::ERR_NAME_NOT_RESOLVED @ https://browser-intake-datadoghq.com/api/v2/rum?ddsource=browser&dd-api-key=pub222856fe11852abc3642b1395fac0627&dd-evp-origin-version=7.1.0&dd-evp-origin=browser&dd-request-id=f3813404-38cc-441c-9343-0f56599f022e&batch_time=1781699141242&_dd.api=fetch:0
[ 4357351ms] [ERROR] Failed to load resource: net::ERR_NAME_NOT_RESOLVED @ https://browser-intake-datadoghq.com/api/v2/rum?ddsource=browser&dd-api-key=pub222856fe11852abc3642b1395fac0627&dd-evp-origin-version=7.1.0&dd-evp-origin=browser&dd-request-id=4edcf178-f913-40df-9df0-e15619575cc2&batch_time=1781699142789&_dd.api=fetch:0
[ 4358450ms] [ERROR] Failed to load resource: net::ERR_NAME_NOT_RESOLVED @ https://browser-intake-datadoghq.com/api/v2/rum?ddsource=browser&dd-api-key=pub222856fe11852abc3642b1395fac0627&dd-evp-origin-version=7.1.0&dd-evp-origin=browser&dd-request-id=40118114-0617-4060-bc48-79cb3703fa1f&batch_time=1781699143901&_dd.api=fetch:0
[ 4360565ms] [ERROR] Failed to load resource: net::ERR_NAME_NOT_RESOLVED @ https://browser-intake-datadoghq.com/api/v2/rum?ddsource=browser&dd-api-key=pub222856fe11852abc3642b1395fac0627&dd-evp-origin-version=7.1.0&dd-evp-origin=browser&dd-request-id=9aedc5cf-6ec7-4899-809b-71b654a08f40&batch_time=1781699146052&_dd.api=fetch:0
[ 4362056ms] [ERROR] Failed to load resource: net::ERR_NAME_NOT_RESOLVED @ https://browser-intake-datadoghq.com/api/v2/rum?ddsource=browser&dd-api-key=pub222856fe11852abc3642b1395fac0627&dd-evp-origin-version=7.1.0&dd-evp-origin=browser&dd-request-id=f3fcf82e-90f8-4cd9-a990-022cb6e78ec9&batch_time=1781699147543&_dd.api=fetch:0
[ 4363273ms] [ERROR] Failed to load resource: net::ERR_NAME_NOT_RESOLVED @ https://browser-intake-datadoghq.com/api/v2/rum?ddsource=browser&dd-api-key=pub222856fe11852abc3642b1395fac0627&dd-evp-origin-version=7.1.0&dd-evp-origin=browser&dd-request-id=d7073dfd-2244-4e33-a47b-81753dc16e79&batch_time=1781699148736&_dd.api=fetch:0
[ 4365430ms] [ERROR] Failed to load resource: net::ERR_NAME_NOT_RESOLVED @ https://browser-intake-datadoghq.com/api/v2/rum?ddsource=browser&dd-api-key=pub222856fe11852abc3642b1395fac0627&dd-evp-origin-version=7.1.0&dd-evp-origin=browser&dd-request-id=3f64e48f-7f1a-40de-9f55-e46e0dd7332d&batch_time=1781699150882&_dd.api=fetch:0
[ 4366139ms] [ERROR] Failed to load resource: net::ERR_NAME_NOT_RESOLVED @ https://browser-intake-datadoghq.com/api/v2/rum?ddsource=browser&dd-api-key=pub222856fe11852abc3642b1395fac0627&dd-evp-origin-version=7.1.0&dd-evp-origin=browser&dd-request-id=c050ef74-7961-42e8-8494-5532a4bfdff4&batch_time=1781699151626&_dd.api=fetch:0
[ 4368347ms] [ERROR] Failed to load resource: net::ERR_NAME_NOT_RESOLVED @ https://browser-intake-datadoghq.com/api/v2/rum?ddsource=browser&dd-api-key=pub222856fe11852abc3642b1395fac0627&dd-evp-origin-version=7.1.0&dd-evp-origin=browser&dd-request-id=20adea16-38c2-4c5e-9f71-f8266b4b6b43&batch_time=1781699153787&_dd.api=fetch:0
[ 4370211ms] [ERROR] Failed to load resource: net::ERR_NAME_NOT_RESOLVED @ https://browser-intake-datadoghq.com/api/v2/rum?ddsource=browser&dd-api-key=pub222856fe11852abc3642b1395fac0627&dd-evp-origin-version=7.1.0&dd-evp-origin=browser&dd-request-id=e93d1976-9be4-46ac-8aa4-ee51091de411&batch_time=1781699155687&_dd.api=fetch:0
[ 4371984ms] [ERROR] Failed to load resource: net::ERR_NAME_NOT_RESOLVED @ https://browser-intake-datadoghq.com/api/v2/rum?ddsource=browser&dd-api-key=pub222856fe11852abc3642b1395fac0627&dd-evp-origin-version=7.1.0&dd-evp-origin=browser&dd-request-id=12ab50c4-3b5a-448f-b864-77f7c926a552&batch_time=1781699157388&_dd.api=fetch:0
[ 4373941ms] [ERROR] Failed to load resource: net::ERR_NAME_NOT_RESOLVED @ https://browser-intake-datadoghq.com/api/v2/rum?ddsource=browser&dd-api-key=pub222856fe11852abc3642b1395fac0627&dd-evp-origin-version=7.1.0&dd-evp-origin=browser&dd-request-id=ed6fd92e-54f3-4955-81e6-1ce7345092a1&batch_time=1781699159355&_dd.api=fetch:0
[ 4375387ms] [ERROR] Failed to load resource: net::ERR_NAME_NOT_RESOLVED @ https://browser-intake-datadoghq.com/api/v2/rum?ddsource=browser&dd-api-key=pub222856fe11852abc3642b1395fac0627&dd-evp-origin-version=7.1.0&dd-evp-origin=browser&dd-request-id=fe0d7b8f-5c46-488c-92ee-e2e57c65af35&batch_time=1781699160827&_dd.api=fetch:0
[ 4376820ms] [ERROR] Failed to load resource: net::ERR_NAME_NOT_RESOLVED @ https://browser-intake-datadoghq.com/api/v2/rum?ddsource=browser&dd-api-key=pub222856fe11852abc3642b1395fac0627&dd-evp-origin-version=7.1.0&dd-evp-origin=browser&dd-request-id=f748b037-85a9-4a39-aff7-a27fb9998d20&batch_time=1781699162306&_dd.api=fetch:0
[ 4379131ms] [ERROR] Failed to load resource: net::ERR_NAME_NOT_RESOLVED @ https://browser-intake-datadoghq.com/api/v2/rum?ddsource=browser&dd-api-key=pub222856fe11852abc3642b1395fac0627&dd-evp-origin-version=7.1.0&dd-evp-origin=browser&dd-request-id=1bb50b6e-d441-4c32-a48f-5ec5cdd6ebd2&batch_time=1781699164593&_dd.api=fetch:0
[ 4381387ms] [ERROR] Failed to load resource: net::ERR_NAME_NOT_RESOLVED @ https://browser-intake-datadoghq.com/api/v2/rum?ddsource=browser&dd-api-key=pub222856fe11852abc3642b1395fac0627&dd-evp-origin-version=7.1.0&dd-evp-origin=browser&dd-request-id=87a7ad04-f320-4ab1-a056-355acd40fc87&batch_time=1781699166873&_dd.api=fetch:0
[ 4383159ms] [ERROR] Failed to load resource: net::ERR_NAME_NOT_RESOLVED @ https://browser-intake-datadoghq.com/api/v2/rum?ddsource=browser&dd-api-key=pub222856fe11852abc3642b1395fac0627&dd-evp-origin-version=7.1.0&dd-evp-origin=browser&dd-request-id=f29af45e-a662-44de-b25c-40f0be9e4c74&batch_time=1781699168612&_dd.api=fetch:0
[ 4384440ms] [ERROR] Failed to load resource: net::ERR_NAME_NOT_RESOLVED @ https://browser-intake-datadoghq.com/api/v2/rum?ddsource=browser&dd-api-key=pub222856fe11852abc3642b1395fac0627&dd-evp-origin-version=7.1.0&dd-evp-origin=browser&dd-request-id=d97f726f-6498-4805-a971-629a482515de&batch_time=1781699169910&_dd.api=fetch:0
[ 4385453ms] [ERROR] Failed to load resource: net::ERR_NAME_NOT_RESOLVED @ https://browser-intake-datadoghq.com/api/v2/rum?ddsource=browser&dd-api-key=pub222856fe11852abc3642b1395fac0627&dd-evp-origin-version=7.1.0&dd-evp-origin=browser&dd-request-id=734a7202-fecd-4204-a85b-822532aff3b5&batch_time=1781699170872&_dd.api=fetch:0
[ 4387353ms] [ERROR] Failed to load resource: net::ERR_NAME_NOT_RESOLVED @ https://browser-intake-datadoghq.com/api/v2/rum?ddsource=browser&dd-api-key=pub222856fe11852abc3642b1395fac0627&dd-evp-origin-version=7.1.0&dd-evp-origin=browser&dd-request-id=644a9411-8474-4c72-8b44-c0664ede8c0e&batch_time=1781699172789&_dd.api=fetch:0
[ 4388180ms] [ERROR] Failed to load resource: net::ERR_NAME_NOT_RESOLVED @ https://browser-intake-datadoghq.com/api/v2/rum?ddsource=browser&dd-api-key=pub222856fe11852abc3642b1395fac0627&dd-evp-origin-version=7.1.0&dd-evp-origin=browser&dd-request-id=f489a90d-7367-46f3-a2e1-2e2c050008a4&batch_time=1781699173652&_dd.api=fetch:0
[ 4389348ms] [ERROR] Failed to load resource: net::ERR_NAME_NOT_RESOLVED @ https://browser-intake-datadoghq.com/api/v2/rum?ddsource=browser&dd-api-key=pub222856fe11852abc3642b1395fac0627&dd-evp-origin-version=7.1.0&dd-evp-origin=browser&dd-request-id=03cfb27a-4d34-4fb3-bd8b-11d5124ecbc5&batch_time=1781699174804&_dd.api=fetch:0
[ 4390615ms] [ERROR] Failed to load resource: net::ERR_NAME_NOT_RESOLVED @ https://browser-intake-datadoghq.com/api/v2/rum?ddsource=browser&dd-api-key=pub222856fe11852abc3642b1395fac0627&dd-evp-origin-version=7.1.0&dd-evp-origin=browser&dd-request-id=26585de3-3e44-405c-b992-6b6f5cefa0b0&batch_time=1781699176067&_dd.api=fetch:0
[ 4392179ms] [ERROR] Failed to load resource: net::ERR_NAME_NOT_RESOLVED @ https://browser-intake-datadoghq.com/api/v2/rum?ddsource=browser&dd-api-key=pub222856fe11852abc3642b1395fac0627&dd-evp-origin-version=7.1.0&dd-evp-origin=browser&dd-request-id=4a824c9a-9f5c-44b6-9cb6-eb88cfe60abc&batch_time=1781699177640&_dd.api=fetch:0
[ 4393250ms] [ERROR] Failed to load resource: net::ERR_NAME_NOT_RESOLVED @ https://browser-intake-datadoghq.com/api/v2/rum?ddsource=browser&dd-api-key=pub222856fe11852abc3642b1395fac0627&dd-evp-origin-version=7.1.0&dd-evp-origin=browser&dd-request-id=54876f26-4535-4253-876a-a77623def359&batch_time=1781699178675&_dd.api=fetch:0
[ 4393904ms] [ERROR] Failed to load resource: net::ERR_NAME_NOT_RESOLVED @ https://browser-intake-datadoghq.com/api/v2/rum?ddsource=browser&dd-api-key=pub222856fe11852abc3642b1395fac0627&dd-evp-origin-version=7.1.0&dd-evp-origin=browser&dd-request-id=0b94143e-e5fd-456b-8f8d-97f3ab5275a3&batch_time=1781699179378&_dd.api=fetch:0
[ 4394919ms] [ERROR] Failed to load resource: net::ERR_NAME_NOT_RESOLVED @ https://browser-intake-datadoghq.com/api/v2/rum?ddsource=browser&dd-api-key=pub222856fe11852abc3642b1395fac0627&dd-evp-origin-version=7.1.0&dd-evp-origin=browser&dd-request-id=a26f019a-ade4-4487-98d1-8db91c8252ec&batch_time=1781699180401&_dd.api=fetch:0
[ 4395698ms] [ERROR] Failed to load resource: net::ERR_NAME_NOT_RESOLVED @ https://browser-intake-datadoghq.com/api/v2/rum?ddsource=browser&dd-api-key=pub222856fe11852abc3642b1395fac0627&dd-evp-origin-version=7.1.0&dd-evp-origin=browser&dd-request-id=f64005d5-4ba9-4153-98f6-d96b42381c29&batch_time=1781699181173&_dd.api=fetch:0
[ 4396864ms] [ERROR] Failed to load resource: net::ERR_NAME_NOT_RESOLVED @ https://browser-intake-datadoghq.com/api/v2/rum?ddsource=browser&dd-api-key=pub222856fe11852abc3642b1395fac0627&dd-evp-origin-version=7.1.0&dd-evp-origin=browser&dd-request-id=d19d64b8-334e-4921-a03a-531a73c30f80&batch_time=1781699182323&_dd.api=fetch:0
[ 4398103ms] [ERROR] Failed to load resource: net::ERR_NAME_NOT_RESOLVED @ https://browser-intake-datadoghq.com/api/v2/rum?ddsource=browser&dd-api-key=pub222856fe11852abc3642b1395fac0627&dd-evp-origin-version=7.1.0&dd-evp-origin=browser&dd-request-id=d51f03d8-07f4-412b-8ac6-b32b48b336e2&batch_time=1781699183589&_dd.api=fetch:0
[ 4398893ms] [ERROR] Failed to load resource: net::ERR_NAME_NOT_RESOLVED @ https://browser-intake-datadoghq.com/api/v2/rum?ddsource=browser&dd-api-key=pub222856fe11852abc3642b1395fac0627&dd-evp-origin-version=7.1.0&dd-evp-origin=browser&dd-request-id=753f6433-0588-47ad-aa3f-3092cfaa1915&batch_time=1781699184296&_dd.api=fetch:0
[ 4400176ms] [ERROR] Failed to load resource: net::ERR_NAME_NOT_RESOLVED @ https://browser-intake-datadoghq.com/api/v2/rum?ddsource=browser&dd-api-key=pub222856fe11852abc3642b1395fac0627&dd-evp-origin-version=7.1.0&dd-evp-origin=browser&dd-request-id=e4385867-9dff-4dca-a38f-a3ba87252e2e&batch_time=1781699185661&_dd.api=fetch:0
[ 4401675ms] [ERROR] Failed to load resource: net::ERR_NAME_NOT_RESOLVED @ https://browser-intake-datadoghq.com/api/v2/rum?ddsource=browser&dd-api-key=pub222856fe11852abc3642b1395fac0627&dd-evp-origin-version=7.1.0&dd-evp-origin=browser&dd-request-id=cc8f1ed6-4db4-4c5a-bbc6-010608aece0f&batch_time=1781699187161&_dd.api=fetch:0
[ 4402394ms] [ERROR] Failed to load resource: net::ERR_NAME_NOT_RESOLVED @ https://browser-intake-datadoghq.com/api/v2/rum?ddsource=browser&dd-api-key=pub222856fe11852abc3642b1395fac0627&dd-evp-origin-version=7.1.0&dd-evp-origin=browser&dd-request-id=f03e6767-020d-4e80-b74b-c9275c612dc8&batch_time=1781699187835&_dd.api=fetch:0
[ 4403637ms] [ERROR] Failed to load resource: net::ERR_NAME_NOT_RESOLVED @ https://browser-intake-datadoghq.com/api/v2/rum?ddsource=browser&dd-api-key=pub222856fe11852abc3642b1395fac0627&dd-evp-origin-version=7.1.0&dd-evp-origin=browser&dd-request-id=78642dcc-46c4-4586-9864-776d80308585&batch_time=1781699189113&_dd.api=fetch:0
[ 4404305ms] [ERROR] Failed to load resource: net::ERR_NAME_NOT_RESOLVED @ https://browser-intake-datadoghq.com/api/v2/rum?ddsource=browser&dd-api-key=pub222856fe11852abc3642b1395fac0627&dd-evp-origin-version=7.1.0&dd-evp-origin=browser&dd-request-id=63ff8f36-ee63-483e-8782-6bc3a69c405b&batch_time=1781699189778&_dd.api=fetch:0
[ 4405775ms] [ERROR] Failed to load resource: net::ERR_NAME_NOT_RESOLVED @ https://browser-intake-datadoghq.com/api/v2/rum?ddsource=browser&dd-api-key=pub222856fe11852abc3642b1395fac0627&dd-evp-origin-version=7.1.0&dd-evp-origin=browser&dd-request-id=dc8ffd31-255f-426b-9ea3-b8c344937c27&batch_time=1781699191262&_dd.api=fetch:0
[ 4406252ms] [ERROR] Failed to load resource: net::ERR_NAME_NOT_RESOLVED @ https://browser-intake-datadoghq.com/api/v2/rum?ddsource=browser&dd-api-key=pub222856fe11852abc3642b1395fac0627&dd-evp-origin-version=7.1.0&dd-evp-origin=browser&dd-request-id=9b8f9310-eacc-43a4-ab8b-70122d573af8&batch_time=1781699191738&_dd.api=fetch:0
[ 4407905ms] [ERROR] Failed to load resource: net::ERR_NAME_NOT_RESOLVED @ https://browser-intake-datadoghq.com/api/v2/rum?ddsource=browser&dd-api-key=pub222856fe11852abc3642b1395fac0627&dd-evp-origin-version=7.1.0&dd-evp-origin=browser&dd-request-id=78fe654d-7b34-4340-bc26-135dd4a5953f&batch_time=1781699193276&_dd.api=fetch:0
[ 4408730ms] [ERROR] Failed to load resource: net::ERR_NAME_NOT_RESOLVED @ https://browser-intake-datadoghq.com/api/v2/rum?ddsource=browser&dd-api-key=pub222856fe11852abc3642b1395fac0627&dd-evp-origin-version=7.1.0&dd-evp-origin=browser&dd-request-id=18e7edd2-d1e1-4830-85b3-b5dba1d80234&batch_time=1781699194195&_dd.api=fetch:0
[ 4409559ms] [ERROR] Failed to load resource: net::ERR_NAME_NOT_RESOLVED @ https://browser-intake-datadoghq.com/api/v2/rum?ddsource=browser&dd-api-key=pub222856fe11852abc3642b1395fac0627&dd-evp-origin-version=7.1.0&dd-evp-origin=browser&dd-request-id=fd445d21-e340-4668-9c26-996accf15e78&batch_time=1781699195045&_dd.api=fetch:0
[ 4410548ms] [ERROR] Failed to load resource: net::ERR_NAME_NOT_RESOLVED @ https://browser-intake-datadoghq.com/api/v2/rum?ddsource=browser&dd-api-key=pub222856fe11852abc3642b1395fac0627&dd-evp-origin-version=7.1.0&dd-evp-origin=browser&dd-request-id=330b7a73-088f-47e8-9673-65d5c2816f80&batch_time=1781699196031&_dd.api=fetch:0
[ 4411583ms] [ERROR] Failed to load resource: net::ERR_NAME_NOT_RESOLVED @ https://browser-intake-datadoghq.com/api/v2/rum?ddsource=browser&dd-api-key=pub222856fe11852abc3642b1395fac0627&dd-evp-origin-version=7.1.0&dd-evp-origin=browser&dd-request-id=c8ab4ead-dd44-46df-9e62-5766d2064279&batch_time=1781699197062&_dd.api=fetch:0
[ 4412302ms] [ERROR] Failed to load resource: net::ERR_NAME_NOT_RESOLVED @ https://browser-intake-datadoghq.com/api/v2/rum?ddsource=browser&dd-api-key=pub222856fe11852abc3642b1395fac0627&dd-evp-origin-version=7.1.0&dd-evp-origin=browser&dd-request-id=aaa34358-68ae-41f5-9420-103e9d233902&batch_time=1781699197778&_dd.api=fetch:0
[ 4413177ms] [ERROR] Failed to load resource: net::ERR_NAME_NOT_RESOLVED @ https://browser-intake-datadoghq.com/api/v2/rum?ddsource=browser&dd-api-key=pub222856fe11852abc3642b1395fac0627&dd-evp-origin-version=7.1.0&dd-evp-origin=browser&dd-request-id=ad6cfe1d-ff5a-4d21-89db-374cf1e2818e&batch_time=1781699198663&_dd.api=fetch:0
[ 4414116ms] [ERROR] Failed to load resource: net::ERR_NAME_NOT_RESOLVED @ https://browser-intake-datadoghq.com/api/v2/rum?ddsource=browser&dd-api-key=pub222856fe11852abc3642b1395fac0627&dd-evp-origin-version=7.1.0&dd-evp-origin=browser&dd-request-id=0e0618e9-2c14-475f-aa46-71f2e6a71895&batch_time=1781699199585&_dd.api=fetch:0
[ 4414775ms] [ERROR] Failed to load resource: net::ERR_NAME_NOT_RESOLVED @ https://browser-intake-datadoghq.com/api/v2/rum?ddsource=browser&dd-api-key=pub222856fe11852abc3642b1395fac0627&dd-evp-origin-version=7.1.0&dd-evp-origin=browser&dd-request-id=ddff6a42-8226-4535-b660-1042713e4d7f&batch_time=1781699200257&_dd.api=fetch:0
[ 4416244ms] [ERROR] Failed to load resource: net::ERR_NAME_NOT_RESOLVED @ https://browser-intake-datadoghq.com/api/v2/rum?ddsource=browser&dd-api-key=pub222856fe11852abc3642b1395fac0627&dd-evp-origin-version=7.1.0&dd-evp-origin=browser&dd-request-id=46378c50-42a0-4a0c-b03a-3a6608ec86d3&batch_time=1781699201731&_dd.api=fetch:0
[ 4417777ms] [ERROR] Failed to load resource: net::ERR_NAME_NOT_RESOLVED @ https://browser-intake-datadoghq.com/api/v2/rum?ddsource=browser&dd-api-key=pub222856fe11852abc3642b1395fac0627&dd-evp-origin-version=7.1.0&dd-evp-origin=browser&dd-request-id=fe028b49-c9a2-4051-8a5e-681f6813618e&batch_time=1781699203263&_dd.api=fetch:0
[ 4420255ms] [ERROR] Failed to load resource: net::ERR_NAME_NOT_RESOLVED @ https://browser-intake-datadoghq.com/api/v2/rum?ddsource=browser&dd-api-key=pub222856fe11852abc3642b1395fac0627&dd-evp-origin-version=7.1.0&dd-evp-origin=browser&dd-request-id=75df0fc9-91ed-40a8-b9de-109cdd1778c5&batch_time=1781699205729&_dd.api=fetch:0
[ 4421243ms] [ERROR] Failed to load resource: net::ERR_NAME_NOT_RESOLVED @ https://browser-intake-datadoghq.com/api/v2/rum?ddsource=browser&dd-api-key=pub222856fe11852abc3642b1395fac0627&dd-evp-origin-version=7.1.0&dd-evp-origin=browser&dd-request-id=84801597-4a55-435c-b9b6-fe4443c20c7b&batch_time=1781699206729&_dd.api=fetch:0
[ 4424266ms] [WARNING] The resource https://kalshi.com/images/research/mission/Frame.png was preloaded using link preload but not used within a few seconds from the window's load event. Please make sure it has an appropriate `as` value and it is preloaded intentionally. @ https://kalshi.com/markets/kxwcgroupqual/world-cup-group-qualifiers/kxwcgroupqual-26c?op_market_ticker=KXWCGROUPQUAL-26C-SCO&op_order_side=no:0
[ 4424266ms] [WARNING] The resource https://kalshi.com/images/research/mission/calibration.png was preloaded using link preload but not used within a few seconds from the window's load event. Please make sure it has an appropriate `as` value and it is preloaded intentionally. @ https://kalshi.com/markets/kxwcgroupqual/world-cup-group-qualifiers/kxwcgroupqual-26c?op_market_ticker=KXWCGROUPQUAL-26C-SCO&op_order_side=no:0
[ 4424266ms] [WARNING] The resource https://kalshi.com/images/research/mission/prediction-accuracy.png was preloaded using link preload but not used within a few seconds from the window's load event. Please make sure it has an appropriate `as` value and it is preloaded intentionally. @ https://kalshi.com/markets/kxwcgroupqual/world-cup-group-qualifiers/kxwcgroupqual-26c?op_market_ticker=KXWCGROUPQUAL-26C-SCO&op_order_side=no:0
[ 4424266ms] [WARNING] The resource https://kalshi.com/images/research/mission/real-world-impact.png was preloaded using link preload but not used within a few seconds from the window's load event. Please make sure it has an appropriate `as` value and it is preloaded intentionally. @ https://kalshi.com/markets/kxwcgroupqual/world-cup-group-qualifiers/kxwcgroupqual-26c?op_market_ticker=KXWCGROUPQUAL-26C-SCO&op_order_side=no:0
[ 4424266ms] [WARNING] The resource https://kalshi.com/images/research/mission/belief-updating-dynamics.png was preloaded using link preload but not used within a few seconds from the window's load event. Please make sure it has an appropriate `as` value and it is preloaded intentionally. @ https://kalshi.com/markets/kxwcgroupqual/world-cup-group-qualifiers/kxwcgroupqual-26c?op_market_ticker=KXWCGROUPQUAL-26C-SCO&op_order_side=no:0
[ 4424266ms] [WARNING] The resource https://kalshi.com/images/research/mission/market-microstructure.png was preloaded using link preload but not used within a few seconds from the window's load event. Please make sure it has an appropriate `as` value and it is preloaded intentionally. @ https://kalshi.com/markets/kxwcgroupqual/world-cup-group-qualifiers/kxwcgroupqual-26c?op_market_ticker=KXWCGROUPQUAL-26C-SCO&op_order_side=no:0
[ 4424266ms] [WARNING] The resource https://kalshi.com/images/research/mission/participant-heterogeneity.png was preloaded using link preload but not used within a few seconds from the window's load event. Please make sure it has an appropriate `as` value and it is preloaded intentionally. @ https://kalshi.com/markets/kxwcgroupqual/world-cup-group-qualifiers/kxwcgroupqual-26c?op_market_ticker=KXWCGROUPQUAL-26C-SCO&op_order_side=no:0
[ 4424283ms] [ERROR] Failed to load resource: net::ERR_NAME_NOT_RESOLVED @ https://browser-intake-datadoghq.com/api/v2/rum?ddsource=browser&dd-api-key=pub222856fe11852abc3642b1395fac0627&dd-evp-origin-version=7.1.0&dd-evp-origin=browser&dd-request-id=9cc310f3-49cb-4eeb-be44-9c3a85150cb8&batch_time=1781699209770&_dd.api=fetch:0
[ 4425409ms] [ERROR] Failed to load resource: net::ERR_NAME_NOT_RESOLVED @ https://browser-intake-datadoghq.com/api/v2/rum?ddsource=browser&dd-api-key=pub222856fe11852abc3642b1395fac0627&dd-evp-origin-version=7.1.0&dd-evp-origin=browser&dd-request-id=f0bc4739-d617-4fc6-b631-3a515cd858ef&batch_time=1781699210850&_dd.api=fetch:0
[ 4427830ms] [ERROR] Failed to load resource: net::ERR_NAME_NOT_RESOLVED @ https://browser-intake-datadoghq.com/api/v2/rum?ddsource=browser&dd-api-key=pub222856fe11852abc3642b1395fac0627&dd-evp-origin-version=7.1.0&dd-evp-origin=browser&dd-request-id=c9587c77-b30d-4b5f-bb08-60f5d6c3558d&batch_time=1781699213292&_dd.api=fetch:0
[ 4430559ms] [ERROR] Failed to load resource: net::ERR_NAME_NOT_RESOLVED @ https://browser-intake-datadoghq.com/api/v2/rum?ddsource=browser&dd-api-key=pub222856fe11852abc3642b1395fac0627&dd-evp-origin-version=7.1.0&dd-evp-origin=browser&dd-request-id=b2138c37-a97b-421a-b29c-d5e543b67691&batch_time=1781699216029&_dd.api=fetch:0
[ 4432146ms] [ERROR] Failed to load resource: net::ERR_NAME_NOT_RESOLVED @ https://browser-intake-datadoghq.com/api/v2/rum?ddsource=browser&dd-api-key=pub222856fe11852abc3642b1395fac0627&dd-evp-origin-version=7.1.0&dd-evp-origin=browser&dd-request-id=450f4f32-3be7-4be4-82c6-bd7ea6c66e99&batch_time=1781699217600&_dd.api=fetch:0
[ 4434258ms] [ERROR] Failed to load resource: net::ERR_NAME_NOT_RESOLVED @ https://browser-intake-datadoghq.com/api/v2/rum?ddsource=browser&dd-api-key=pub222856fe11852abc3642b1395fac0627&dd-evp-origin-version=7.1.0&dd-evp-origin=browser&dd-request-id=f1b9291e-df2f-4f99-8f8a-6c2f780b7e13&batch_time=1781699219698&_dd.api=fetch:0
[ 4435140ms] [ERROR] Failed to load resource: net::ERR_NAME_NOT_RESOLVED @ https://browser-intake-datadoghq.com/api/v2/rum?ddsource=browser&dd-api-key=pub222856fe11852abc3642b1395fac0627&dd-evp-origin-version=7.1.0&dd-evp-origin=browser&dd-request-id=84d16fb7-0c20-40cf-836e-c70828db616a&batch_time=1781699220598&_dd.api=fetch:0
[ 4436377ms] [ERROR] Failed to load resource: net::ERR_NAME_NOT_RESOLVED @ https://browser-intake-datadoghq.com/api/v2/rum?ddsource=browser&dd-api-key=pub222856fe11852abc3642b1395fac0627&dd-evp-origin-version=7.1.0&dd-evp-origin=browser&dd-request-id=ee32fe2f-de6b-458f-9848-db0d43ce8c23&batch_time=1781699221836&_dd.api=fetch:0
[ 4437327ms] [ERROR] Failed to load resource: net::ERR_NAME_NOT_RESOLVED @ https://browser-intake-datadoghq.com/api/v2/rum?ddsource=browser&dd-api-key=pub222856fe11852abc3642b1395fac0627&dd-evp-origin-version=7.1.0&dd-evp-origin=browser&dd-request-id=ddc28eb4-0b1f-4207-9576-174bdce53d3e&batch_time=1781699222814&_dd.api=fetch:0
[ 4439364ms] [ERROR] Failed to load resource: net::ERR_NAME_NOT_RESOLVED @ https://browser-intake-datadoghq.com/api/v2/rum?ddsource=browser&dd-api-key=pub222856fe11852abc3642b1395fac0627&dd-evp-origin-version=7.1.0&dd-evp-origin=browser&dd-request-id=94cdaa53-8b79-4f3a-b4a8-0c0c920d10fe&batch_time=1781699224831&_dd.api=fetch:0
[ 4441081ms] [ERROR] Failed to load resource: the server responded with a status of 429 () @ https://api.elections.kalshi.com/v1/markets/order_books?market_tickers=KXWCGROUPQUAL-26C-SCO:0
[ 4441135ms] [LOG] Transport layer info: You are making requests too frequently @ https://kalshi.com/_next/static/chunks/0q~3w5mbasf3y.js?dpl=dpl_7dWU2t55wxyR9wVLtpgDJNykXJtb:3
[ 4441194ms] [ERROR] Failed to load resource: net::ERR_NAME_NOT_RESOLVED @ https://browser-intake-datadoghq.com/api/v2/rum?ddsource=browser&dd-api-key=pub222856fe11852abc3642b1395fac0627&dd-evp-origin-version=7.1.0&dd-evp-origin=browser&dd-request-id=00c8514f-5eb4-467a-850c-a12b2ca72f33&batch_time=1781699226656&_dd.api=fetch:0
[ 4443290ms] [ERROR] Failed to load resource: net::ERR_NAME_NOT_RESOLVED @ https://browser-intake-datadoghq.com/api/v2/rum?ddsource=browser&dd-api-key=pub222856fe11852abc3642b1395fac0627&dd-evp-origin-version=7.1.0&dd-evp-origin=browser&dd-request-id=7dfa830d-d8a0-447a-ad22-8396af2d3dd0&batch_time=1781699228766&_dd.api=fetch:0
[ 4445254ms] [ERROR] Failed to load resource: net::ERR_NAME_NOT_RESOLVED @ https://browser-intake-datadoghq.com/api/v2/rum?ddsource=browser&dd-api-key=pub222856fe11852abc3642b1395fac0627&dd-evp-origin-version=7.1.0&dd-evp-origin=browser&dd-request-id=c743f07c-2af1-40d4-80b2-d930752526bb&batch_time=1781699230683&_dd.api=fetch:0
[ 4445885ms] [ERROR] Failed to load resource: net::ERR_NAME_NOT_RESOLVED @ https://browser-intake-datadoghq.com/api/v2/rum?ddsource=browser&dd-api-key=pub222856fe11852abc3642b1395fac0627&dd-evp-origin-version=7.1.0&dd-evp-origin=browser&dd-request-id=a786c638-2041-4cff-b2fb-f4a1375d5ec2&batch_time=1781699231311&_dd.api=fetch:0
[ 4447230ms] [ERROR] Failed to load resource: net::ERR_NAME_NOT_RESOLVED @ https://browser-intake-datadoghq.com/api/v2/rum?ddsource=browser&dd-api-key=pub222856fe11852abc3642b1395fac0627&dd-evp-origin-version=7.1.0&dd-evp-origin=browser&dd-request-id=b17a708f-524c-4ee3-842a-438a98dcefb5&batch_time=1781699232715&_dd.api=fetch:0
[ 4449429ms] [ERROR] Failed to load resource: net::ERR_NAME_NOT_RESOLVED @ https://browser-intake-datadoghq.com/api/v2/rum?ddsource=browser&dd-api-key=pub222856fe11852abc3642b1395fac0627&dd-evp-origin-version=7.1.0&dd-evp-origin=browser&dd-request-id=d6ac8cc5-bf79-4f5a-b7ca-6ac996220cae&batch_time=1781699234821&_dd.api=fetch:0
[ 4450588ms] [ERROR] Failed to load resource: net::ERR_NAME_NOT_RESOLVED @ https://browser-intake-datadoghq.com/api/v2/rum?ddsource=browser&dd-api-key=pub222856fe11852abc3642b1395fac0627&dd-evp-origin-version=7.1.0&dd-evp-origin=browser&dd-request-id=45082eea-8f64-4a96-84cc-a173bfc8e3b3&batch_time=1781699236073&_dd.api=fetch:0
[ 4452515ms] [ERROR] Failed to load resource: net::ERR_NAME_NOT_RESOLVED @ https://browser-intake-datadoghq.com/api/v2/rum?ddsource=browser&dd-api-key=pub222856fe11852abc3642b1395fac0627&dd-evp-origin-version=7.1.0&dd-evp-origin=browser&dd-request-id=dfdfb070-07ae-4dd1-96b8-0412f5c3f0fb&batch_time=1781699237942&_dd.api=fetch:0
[ 4453394ms] [ERROR] Failed to load resource: net::ERR_NAME_NOT_RESOLVED @ https://browser-intake-datadoghq.com/api/v2/rum?ddsource=browser&dd-api-key=pub222856fe11852abc3642b1395fac0627&dd-evp-origin-version=7.1.0&dd-evp-origin=browser&dd-request-id=36de5081-7c8f-4c2a-a0ed-d41b45f3b882&batch_time=1781699238881&_dd.api=fetch:0
[ 4455761ms] [ERROR] Failed to load resource: net::ERR_NAME_NOT_RESOLVED @ https://browser-intake-datadoghq.com/api/v2/rum?ddsource=browser&dd-api-key=pub222856fe11852abc3642b1395fac0627&dd-evp-origin-version=7.1.0&dd-evp-origin=browser&dd-request-id=1077c96e-3f0f-413b-93a4-ead74d0cb9e5&batch_time=1781699241247&_dd.api=fetch:0
[ 4456852ms] [ERROR] Failed to load resource: net::ERR_NAME_NOT_RESOLVED @ https://browser-intake-datadoghq.com/api/v2/rum?ddsource=browser&dd-api-key=pub222856fe11852abc3642b1395fac0627&dd-evp-origin-version=7.1.0&dd-evp-origin=browser&dd-request-id=ffc41523-1258-463e-aabb-e9cd2cfed7fa&batch_time=1781699242303&_dd.api=fetch:0
[ 4458784ms] [ERROR] Failed to load resource: net::ERR_NAME_NOT_RESOLVED @ https://browser-intake-datadoghq.com/api/v2/rum?ddsource=browser&dd-api-key=pub222856fe11852abc3642b1395fac0627&dd-evp-origin-version=7.1.0&dd-evp-origin=browser&dd-request-id=44504a6b-020d-4e82-b15f-cc89e919d1bb&batch_time=1781699244271&_dd.api=fetch:0
[ 4460834ms] [ERROR] Failed to load resource: net::ERR_NAME_NOT_RESOLVED @ https://browser-intake-datadoghq.com/api/v2/rum?ddsource=browser&dd-api-key=pub222856fe11852abc3642b1395fac0627&dd-evp-origin-version=7.1.0&dd-evp-origin=browser&dd-request-id=4010f793-4d15-4384-86ad-1971422f4d4b&batch_time=1781699246298&_dd.api=fetch:0
[ 4462141ms] [ERROR] Failed to load resource: net::ERR_NAME_NOT_RESOLVED @ https://browser-intake-datadoghq.com/api/v2/rum?ddsource=browser&dd-api-key=pub222856fe11852abc3642b1395fac0627&dd-evp-origin-version=7.1.0&dd-evp-origin=browser&dd-request-id=d3313973-c431-4452-98c8-2af50f5a8d51&batch_time=1781699247614&_dd.api=fetch:0
[ 4464261ms] [ERROR] Failed to load resource: net::ERR_NAME_NOT_RESOLVED @ https://browser-intake-datadoghq.com/api/v2/rum?ddsource=browser&dd-api-key=pub222856fe11852abc3642b1395fac0627&dd-evp-origin-version=7.1.0&dd-evp-origin=browser&dd-request-id=8c66450b-fd14-4b05-abee-af124afeedcf&batch_time=1781699249748&_dd.api=fetch:0
[ 4466166ms] [ERROR] Failed to load resource: net::ERR_NAME_NOT_RESOLVED @ https://browser-intake-datadoghq.com/api/v2/rum?ddsource=browser&dd-api-key=pub222856fe11852abc3642b1395fac0627&dd-evp-origin-version=7.1.0&dd-evp-origin=browser&dd-request-id=868573ed-4d97-4142-a96b-198d9012e7f7&batch_time=1781699251652&_dd.api=fetch:0
[ 4467243ms] [ERROR] Failed to load resource: net::ERR_NAME_NOT_RESOLVED @ https://browser-intake-datadoghq.com/api/v2/rum?ddsource=browser&dd-api-key=pub222856fe11852abc3642b1395fac0627&dd-evp-origin-version=7.1.0&dd-evp-origin=browser&dd-request-id=ce210247-d771-49ab-8b4d-e345e60fb6dc&batch_time=1781699252715&_dd.api=fetch:0
[ 4469229ms] [ERROR] Failed to load resource: net::ERR_NAME_NOT_RESOLVED @ https://browser-intake-datadoghq.com/api/v2/rum?ddsource=browser&dd-api-key=pub222856fe11852abc3642b1395fac0627&dd-evp-origin-version=7.1.0&dd-evp-origin=browser&dd-request-id=28751755-6a7a-451e-95b0-ebee6f21490d&batch_time=1781699254715&_dd.api=fetch:0
[ 4470615ms] [ERROR] Failed to load resource: net::ERR_NAME_NOT_RESOLVED @ https://browser-intake-datadoghq.com/api/v2/rum?ddsource=browser&dd-api-key=pub222856fe11852abc3642b1395fac0627&dd-evp-origin-version=7.1.0&dd-evp-origin=browser&dd-request-id=db21b637-a7a8-40f3-bf2e-af561bbab1e4&batch_time=1781699256072&_dd.api=fetch:0
[ 4472667ms] [ERROR] Failed to load resource: net::ERR_NAME_NOT_RESOLVED @ https://browser-intake-datadoghq.com/api/v2/rum?ddsource=browser&dd-api-key=pub222856fe11852abc3642b1395fac0627&dd-evp-origin-version=7.1.0&dd-evp-origin=browser&dd-request-id=1eefb305-c270-4b0e-9b71-916a8adf3d8e&batch_time=1781699257962&_dd.api=fetch:0
[ 4473779ms] [ERROR] Failed to load resource: net::ERR_NAME_NOT_RESOLVED @ https://browser-intake-datadoghq.com/api/v2/rum?ddsource=browser&dd-api-key=pub222856fe11852abc3642b1395fac0627&dd-evp-origin-version=7.1.0&dd-evp-origin=browser&dd-request-id=28983cb6-f31a-431b-95e7-7355d62aeb06&batch_time=1781699259265&_dd.api=fetch:0
[ 4475873ms] [ERROR] Failed to load resource: net::ERR_NAME_NOT_RESOLVED @ https://browser-intake-datadoghq.com/api/v2/rum?ddsource=browser&dd-api-key=pub222856fe11852abc3642b1395fac0627&dd-evp-origin-version=7.1.0&dd-evp-origin=browser&dd-request-id=3c8f78c8-1601-4892-a115-05284aeee515&batch_time=1781699261265&_dd.api=fetch:0
[ 4477358ms] [ERROR] Failed to load resource: net::ERR_NAME_NOT_RESOLVED @ https://browser-intake-datadoghq.com/api/v2/rum?ddsource=browser&dd-api-key=pub222856fe11852abc3642b1395fac0627&dd-evp-origin-version=7.1.0&dd-evp-origin=browser&dd-request-id=80acd0fc-1ec0-4972-86ad-bebe08cda2da&batch_time=1781699262832&_dd.api=fetch:0
[ 4479474ms] [ERROR] Failed to load resource: net::ERR_NAME_NOT_RESOLVED @ https://browser-intake-datadoghq.com/api/v2/rum?ddsource=browser&dd-api-key=pub222856fe11852abc3642b1395fac0627&dd-evp-origin-version=7.1.0&dd-evp-origin=browser&dd-request-id=dfe6fa57-c9e8-44f8-8fe5-030e4e4701d4&batch_time=1781699264823&_dd.api=fetch:0
[ 4481764ms] [ERROR] Failed to load resource: net::ERR_NAME_NOT_RESOLVED @ https://browser-intake-datadoghq.com/api/v2/rum?ddsource=browser&dd-api-key=pub222856fe11852abc3642b1395fac0627&dd-evp-origin-version=7.1.0&dd-evp-origin=browser&dd-request-id=7bde5411-3c10-4312-a7f5-0ae4d898319d&batch_time=1781699267232&_dd.api=fetch:0
[ 4483406ms] [ERROR] Failed to load resource: net::ERR_NAME_NOT_RESOLVED @ https://browser-intake-datadoghq.com/api/v2/rum?ddsource=browser&dd-api-key=pub222856fe11852abc3642b1395fac0627&dd-evp-origin-version=7.1.0&dd-evp-origin=browser&dd-request-id=7a1b6611-1dd3-49c7-a2c1-f88ae4547211&batch_time=1781699268826&_dd.api=fetch:0
[ 4485255ms] [ERROR] Failed to load resource: net::ERR_NAME_NOT_RESOLVED @ https://browser-intake-datadoghq.com/api/v2/rum?ddsource=browser&dd-api-key=pub222856fe11852abc3642b1395fac0627&dd-evp-origin-version=7.1.0&dd-evp-origin=browser&dd-request-id=99103aee-1b26-4c05-882f-ec3b1bfda9c3&batch_time=1781699270730&_dd.api=fetch:0
[ 4486786ms] [ERROR] Failed to load resource: net::ERR_NAME_NOT_RESOLVED @ https://browser-intake-datadoghq.com/api/v2/rum?ddsource=browser&dd-api-key=pub222856fe11852abc3642b1395fac0627&dd-evp-origin-version=7.1.0&dd-evp-origin=browser&dd-request-id=a7465bc0-9155-42c7-b58b-d63ea0968fd1&batch_time=1781699272260&_dd.api=fetch:0
[ 4488336ms] [ERROR] Failed to load resource: net::ERR_NAME_NOT_RESOLVED @ https://browser-intake-datadoghq.com/api/v2/rum?ddsource=browser&dd-api-key=pub222856fe11852abc3642b1395fac0627&dd-evp-origin-version=7.1.0&dd-evp-origin=browser&dd-request-id=9ad45c0e-0b0b-4288-be64-a3d202e054f6&batch_time=1781699273823&_dd.api=fetch:0
[ 4490189ms] [ERROR] Failed to load resource: net::ERR_NAME_NOT_RESOLVED @ https://browser-intake-datadoghq.com/api/v2/rum?ddsource=browser&dd-api-key=pub222856fe11852abc3642b1395fac0627&dd-evp-origin-version=7.1.0&dd-evp-origin=browser&dd-request-id=d17dc5f6-dee5-4ec5-9205-477aa35a1ea9&batch_time=1781699275676&_dd.api=fetch:0
[ 4492292ms] [ERROR] Failed to load resource: net::ERR_NAME_NOT_RESOLVED @ https://browser-intake-datadoghq.com/api/v2/rum?ddsource=browser&dd-api-key=pub222856fe11852abc3642b1395fac0627&dd-evp-origin-version=7.1.0&dd-evp-origin=browser&dd-request-id=550b6a7e-898c-4a39-b6d7-b293e3e955d1&batch_time=1781699277740&_dd.api=fetch:0
[ 4493318ms] [ERROR] Failed to load resource: net::ERR_NAME_NOT_RESOLVED @ https://browser-intake-datadoghq.com/api/v2/rum?ddsource=browser&dd-api-key=pub222856fe11852abc3642b1395fac0627&dd-evp-origin-version=7.1.0&dd-evp-origin=browser&dd-request-id=1e8cf36f-794e-4ef2-b785-d6afb1a0763f&batch_time=1781699278804&_dd.api=fetch:0
[ 4495132ms] [ERROR] Failed to load resource: net::ERR_NAME_NOT_RESOLVED @ https://browser-intake-datadoghq.com/api/v2/rum?ddsource=browser&dd-api-key=pub222856fe11852abc3642b1395fac0627&dd-evp-origin-version=7.1.0&dd-evp-origin=browser&dd-request-id=7706cbe6-f439-4209-b54e-24fcabe20456&batch_time=1781699280607&_dd.api=fetch:0
[ 4496532ms] [ERROR] Failed to load resource: net::ERR_NAME_NOT_RESOLVED @ https://browser-intake-datadoghq.com/api/v2/rum?ddsource=browser&dd-api-key=pub222856fe11852abc3642b1395fac0627&dd-evp-origin-version=7.1.0&dd-evp-origin=browser&dd-request-id=7d829d92-a0b4-4350-a0ff-a520ee4f46ff&batch_time=1781699282019&_dd.api=fetch:0
[ 4498130ms] [ERROR] Failed to load resource: net::ERR_NAME_NOT_RESOLVED @ https://browser-intake-datadoghq.com/api/v2/rum?ddsource=browser&dd-api-key=pub222856fe11852abc3642b1395fac0627&dd-evp-origin-version=7.1.0&dd-evp-origin=browser&dd-request-id=bb585c62-0c1d-4f19-a960-d568de3feed2&batch_time=1781699283600&_dd.api=fetch:0
[ 4500304ms] [ERROR] Failed to load resource: net::ERR_NAME_NOT_RESOLVED @ https://browser-intake-datadoghq.com/api/v2/rum?ddsource=browser&dd-api-key=pub222856fe11852abc3642b1395fac0627&dd-evp-origin-version=7.1.0&dd-evp-origin=browser&dd-request-id=61bc8e53-b5c9-4d6c-a9e5-1735d876a53f&batch_time=1781699285769&_dd.api=fetch:0
[ 4501763ms] [ERROR] Failed to load resource: net::ERR_NAME_NOT_RESOLVED @ https://browser-intake-datadoghq.com/api/v2/rum?ddsource=browser&dd-api-key=pub222856fe11852abc3642b1395fac0627&dd-evp-origin-version=7.1.0&dd-evp-origin=browser&dd-request-id=51253c73-862a-4cd5-ad0f-e5c57596719e&batch_time=1781699287250&_dd.api=fetch:0
[ 4504335ms] [ERROR] Failed to load resource: net::ERR_NAME_NOT_RESOLVED @ https://browser-intake-datadoghq.com/api/v2/rum?ddsource=browser&dd-api-key=pub222856fe11852abc3642b1395fac0627&dd-evp-origin-version=7.1.0&dd-evp-origin=browser&dd-request-id=3742043f-35ca-4cea-bdf2-2dfdf3c87317&batch_time=1781699289773&_dd.api=fetch:0
[ 4505314ms] [ERROR] Failed to load resource: net::ERR_NAME_NOT_RESOLVED @ https://browser-intake-datadoghq.com/api/v2/rum?ddsource=browser&dd-api-key=pub222856fe11852abc3642b1395fac0627&dd-evp-origin-version=7.1.0&dd-evp-origin=browser&dd-request-id=eb6df0d6-7d0c-4350-92c6-ff3503a9ae36&batch_time=1781699290800&_dd.api=fetch:0
[ 4507343ms] [ERROR] Failed to load resource: net::ERR_NAME_NOT_RESOLVED @ https://browser-intake-datadoghq.com/api/v2/rum?ddsource=browser&dd-api-key=pub222856fe11852abc3642b1395fac0627&dd-evp-origin-version=7.1.0&dd-evp-origin=browser&dd-request-id=fb2052fc-ade6-4356-a494-462429897da8&batch_time=1781699292829&_dd.api=fetch:0
[ 4509129ms] [ERROR] Failed to load resource: net::ERR_NAME_NOT_RESOLVED @ https://browser-intake-datadoghq.com/api/v2/rum?ddsource=browser&dd-api-key=pub222856fe11852abc3642b1395fac0627&dd-evp-origin-version=7.1.0&dd-evp-origin=browser&dd-request-id=7fa734d7-47ad-450d-a59a-7f49f4c06ede&batch_time=1781699294601&_dd.api=fetch:0
[ 4510569ms] [ERROR] Failed to load resource: net::ERR_NAME_NOT_RESOLVED @ https://browser-intake-datadoghq.com/api/v2/rum?ddsource=browser&dd-api-key=pub222856fe11852abc3642b1395fac0627&dd-evp-origin-version=7.1.0&dd-evp-origin=browser&dd-request-id=83a84c0e-78c5-4cb8-9a46-005c6a25f18e&batch_time=1781699296055&_dd.api=fetch:0
[ 4511799ms] [ERROR] Failed to load resource: net::ERR_NAME_NOT_RESOLVED @ https://browser-intake-datadoghq.com/api/v2/rum?ddsource=browser&dd-api-key=pub222856fe11852abc3642b1395fac0627&dd-evp-origin-version=7.1.0&dd-evp-origin=browser&dd-request-id=8ec79a4c-bea5-428b-aa21-613928476245&batch_time=1781699297285&_dd.api=fetch:0
[ 4513820ms] [ERROR] Failed to load resource: net::ERR_NAME_NOT_RESOLVED @ https://browser-intake-datadoghq.com/api/v2/rum?ddsource=browser&dd-api-key=pub222856fe11852abc3642b1395fac0627&dd-evp-origin-version=7.1.0&dd-evp-origin=browser&dd-request-id=e4960f49-d2b1-4d2e-a411-cc21e7de7e61&batch_time=1781699299264&_dd.api=fetch:0
[ 4515850ms] [ERROR] Failed to load resource: net::ERR_NAME_NOT_RESOLVED @ https://browser-intake-datadoghq.com/api/v2/rum?ddsource=browser&dd-api-key=pub222856fe11852abc3642b1395fac0627&dd-evp-origin-version=7.1.0&dd-evp-origin=browser&dd-request-id=8598190c-6a1e-4763-8554-7f2f532c3d22&batch_time=1781699301302&_dd.api=fetch:0
[ 4517149ms] [ERROR] Failed to load resource: net::ERR_NAME_NOT_RESOLVED @ https://browser-intake-datadoghq.com/api/v2/rum?ddsource=browser&dd-api-key=pub222856fe11852abc3642b1395fac0627&dd-evp-origin-version=7.1.0&dd-evp-origin=browser&dd-request-id=58041f61-97c3-4049-a840-13badbcd09c7&batch_time=1781699302635&_dd.api=fetch:0
[ 4519216ms] [ERROR] Failed to load resource: net::ERR_NAME_NOT_RESOLVED @ https://browser-intake-datadoghq.com/api/v2/rum?ddsource=browser&dd-api-key=pub222856fe11852abc3642b1395fac0627&dd-evp-origin-version=7.1.0&dd-evp-origin=browser&dd-request-id=32302ca9-0fbc-4a82-aa57-a6e8c9ede44d&batch_time=1781699304687&_dd.api=fetch:0
[ 4520992ms] [ERROR] Failed to load resource: net::ERR_NAME_NOT_RESOLVED @ https://browser-intake-datadoghq.com/api/v2/rum?ddsource=browser&dd-api-key=pub222856fe11852abc3642b1395fac0627&dd-evp-origin-version=7.1.0&dd-evp-origin=browser&dd-request-id=e78ce28b-94f0-476a-a69a-baf43ef0e293&batch_time=1781699306426&_dd.api=fetch:0
[ 4522368ms] [ERROR] Failed to load resource: net::ERR_NAME_NOT_RESOLVED @ https://browser-intake-datadoghq.com/api/v2/rum?ddsource=browser&dd-api-key=pub222856fe11852abc3642b1395fac0627&dd-evp-origin-version=7.1.0&dd-evp-origin=browser&dd-request-id=52c56507-84eb-4134-a26a-5131431868d0&batch_time=1781699307823&_dd.api=fetch:0
[ 4524779ms] [ERROR] Failed to load resource: net::ERR_NAME_NOT_RESOLVED @ https://browser-intake-datadoghq.com/api/v2/rum?ddsource=browser&dd-api-key=pub222856fe11852abc3642b1395fac0627&dd-evp-origin-version=7.1.0&dd-evp-origin=browser&dd-request-id=a427a1a9-6c06-48f7-9ce8-aec11f5fc869&batch_time=1781699310251&_dd.api=fetch:0
[ 4526290ms] [ERROR] Failed to load resource: net::ERR_NAME_NOT_RESOLVED @ https://browser-intake-datadoghq.com/api/v2/rum?ddsource=browser&dd-api-key=pub222856fe11852abc3642b1395fac0627&dd-evp-origin-version=7.1.0&dd-evp-origin=browser&dd-request-id=c98a517c-31d6-4f96-b8b9-4eb53314d8b5&batch_time=1781699311777&_dd.api=fetch:0
[ 4528315ms] [ERROR] Failed to load resource: net::ERR_NAME_NOT_RESOLVED @ https://browser-intake-datadoghq.com/api/v2/rum?ddsource=browser&dd-api-key=pub222856fe11852abc3642b1395fac0627&dd-evp-origin-version=7.1.0&dd-evp-origin=browser&dd-request-id=b1333868-007f-4c60-a1a5-d332e02f0edd&batch_time=1781699313801&_dd.api=fetch:0
[ 4529884ms] [ERROR] Failed to load resource: net::ERR_NAME_NOT_RESOLVED @ https://browser-intake-datadoghq.com/api/v2/rum?ddsource=browser&dd-api-key=pub222856fe11852abc3642b1395fac0627&dd-evp-origin-version=7.1.0&dd-evp-origin=browser&dd-request-id=fb15a54a-de1e-4245-ad0a-2e0ca4fa7d6c&batch_time=1781699315298&_dd.api=fetch:0
[ 4531756ms] [ERROR] Failed to load resource: net::ERR_NAME_NOT_RESOLVED @ https://browser-intake-datadoghq.com/api/v2/rum?ddsource=browser&dd-api-key=pub222856fe11852abc3642b1395fac0627&dd-evp-origin-version=7.1.0&dd-evp-origin=browser&dd-request-id=beaf5ea6-5cec-4e7b-bd4b-713e97d28fc1&batch_time=1781699317243&_dd.api=fetch:0
[ 4533305ms] [ERROR] Failed to load resource: net::ERR_NAME_NOT_RESOLVED @ https://browser-intake-datadoghq.com/api/v2/rum?ddsource=browser&dd-api-key=pub222856fe11852abc3642b1395fac0627&dd-evp-origin-version=7.1.0&dd-evp-origin=browser&dd-request-id=617b11fd-5899-45d6-adcd-bff845cf02ef&batch_time=1781699318792&_dd.api=fetch:0
[ 4535411ms] [ERROR] Failed to load resource: net::ERR_NAME_NOT_RESOLVED @ https://browser-intake-datadoghq.com/api/v2/rum?ddsource=browser&dd-api-key=pub222856fe11852abc3642b1395fac0627&dd-evp-origin-version=7.1.0&dd-evp-origin=browser&dd-request-id=d5278412-ba80-43df-89df-02d1ca7d51d3&batch_time=1781699320884&_dd.api=fetch:0
[ 4536782ms] [ERROR] Failed to load resource: net::ERR_NAME_NOT_RESOLVED @ https://browser-intake-datadoghq.com/api/v2/rum?ddsource=browser&dd-api-key=pub222856fe11852abc3642b1395fac0627&dd-evp-origin-version=7.1.0&dd-evp-origin=browser&dd-request-id=175b0df5-6fe2-43a3-b0cf-e7576d5c7249&batch_time=1781699322263&_dd.api=fetch:0
[ 4538257ms] [ERROR] Failed to load resource: net::ERR_NAME_NOT_RESOLVED @ https://browser-intake-datadoghq.com/api/v2/rum?ddsource=browser&dd-api-key=pub222856fe11852abc3642b1395fac0627&dd-evp-origin-version=7.1.0&dd-evp-origin=browser&dd-request-id=a62c0649-845c-44ea-a186-41e45bde2516&batch_time=1781699323733&_dd.api=fetch:0
[ 4540572ms] [ERROR] Failed to load resource: net::ERR_NAME_NOT_RESOLVED @ https://browser-intake-datadoghq.com/api/v2/rum?ddsource=browser&dd-api-key=pub222856fe11852abc3642b1395fac0627&dd-evp-origin-version=7.1.0&dd-evp-origin=browser&dd-request-id=78b51f5e-549b-4588-abf3-171d72015315&batch_time=1781699326035&_dd.api=fetch:0
[ 4542250ms] [ERROR] Failed to load resource: net::ERR_NAME_NOT_RESOLVED @ https://browser-intake-datadoghq.com/api/v2/rum?ddsource=browser&dd-api-key=pub222856fe11852abc3642b1395fac0627&dd-evp-origin-version=7.1.0&dd-evp-origin=browser&dd-request-id=b4219e71-869a-4ce4-b909-df5f60830ea8&batch_time=1781699327714&_dd.api=fetch:0
[ 4544829ms] [ERROR] Failed to load resource: net::ERR_NAME_NOT_RESOLVED @ https://browser-intake-datadoghq.com/api/v2/rum?ddsource=browser&dd-api-key=pub222856fe11852abc3642b1395fac0627&dd-evp-origin-version=7.1.0&dd-evp-origin=browser&dd-request-id=4dab7245-eaf2-43c2-b282-ef9f758e4eb3&batch_time=1781699330278&_dd.api=fetch:0
[ 4545831ms] [ERROR] Failed to load resource: net::ERR_NAME_NOT_RESOLVED @ https://browser-intake-datadoghq.com/api/v2/rum?ddsource=browser&dd-api-key=pub222856fe11852abc3642b1395fac0627&dd-evp-origin-version=7.1.0&dd-evp-origin=browser&dd-request-id=6ba2310c-449d-4ea8-a10e-75e116f5abe6&batch_time=1781699331306&_dd.api=fetch:0
[ 4548307ms] [ERROR] Failed to load resource: net::ERR_NAME_NOT_RESOLVED @ https://browser-intake-datadoghq.com/api/v2/rum?ddsource=browser&dd-api-key=pub222856fe11852abc3642b1395fac0627&dd-evp-origin-version=7.1.0&dd-evp-origin=browser&dd-request-id=1d072df3-c4ff-456d-b575-f5fe15ea69b0&batch_time=1781699333779&_dd.api=fetch:0
[ 4549359ms] [ERROR] Failed to load resource: net::ERR_NAME_NOT_RESOLVED @ https://browser-intake-datadoghq.com/api/v2/rum?ddsource=browser&dd-api-key=pub222856fe11852abc3642b1395fac0627&dd-evp-origin-version=7.1.0&dd-evp-origin=browser&dd-request-id=8fd24eae-0684-4064-9366-5e9c859c978e&batch_time=1781699334845&_dd.api=fetch:0
[ 4551134ms] [ERROR] Failed to load resource: net::ERR_NAME_NOT_RESOLVED @ https://browser-intake-datadoghq.com/api/v2/rum?ddsource=browser&dd-api-key=pub222856fe11852abc3642b1395fac0627&dd-evp-origin-version=7.1.0&dd-evp-origin=browser&dd-request-id=f65f732d-9d11-4507-8ea1-6234f33671bf&batch_time=1781699336602&_dd.api=fetch:0
[ 4553205ms] [ERROR] Failed to load resource: net::ERR_NAME_NOT_RESOLVED @ https://browser-intake-datadoghq.com/api/v2/rum?ddsource=browser&dd-api-key=pub222856fe11852abc3642b1395fac0627&dd-evp-origin-version=7.1.0&dd-evp-origin=browser&dd-request-id=07412fc3-5b96-4dec-af4b-3eeb4c55fa72&batch_time=1781699338630&_dd.api=fetch:0
[ 4554786ms] [ERROR] Failed to load resource: net::ERR_NAME_NOT_RESOLVED @ https://browser-intake-datadoghq.com/api/v2/rum?ddsource=browser&dd-api-key=pub222856fe11852abc3642b1395fac0627&dd-evp-origin-version=7.1.0&dd-evp-origin=browser&dd-request-id=657c3030-0dd6-42e1-94b8-5b599bfd6c5f&batch_time=1781699340261&_dd.api=fetch:0
[ 4556483ms] [ERROR] Failed to load resource: net::ERR_NAME_NOT_RESOLVED @ https://browser-intake-datadoghq.com/api/v2/rum?ddsource=browser&dd-api-key=pub222856fe11852abc3642b1395fac0627&dd-evp-origin-version=7.1.0&dd-evp-origin=browser&dd-request-id=4a476ff7-a5a8-42b2-a404-ed6e5ba81041&batch_time=1781699341955&_dd.api=fetch:0
[ 4557870ms] [ERROR] Failed to load resource: net::ERR_NAME_NOT_RESOLVED @ https://browser-intake-datadoghq.com/api/v2/rum?ddsource=browser&dd-api-key=pub222856fe11852abc3642b1395fac0627&dd-evp-origin-version=7.1.0&dd-evp-origin=browser&dd-request-id=35f7942b-c769-4779-b145-e95739c9f0a4&batch_time=1781699343294&_dd.api=fetch:0
[ 4560269ms] [ERROR] Failed to load resource: net::ERR_NAME_NOT_RESOLVED @ https://browser-intake-datadoghq.com/api/v2/rum?ddsource=browser&dd-api-key=pub222856fe11852abc3642b1395fac0627&dd-evp-origin-version=7.1.0&dd-evp-origin=browser&dd-request-id=a29be9cb-85de-40bd-b052-50e72861d6d8&batch_time=1781699345721&_dd.api=fetch:0
[ 4561309ms] [ERROR] Failed to load resource: net::ERR_NAME_NOT_RESOLVED @ https://browser-intake-datadoghq.com/api/v2/rum?ddsource=browser&dd-api-key=pub222856fe11852abc3642b1395fac0627&dd-evp-origin-version=7.1.0&dd-evp-origin=browser&dd-request-id=86857c24-e2f0-453b-9b60-0401c02792af&batch_time=1781699346771&_dd.api=fetch:0
[ 4563853ms] [ERROR] Failed to load resource: net::ERR_NAME_NOT_RESOLVED @ https://browser-intake-datadoghq.com/api/v2/rum?ddsource=browser&dd-api-key=pub222856fe11852abc3642b1395fac0627&dd-evp-origin-version=7.1.0&dd-evp-origin=browser&dd-request-id=25e94cfa-bed6-4d87-b8d1-f326db6bf3a9&batch_time=1781699349290&_dd.api=fetch:0
[ 4565318ms] [ERROR] Failed to load resource: net::ERR_NAME_NOT_RESOLVED @ https://browser-intake-datadoghq.com/api/v2/rum?ddsource=browser&dd-api-key=pub222856fe11852abc3642b1395fac0627&dd-evp-origin-version=7.1.0&dd-evp-origin=browser&dd-request-id=9bf4920b-6003-4147-9aa8-70bd37c5537c&batch_time=1781699350793&_dd.api=fetch:0
[ 4566359ms] [ERROR] Failed to load resource: net::ERR_NAME_NOT_RESOLVED @ https://browser-intake-datadoghq.com/api/v2/rum?ddsource=browser&dd-api-key=pub222856fe11852abc3642b1395fac0627&dd-evp-origin-version=7.1.0&dd-evp-origin=browser&dd-request-id=d076acb0-b0bd-46e3-910f-c9bf52c4eb13&batch_time=1781699351809&_dd.api=fetch:0
[ 4568359ms] [ERROR] Failed to load resource: net::ERR_NAME_NOT_RESOLVED @ https://browser-intake-datadoghq.com/api/v2/rum?ddsource=browser&dd-api-key=pub222856fe11852abc3642b1395fac0627&dd-evp-origin-version=7.1.0&dd-evp-origin=browser&dd-request-id=6ffc1312-fd89-4e7c-8e9c-726ea10992c9&batch_time=1781699353775&_dd.api=fetch:0
[ 4570271ms] [ERROR] Failed to load resource: net::ERR_NAME_NOT_RESOLVED @ https://browser-intake-datadoghq.com/api/v2/rum?ddsource=browser&dd-api-key=pub222856fe11852abc3642b1395fac0627&dd-evp-origin-version=7.1.0&dd-evp-origin=browser&dd-request-id=4f1a8c70-f34f-4f6f-bd9a-93d5deec73d4&batch_time=1781699355757&_dd.api=fetch:0
[ 4571958ms] [ERROR] Failed to load resource: net::ERR_NAME_NOT_RESOLVED @ https://browser-intake-datadoghq.com/api/v2/rum?ddsource=browser&dd-api-key=pub222856fe11852abc3642b1395fac0627&dd-evp-origin-version=7.1.0&dd-evp-origin=browser&dd-request-id=18a51434-35ae-4a95-b273-8aaf482661ff&batch_time=1781699357396&_dd.api=fetch:0
[ 4573777ms] [ERROR] Failed to load resource: net::ERR_NAME_NOT_RESOLVED @ https://browser-intake-datadoghq.com/api/v2/rum?ddsource=browser&dd-api-key=pub222856fe11852abc3642b1395fac0627&dd-evp-origin-version=7.1.0&dd-evp-origin=browser&dd-request-id=98a28aba-5933-402c-ab2e-0d23d64900ec&batch_time=1781699359264&_dd.api=fetch:0
[ 4574750ms] [ERROR] Failed to load resource: net::ERR_NAME_NOT_RESOLVED @ https://browser-intake-datadoghq.com/api/v2/rum?ddsource=browser&dd-api-key=pub222856fe11852abc3642b1395fac0627&dd-evp-origin-version=7.1.0&dd-evp-origin=browser&dd-request-id=7b8a980e-ccc2-4c9a-9737-624bf0d617fa&batch_time=1781699360237&_dd.api=fetch:0
[ 4577445ms] [ERROR] Failed to load resource: net::ERR_NAME_NOT_RESOLVED @ https://browser-intake-datadoghq.com/api/v2/rum?ddsource=browser&dd-api-key=pub222856fe11852abc3642b1395fac0627&dd-evp-origin-version=7.1.0&dd-evp-origin=browser&dd-request-id=5ae3a96b-99a5-4b7a-8f6d-2ad7b8bbf644&batch_time=1781699362821&_dd.api=fetch:0
[ 4578240ms] [ERROR] Failed to load resource: net::ERR_NAME_NOT_RESOLVED @ https://browser-intake-datadoghq.com/api/v2/rum?ddsource=browser&dd-api-key=pub222856fe11852abc3642b1395fac0627&dd-evp-origin-version=7.1.0&dd-evp-origin=browser&dd-request-id=570a80f8-e94e-414b-80cb-b6332e66f521&batch_time=1781699363726&_dd.api=fetch:0
[ 4581200ms] [ERROR] Failed to load resource: net::ERR_NAME_NOT_RESOLVED @ https://browser-intake-datadoghq.com/api/v2/rum?ddsource=browser&dd-api-key=pub222856fe11852abc3642b1395fac0627&dd-evp-origin-version=7.1.0&dd-evp-origin=browser&dd-request-id=ca51908b-a084-4d17-af8a-cc6248c003a4&batch_time=1781699366660&_dd.api=fetch:0
[ 4582707ms] [ERROR] Failed to load resource: net::ERR_NAME_NOT_RESOLVED @ https://browser-intake-datadoghq.com/api/v2/rum?ddsource=browser&dd-api-key=pub222856fe11852abc3642b1395fac0627&dd-evp-origin-version=7.1.0&dd-evp-origin=browser&dd-request-id=457609ce-0692-4c56-a040-b07d33ef3a11&batch_time=1781699368064&_dd.api=fetch:0
[ 4584478ms] [ERROR] Failed to load resource: net::ERR_NAME_NOT_RESOLVED @ https://browser-intake-datadoghq.com/api/v2/rum?ddsource=browser&dd-api-key=pub222856fe11852abc3642b1395fac0627&dd-evp-origin-version=7.1.0&dd-evp-origin=browser&dd-request-id=4c4eaa65-8204-4726-b7de-f09686a41198&batch_time=1781699369959&_dd.api=fetch:0
[ 4586257ms] [ERROR] Failed to load resource: net::ERR_NAME_NOT_RESOLVED @ https://browser-intake-datadoghq.com/api/v2/rum?ddsource=browser&dd-api-key=pub222856fe11852abc3642b1395fac0627&dd-evp-origin-version=7.1.0&dd-evp-origin=browser&dd-request-id=b03abe4c-cfdc-46cd-96a5-50885c7ee7f0&batch_time=1781699371640&_dd.api=fetch:0
[ 4587291ms] [ERROR] Failed to load resource: net::ERR_NAME_NOT_RESOLVED @ https://browser-intake-datadoghq.com/api/v2/rum?ddsource=browser&dd-api-key=pub222856fe11852abc3642b1395fac0627&dd-evp-origin-version=7.1.0&dd-evp-origin=browser&dd-request-id=ad1dba4e-5af2-4203-8419-20d786d366ff&batch_time=1781699372778&_dd.api=fetch:0
[ 4589390ms] [ERROR] Failed to load resource: net::ERR_NAME_NOT_RESOLVED @ https://browser-intake-datadoghq.com/api/v2/rum?ddsource=browser&dd-api-key=pub222856fe11852abc3642b1395fac0627&dd-evp-origin-version=7.1.0&dd-evp-origin=browser&dd-request-id=1846a242-c160-4372-9709-b8250d86b68b&batch_time=1781699374775&_dd.api=fetch:0
[ 4591155ms] [ERROR] Failed to load resource: net::ERR_NAME_NOT_RESOLVED @ https://browser-intake-datadoghq.com/api/v2/rum?ddsource=browser&dd-api-key=pub222856fe11852abc3642b1395fac0627&dd-evp-origin-version=7.1.0&dd-evp-origin=browser&dd-request-id=5772586e-6a76-4014-8847-3e39ddfab4eb&batch_time=1781699376633&_dd.api=fetch:0
[ 4592834ms] [ERROR] Failed to load resource: net::ERR_NAME_NOT_RESOLVED @ https://browser-intake-datadoghq.com/api/v2/rum?ddsource=browser&dd-api-key=pub222856fe11852abc3642b1395fac0627&dd-evp-origin-version=7.1.0&dd-evp-origin=browser&dd-request-id=7fdf0d94-f46d-41b9-8501-8e8c9f69d4d5&batch_time=1781699378320&_dd.api=fetch:0
[ 4593549ms] [ERROR] Failed to load resource: net::ERR_NAME_NOT_RESOLVED @ https://browser-intake-datadoghq.com/api/v2/rum?ddsource=browser&dd-api-key=pub222856fe11852abc3642b1395fac0627&dd-evp-origin-version=7.1.0&dd-evp-origin=browser&dd-request-id=0c437e68-880f-40f7-9ca7-ffa37402440b&batch_time=1781699378976&_dd.api=fetch:0
[ 4595192ms] [ERROR] Failed to load resource: net::ERR_NAME_NOT_RESOLVED @ https://browser-intake-datadoghq.com/api/v2/rum?ddsource=browser&dd-api-key=pub222856fe11852abc3642b1395fac0627&dd-evp-origin-version=7.1.0&dd-evp-origin=browser&dd-request-id=46c3c16b-8f73-43fb-9953-b011847151b3&batch_time=1781699380644&_dd.api=fetch:0
[ 4596472ms] [ERROR] Failed to load resource: net::ERR_NAME_NOT_RESOLVED @ https://browser-intake-datadoghq.com/api/v2/rum?ddsource=browser&dd-api-key=pub222856fe11852abc3642b1395fac0627&dd-evp-origin-version=7.1.0&dd-evp-origin=browser&dd-request-id=1f7005de-82e0-4b33-9fa0-95a496d3c623&batch_time=1781699381955&_dd.api=fetch:0
[ 4598379ms] [ERROR] Failed to load resource: net::ERR_NAME_NOT_RESOLVED @ https://browser-intake-datadoghq.com/api/v2/rum?ddsource=browser&dd-api-key=pub222856fe11852abc3642b1395fac0627&dd-evp-origin-version=7.1.0&dd-evp-origin=browser&dd-request-id=e88b5983-e9c4-4e68-85a9-9e22afddfea1&batch_time=1781699383783&_dd.api=fetch:0
[ 4599274ms] [ERROR] Failed to load resource: net::ERR_NAME_NOT_RESOLVED @ https://browser-intake-datadoghq.com/api/v2/rum?ddsource=browser&dd-api-key=pub222856fe11852abc3642b1395fac0627&dd-evp-origin-version=7.1.0&dd-evp-origin=browser&dd-request-id=60dda800-dda5-413c-9c68-52f87f9547a2&batch_time=1781699384745&_dd.api=fetch:0
[ 4600562ms] [ERROR] Failed to load resource: net::ERR_NAME_NOT_RESOLVED @ https://browser-intake-datadoghq.com/api/v2/rum?ddsource=browser&dd-api-key=pub222856fe11852abc3642b1395fac0627&dd-evp-origin-version=7.1.0&dd-evp-origin=browser&dd-request-id=1e888da6-32e1-456d-9f3e-36232b0216c6&batch_time=1781699386003&_dd.api=fetch:0
[ 4602205ms] [ERROR] Failed to load resource: net::ERR_NAME_NOT_RESOLVED @ https://browser-intake-datadoghq.com/api/v2/rum?ddsource=browser&dd-api-key=pub222856fe11852abc3642b1395fac0627&dd-evp-origin-version=7.1.0&dd-evp-origin=browser&dd-request-id=4cc091e0-5a57-41bb-9f63-257dd64ffd32&batch_time=1781699387648&_dd.api=fetch:0
[ 4603246ms] [ERROR] Failed to load resource: net::ERR_NAME_NOT_RESOLVED @ https://browser-intake-datadoghq.com/api/v2/rum?ddsource=browser&dd-api-key=pub222856fe11852abc3642b1395fac0627&dd-evp-origin-version=7.1.0&dd-evp-origin=browser&dd-request-id=117d6aca-d3a6-461e-ba3c-0a9280697874&batch_time=1781699388675&_dd.api=fetch:0
[ 4604139ms] [ERROR] Failed to load resource: net::ERR_NAME_NOT_RESOLVED @ https://browser-intake-datadoghq.com/api/v2/rum?ddsource=browser&dd-api-key=pub222856fe11852abc3642b1395fac0627&dd-evp-origin-version=7.1.0&dd-evp-origin=browser&dd-request-id=b3caac90-4a15-4e36-aa00-6eb04c4456b2&batch_time=1781699389625&_dd.api=fetch:0
[ 4605847ms] [ERROR] Failed to load resource: net::ERR_NAME_NOT_RESOLVED @ https://browser-intake-datadoghq.com/api/v2/rum?ddsource=browser&dd-api-key=pub222856fe11852abc3642b1395fac0627&dd-evp-origin-version=7.1.0&dd-evp-origin=browser&dd-request-id=6ef70b81-5280-4fea-8967-2c441e8ecffa&batch_time=1781699391310&_dd.api=fetch:0
[ 4606400ms] [ERROR] Failed to load resource: net::ERR_NAME_NOT_RESOLVED @ https://browser-intake-datadoghq.com/api/v2/rum?ddsource=browser&dd-api-key=pub222856fe11852abc3642b1395fac0627&dd-evp-origin-version=7.1.0&dd-evp-origin=browser&dd-request-id=39da2b30-2d23-4582-8fc0-1b13d546f9c3&batch_time=1781699391831&_dd.api=fetch:0
[ 4607212ms] [ERROR] Failed to load resource: net::ERR_NAME_NOT_RESOLVED @ https://browser-intake-datadoghq.com/api/v2/rum?ddsource=browser&dd-api-key=pub222856fe11852abc3642b1395fac0627&dd-evp-origin-version=7.1.0&dd-evp-origin=browser&dd-request-id=3a826bdd-53a3-4ffb-b047-da2cce13b92e&batch_time=1781699392688&_dd.api=fetch:0
[ 4609948ms] [ERROR] Failed to load resource: net::ERR_NAME_NOT_RESOLVED @ https://browser-intake-datadoghq.com/api/v2/rum?ddsource=browser&dd-api-key=pub222856fe11852abc3642b1395fac0627&dd-evp-origin-version=7.1.0&dd-evp-origin=browser&dd-request-id=0c253d29-e41a-493f-a3a1-bd07557d2066&batch_time=1781699395321&_dd.api=fetch:0
[ 4610540ms] [ERROR] Failed to load resource: net::ERR_NAME_NOT_RESOLVED @ https://browser-intake-datadoghq.com/api/v2/rum?ddsource=browser&dd-api-key=pub222856fe11852abc3642b1395fac0627&dd-evp-origin-version=7.1.0&dd-evp-origin=browser&dd-request-id=ae6aa96d-a7f7-4cb0-be11-bf8264fe1b49&batch_time=1781699396006&_dd.api=fetch:0
[ 4611471ms] [ERROR] Failed to load resource: net::ERR_NAME_NOT_RESOLVED @ https://browser-intake-datadoghq.com/api/v2/rum?ddsource=browser&dd-api-key=pub222856fe11852abc3642b1395fac0627&dd-evp-origin-version=7.1.0&dd-evp-origin=browser&dd-request-id=1548f0ab-99a3-452a-a13c-d24ea6866e0f&batch_time=1781699396903&_dd.api=fetch:0
[ 4613128ms] [ERROR] Failed to load resource: net::ERR_NAME_NOT_RESOLVED @ https://browser-intake-datadoghq.com/api/v2/rum?ddsource=browser&dd-api-key=pub222856fe11852abc3642b1395fac0627&dd-evp-origin-version=7.1.0&dd-evp-origin=browser&dd-request-id=f2682cb3-7cf8-4809-ae72-a236c98258fa&batch_time=1781699398473&_dd.api=fetch:0
[ 4613341ms] [ERROR] Failed to load resource: net::ERR_NAME_NOT_RESOLVED @ https://browser-intake-datadoghq.com/api/v2/rum?ddsource=browser&dd-api-key=pub222856fe11852abc3642b1395fac0627&dd-evp-origin-version=7.1.0&dd-evp-origin=browser&dd-request-id=f60bbfc5-0e57-4220-95cc-fdfc0f3b1944&batch_time=1781699398816&_dd.api=fetch:0
[ 4614177ms] [ERROR] Failed to load resource: net::ERR_NAME_NOT_RESOLVED @ https://browser-intake-datadoghq.com/api/v2/rum?ddsource=browser&dd-api-key=pub222856fe11852abc3642b1395fac0627&dd-evp-origin-version=7.1.0&dd-evp-origin=browser&dd-request-id=2a32569a-f735-4450-b1ca-25ca9a3445b3&batch_time=1781699399652&_dd.api=fetch:0
[ 4615262ms] [ERROR] Failed to load resource: net::ERR_NAME_NOT_RESOLVED @ https://browser-intake-datadoghq.com/api/v2/rum?ddsource=browser&dd-api-key=pub222856fe11852abc3642b1395fac0627&dd-evp-origin-version=7.1.0&dd-evp-origin=browser&dd-request-id=35cabbed-c8c1-4121-bfa2-65c19ae018f9&batch_time=1781699400735&_dd.api=fetch:0
[ 4615888ms] [ERROR] Failed to load resource: net::ERR_NAME_NOT_RESOLVED @ https://browser-intake-datadoghq.com/api/v2/rum?ddsource=browser&dd-api-key=pub222856fe11852abc3642b1395fac0627&dd-evp-origin-version=7.1.0&dd-evp-origin=browser&dd-request-id=5c840d81-7ad0-4cac-9ca5-3476fe4102f6&batch_time=1781699401336&_dd.api=fetch:0
[ 4617544ms] [ERROR] Failed to load resource: net::ERR_NAME_NOT_RESOLVED @ https://browser-intake-datadoghq.com/api/v2/rum?ddsource=browser&dd-api-key=pub222856fe11852abc3642b1395fac0627&dd-evp-origin-version=7.1.0&dd-evp-origin=browser&dd-request-id=18b4a232-2b8a-42dd-8169-62edcd44bebc&batch_time=1781699403027&_dd.api=fetch:0
[ 4618159ms] [ERROR] Failed to load resource: net::ERR_NAME_NOT_RESOLVED @ https://browser-intake-datadoghq.com/api/v2/rum?ddsource=browser&dd-api-key=pub222856fe11852abc3642b1395fac0627&dd-evp-origin-version=7.1.0&dd-evp-origin=browser&dd-request-id=fdb39fd3-d8d2-440d-a702-ce59fba557d7&batch_time=1781699403645&_dd.api=fetch:0
[ 4619019ms] [ERROR] Failed to load resource: net::ERR_NAME_NOT_RESOLVED @ https://browser-intake-datadoghq.com/api/v2/rum?ddsource=browser&dd-api-key=pub222856fe11852abc3642b1395fac0627&dd-evp-origin-version=7.1.0&dd-evp-origin=browser&dd-request-id=b95eb9a3-a03c-4e28-b70a-28429aca445f&batch_time=1781699404417&_dd.api=fetch:0
[ 4619849ms] [ERROR] Failed to load resource: net::ERR_NAME_NOT_RESOLVED @ https://browser-intake-datadoghq.com/api/v2/rum?ddsource=browser&dd-api-key=pub222856fe11852abc3642b1395fac0627&dd-evp-origin-version=7.1.0&dd-evp-origin=browser&dd-request-id=625c2ab6-94fa-497d-bfe2-373d956cabe4&batch_time=1781699405332&_dd.api=fetch:0
[ 4621862ms] [ERROR] Failed to load resource: net::ERR_NAME_NOT_RESOLVED @ https://browser-intake-datadoghq.com/api/v2/rum?ddsource=browser&dd-api-key=pub222856fe11852abc3642b1395fac0627&dd-evp-origin-version=7.1.0&dd-evp-origin=browser&dd-request-id=d0675196-d22a-4951-bea0-c1085156e393&batch_time=1781699407335&_dd.api=fetch:0
[ 4622187ms] [ERROR] Failed to load resource: net::ERR_NAME_NOT_RESOLVED @ https://browser-intake-datadoghq.com/api/v2/rum?ddsource=browser&dd-api-key=pub222856fe11852abc3642b1395fac0627&dd-evp-origin-version=7.1.0&dd-evp-origin=browser&dd-request-id=62c61fa5-20ba-4958-904f-c8d652be72d5&batch_time=1781699407673&_dd.api=fetch:0
[ 4623350ms] [ERROR] Failed to load resource: net::ERR_NAME_NOT_RESOLVED @ https://browser-intake-datadoghq.com/api/v2/rum?ddsource=browser&dd-api-key=pub222856fe11852abc3642b1395fac0627&dd-evp-origin-version=7.1.0&dd-evp-origin=browser&dd-request-id=4c1e799f-ae77-4ddc-996d-d90b3c73de46&batch_time=1781699408836&_dd.api=fetch:0
[ 4624403ms] [ERROR] Failed to load resource: net::ERR_NAME_NOT_RESOLVED @ https://browser-intake-datadoghq.com/api/v2/rum?ddsource=browser&dd-api-key=pub222856fe11852abc3642b1395fac0627&dd-evp-origin-version=7.1.0&dd-evp-origin=browser&dd-request-id=c6738ec8-fe93-4dc7-9c65-5f275a0bc70f&batch_time=1781699409807&_dd.api=fetch:0
[ 4625484ms] [ERROR] Failed to load resource: net::ERR_NAME_NOT_RESOLVED @ https://browser-intake-datadoghq.com/api/v2/rum?ddsource=browser&dd-api-key=pub222856fe11852abc3642b1395fac0627&dd-evp-origin-version=7.1.0&dd-evp-origin=browser&dd-request-id=42ac49fe-b22e-46e7-b37f-dce953ec9185&batch_time=1781699410929&_dd.api=fetch:0
[ 4625952ms] [ERROR] Failed to load resource: net::ERR_NAME_NOT_RESOLVED @ https://browser-intake-datadoghq.com/api/v2/rum?ddsource=browser&dd-api-key=pub222856fe11852abc3642b1395fac0627&dd-evp-origin-version=7.1.0&dd-evp-origin=browser&dd-request-id=acf959d5-6873-4d8c-a21c-19667cb35a7e&batch_time=1781699411439&_dd.api=fetch:0
[ 4626990ms] [ERROR] Failed to load resource: net::ERR_NAME_NOT_RESOLVED @ https://browser-intake-datadoghq.com/api/v2/rum?ddsource=browser&dd-api-key=pub222856fe11852abc3642b1395fac0627&dd-evp-origin-version=7.1.0&dd-evp-origin=browser&dd-request-id=7f3482ed-a803-41cc-8dfc-0ee198af48c3&batch_time=1781699412463&_dd.api=fetch:0
[ 4628112ms] [ERROR] Failed to load resource: net::ERR_NAME_NOT_RESOLVED @ https://browser-intake-datadoghq.com/api/v2/rum?ddsource=browser&dd-api-key=pub222856fe11852abc3642b1395fac0627&dd-evp-origin-version=7.1.0&dd-evp-origin=browser&dd-request-id=cd686652-36e7-4687-a074-db9fc5fc97ac&batch_time=1781699413540&_dd.api=fetch:0
[ 4628803ms] [ERROR] Failed to load resource: net::ERR_NAME_NOT_RESOLVED @ https://browser-intake-datadoghq.com/api/v2/rum?ddsource=browser&dd-api-key=pub222856fe11852abc3642b1395fac0627&dd-evp-origin-version=7.1.0&dd-evp-origin=browser&dd-request-id=3d789e65-2a29-4ad6-a06b-0411ba517fc5&batch_time=1781699414289&_dd.api=fetch:0
[ 4629503ms] [ERROR] Failed to load resource: net::ERR_NAME_NOT_RESOLVED @ https://browser-intake-datadoghq.com/api/v2/rum?ddsource=browser&dd-api-key=pub222856fe11852abc3642b1395fac0627&dd-evp-origin-version=7.1.0&dd-evp-origin=browser&dd-request-id=6e683532-dae8-4bae-94e5-77e476314efa&batch_time=1781699414990&_dd.api=fetch:0
[ 4630524ms] [ERROR] Failed to load resource: net::ERR_NAME_NOT_RESOLVED @ https://browser-intake-datadoghq.com/api/v2/rum?ddsource=browser&dd-api-key=pub222856fe11852abc3642b1395fac0627&dd-evp-origin-version=7.1.0&dd-evp-origin=browser&dd-request-id=8467eeb5-0f7b-402d-a712-3dabf9e2d06d&batch_time=1781699415977&_dd.api=fetch:0
[ 4632115ms] [ERROR] Failed to load resource: net::ERR_NAME_NOT_RESOLVED @ https://browser-intake-datadoghq.com/api/v2/rum?ddsource=browser&dd-api-key=pub222856fe11852abc3642b1395fac0627&dd-evp-origin-version=7.1.0&dd-evp-origin=browser&dd-request-id=88a76efd-a158-4d6c-beaf-f08745a374f1&batch_time=1781699417360&_dd.api=fetch:0
[ 4632386ms] [ERROR] Failed to load resource: net::ERR_NAME_NOT_RESOLVED @ https://browser-intake-datadoghq.com/api/v2/rum?ddsource=browser&dd-api-key=pub222856fe11852abc3642b1395fac0627&dd-evp-origin-version=7.1.0&dd-evp-origin=browser&dd-request-id=285e3e20-f593-48fd-acb0-907c16926aef&batch_time=1781699417873&_dd.api=fetch:0
[ 4633956ms] [ERROR] Failed to load resource: net::ERR_NAME_NOT_RESOLVED @ https://browser-intake-datadoghq.com/api/v2/rum?ddsource=browser&dd-api-key=pub222856fe11852abc3642b1395fac0627&dd-evp-origin-version=7.1.0&dd-evp-origin=browser&dd-request-id=76b91b81-0b58-4504-8b0f-910e3fbd185b&batch_time=1781699419431&_dd.api=fetch:0
[ 4634598ms] [ERROR] Failed to load resource: net::ERR_NAME_NOT_RESOLVED @ https://browser-intake-datadoghq.com/api/v2/rum?ddsource=browser&dd-api-key=pub222856fe11852abc3642b1395fac0627&dd-evp-origin-version=7.1.0&dd-evp-origin=browser&dd-request-id=5c477e0d-cf6b-4ab4-9593-538405aea1d8&batch_time=1781699420075&_dd.api=fetch:0
[ 4635303ms] [ERROR] Failed to load resource: net::ERR_NAME_NOT_RESOLVED @ https://browser-intake-datadoghq.com/api/v2/rum?ddsource=browser&dd-api-key=pub222856fe11852abc3642b1395fac0627&dd-evp-origin-version=7.1.0&dd-evp-origin=browser&dd-request-id=87492e63-1a10-4d55-a8d0-f47dea2d413d&batch_time=1781699420790&_dd.api=fetch:0
[ 4637732ms] [ERROR] Failed to load resource: net::ERR_NAME_NOT_RESOLVED @ https://browser-intake-datadoghq.com/api/v2/rum?ddsource=browser&dd-api-key=pub222856fe11852abc3642b1395fac0627&dd-evp-origin-version=7.1.0&dd-evp-origin=browser&dd-request-id=8c600ff2-f535-4bb9-b8a8-45fcb371bb9c&batch_time=1781699423206&_dd.api=fetch:0
[ 4638523ms] [ERROR] Failed to load resource: net::ERR_NAME_NOT_RESOLVED @ https://browser-intake-datadoghq.com/api/v2/rum?ddsource=browser&dd-api-key=pub222856fe11852abc3642b1395fac0627&dd-evp-origin-version=7.1.0&dd-evp-origin=browser&dd-request-id=6d97142d-0dc9-43a7-8fca-8bf1ecdba15a&batch_time=1781699423947&_dd.api=fetch:0
[ 4639880ms] [ERROR] Failed to load resource: net::ERR_NAME_NOT_RESOLVED @ https://browser-intake-datadoghq.com/api/v2/rum?ddsource=browser&dd-api-key=pub222856fe11852abc3642b1395fac0627&dd-evp-origin-version=7.1.0&dd-evp-origin=browser&dd-request-id=f278681a-7116-4b28-9bbb-77560bcbd5e7&batch_time=1781699425367&_dd.api=fetch:0
[ 4640538ms] [ERROR] Failed to load resource: net::ERR_NAME_NOT_RESOLVED @ https://browser-intake-datadoghq.com/api/v2/rum?ddsource=browser&dd-api-key=pub222856fe11852abc3642b1395fac0627&dd-evp-origin-version=7.1.0&dd-evp-origin=browser&dd-request-id=d8085d95-3740-4b86-b4e0-d62fec3f0a10&batch_time=1781699426024&_dd.api=fetch:0
[ 4641038ms] [ERROR] Failed to load resource: the server responded with a status of 429 () @ https://api.elections.kalshi.com/v1/markets/order_books?market_tickers=KXWCGROUPQUAL-26C-SCO:0
[ 4641107ms] [LOG] Transport layer info: You are making requests too frequently @ https://kalshi.com/_next/static/chunks/0q~3w5mbasf3y.js?dpl=dpl_7dWU2t55wxyR9wVLtpgDJNykXJtb:3
[ 4641107ms] [ERROR] Failed to load resource: net::ERR_NAME_NOT_RESOLVED @ https://browser-intake-datadoghq.com/api/v2/rum?ddsource=browser&dd-api-key=pub222856fe11852abc3642b1395fac0627&dd-evp-origin-version=7.1.0&dd-evp-origin=browser&dd-request-id=32ed99fd-594b-4dfe-87d9-94efdfc98d14&batch_time=1781699426594&_dd.api=fetch:0
[ 4641899ms] [ERROR] Failed to load resource: net::ERR_NAME_NOT_RESOLVED @ https://browser-intake-datadoghq.com/api/v2/rum?ddsource=browser&dd-api-key=pub222856fe11852abc3642b1395fac0627&dd-evp-origin-version=7.1.0&dd-evp-origin=browser&dd-request-id=aa0dfa9e-ab1a-4950-9284-c3537a39d15e&batch_time=1781699427334&_dd.api=fetch:0
[ 4642703ms] [ERROR] Failed to load resource: net::ERR_NAME_NOT_RESOLVED @ https://browser-intake-datadoghq.com/api/v2/rum?ddsource=browser&dd-api-key=pub222856fe11852abc3642b1395fac0627&dd-evp-origin-version=7.1.0&dd-evp-origin=browser&dd-request-id=a16a37e8-54d5-497f-a04f-82eb1f76f762&batch_time=1781699428160&_dd.api=fetch:0
[ 4644170ms] [ERROR] Failed to load resource: net::ERR_NAME_NOT_RESOLVED @ https://browser-intake-datadoghq.com/api/v2/rum?ddsource=browser&dd-api-key=pub222856fe11852abc3642b1395fac0627&dd-evp-origin-version=7.1.0&dd-evp-origin=browser&dd-request-id=6f2101dc-f7b6-401e-9465-f544bc45dd1b&batch_time=1781699429656&_dd.api=fetch:0
[ 4645683ms] [ERROR] Failed to load resource: the server responded with a status of 429 () @ https://api.elections.kalshi.com/v1/milestones/2fb32e45-a35a-4b93-8280-8aea331d9ea1/volume:0
[ 4646209ms] [ERROR] Failed to load resource: net::ERR_NAME_NOT_RESOLVED @ https://browser-intake-datadoghq.com/api/v2/rum?ddsource=browser&dd-api-key=pub222856fe11852abc3642b1395fac0627&dd-evp-origin-version=7.1.0&dd-evp-origin=browser&dd-request-id=b7a04684-5e3b-48b0-bd08-47e2263cf68d&batch_time=1781699431695&_dd.api=fetch:0
[ 4647373ms] [ERROR] Failed to load resource: net::ERR_NAME_NOT_RESOLVED @ https://browser-intake-datadoghq.com/api/v2/rum?ddsource=browser&dd-api-key=pub222856fe11852abc3642b1395fac0627&dd-evp-origin-version=7.1.0&dd-evp-origin=browser&dd-request-id=cc6cd501-3119-4e39-afc1-fa0144a55d4a&batch_time=1781699432855&_dd.api=fetch:0
[ 4649735ms] [ERROR] Failed to load resource: net::ERR_NAME_NOT_RESOLVED @ https://browser-intake-datadoghq.com/api/v2/rum?ddsource=browser&dd-api-key=pub222856fe11852abc3642b1395fac0627&dd-evp-origin-version=7.1.0&dd-evp-origin=browser&dd-request-id=770d6204-59d4-4c66-951a-521acd36bf0f&batch_time=1781699435192&_dd.api=fetch:0
[ 4650971ms] [ERROR] Failed to load resource: net::ERR_NAME_NOT_RESOLVED @ https://browser-intake-datadoghq.com/api/v2/rum?ddsource=browser&dd-api-key=pub222856fe11852abc3642b1395fac0627&dd-evp-origin-version=7.1.0&dd-evp-origin=browser&dd-request-id=579d0553-f9db-47be-b7a8-3b8d4c9831b4&batch_time=1781699436458&_dd.api=fetch:0
[ 4653700ms] [ERROR] Failed to load resource: net::ERR_NAME_NOT_RESOLVED @ https://browser-intake-datadoghq.com/api/v2/rum?ddsource=browser&dd-api-key=pub222856fe11852abc3642b1395fac0627&dd-evp-origin-version=7.1.0&dd-evp-origin=browser&dd-request-id=589a282a-882f-4a60-8c87-4db494860538&batch_time=1781699439139&_dd.api=fetch:0
[ 4654054ms] [ERROR] Failed to load resource: net::ERR_NAME_NOT_RESOLVED @ https://browser-intake-datadoghq.com/api/v2/rum?ddsource=browser&dd-api-key=pub222856fe11852abc3642b1395fac0627&dd-evp-origin-version=7.1.0&dd-evp-origin=browser&dd-request-id=8ef75ea7-9a45-4faf-b021-8ec4f6c80cfb&batch_time=1781699439541&_dd.api=fetch:0
[ 4655046ms] [ERROR] Failed to load resource: net::ERR_NAME_NOT_RESOLVED @ https://browser-intake-datadoghq.com/api/v2/rum?ddsource=browser&dd-api-key=pub222856fe11852abc3642b1395fac0627&dd-evp-origin-version=7.1.0&dd-evp-origin=browser&dd-request-id=81edf717-fdc1-4750-ae81-b1a3c63b8089&batch_time=1781699440500&_dd.api=fetch:0
[ 4655931ms] [ERROR] Failed to load resource: net::ERR_NAME_NOT_RESOLVED @ https://browser-intake-datadoghq.com/api/v2/rum?ddsource=browser&dd-api-key=pub222856fe11852abc3642b1395fac0627&dd-evp-origin-version=7.1.0&dd-evp-origin=browser&dd-request-id=320e612f-e7c8-49c7-9be4-108fca9e8fd3&batch_time=1781699441355&_dd.api=fetch:0
[ 4656237ms] [ERROR] Failed to load resource: net::ERR_NAME_NOT_RESOLVED @ https://browser-intake-datadoghq.com/api/v2/rum?ddsource=browser&dd-api-key=pub222856fe11852abc3642b1395fac0627&dd-evp-origin-version=7.1.0&dd-evp-origin=browser&dd-request-id=dd6769eb-1c02-4d13-bb71-47168c3e09a9&batch_time=1781699441724&_dd.api=fetch:0
[ 4657803ms] [ERROR] Failed to load resource: net::ERR_NAME_NOT_RESOLVED @ https://browser-intake-datadoghq.com/api/v2/rum?ddsource=browser&dd-api-key=pub222856fe11852abc3642b1395fac0627&dd-evp-origin-version=7.1.0&dd-evp-origin=browser&dd-request-id=1f8f12cf-fcc7-48e8-852e-01bb3cb09007&batch_time=1781699443266&_dd.api=fetch:0
[ 4658754ms] [ERROR] Failed to load resource: net::ERR_NAME_NOT_RESOLVED @ https://browser-intake-datadoghq.com/api/v2/rum?ddsource=browser&dd-api-key=pub222856fe11852abc3642b1395fac0627&dd-evp-origin-version=7.1.0&dd-evp-origin=browser&dd-request-id=44e5127b-e2e2-4219-9930-f5fdea1ffea4&batch_time=1781699444241&_dd.api=fetch:0
[ 4659557ms] [ERROR] Failed to load resource: net::ERR_NAME_NOT_RESOLVED @ https://browser-intake-datadoghq.com/api/v2/rum?ddsource=browser&dd-api-key=pub222856fe11852abc3642b1395fac0627&dd-evp-origin-version=7.1.0&dd-evp-origin=browser&dd-request-id=4ad94cb8-fe18-4520-b042-1bf1bb85263e&batch_time=1781699445043&_dd.api=fetch:0
[ 4660467ms] [ERROR] Failed to load resource: net::ERR_NAME_NOT_RESOLVED @ https://browser-intake-datadoghq.com/api/v2/rum?ddsource=browser&dd-api-key=pub222856fe11852abc3642b1395fac0627&dd-evp-origin-version=7.1.0&dd-evp-origin=browser&dd-request-id=c493aea9-5969-407c-8ab6-37cfa6563484&batch_time=1781699445915&_dd.api=fetch:0
[ 4661983ms] [ERROR] Failed to load resource: net::ERR_NAME_NOT_RESOLVED @ https://browser-intake-datadoghq.com/api/v2/rum?ddsource=browser&dd-api-key=pub222856fe11852abc3642b1395fac0627&dd-evp-origin-version=7.1.0&dd-evp-origin=browser&dd-request-id=cf2732b2-7cfa-4a94-9dd8-4f28f04eee70&batch_time=1781699447390&_dd.api=fetch:0
[ 4663836ms] [ERROR] Failed to load resource: net::ERR_NAME_NOT_RESOLVED @ https://browser-intake-datadoghq.com/api/v2/rum?ddsource=browser&dd-api-key=pub222856fe11852abc3642b1395fac0627&dd-evp-origin-version=7.1.0&dd-evp-origin=browser&dd-request-id=858bc9cd-c302-421c-8126-cb7b1e15361f&batch_time=1781699449150&_dd.api=fetch:0
[ 4665768ms] [ERROR] Failed to load resource: net::ERR_NAME_NOT_RESOLVED @ https://browser-intake-datadoghq.com/api/v2/rum?ddsource=browser&dd-api-key=pub222856fe11852abc3642b1395fac0627&dd-evp-origin-version=7.1.0&dd-evp-origin=browser&dd-request-id=84096d41-c8b0-4a3f-9db3-be5dbdc9f47c&batch_time=1781699451241&_dd.api=fetch:0
[ 4666422ms] [ERROR] Failed to load resource: net::ERR_NAME_NOT_RESOLVED @ https://browser-intake-datadoghq.com/api/v2/rum?ddsource=browser&dd-api-key=pub222856fe11852abc3642b1395fac0627&dd-evp-origin-version=7.1.0&dd-evp-origin=browser&dd-request-id=601b614f-884e-4ed8-aa85-122c3430e5ca&batch_time=1781699451896&_dd.api=fetch:0
[ 4667457ms] [ERROR] Failed to load resource: net::ERR_NAME_NOT_RESOLVED @ https://browser-intake-datadoghq.com/api/v2/rum?ddsource=browser&dd-api-key=pub222856fe11852abc3642b1395fac0627&dd-evp-origin-version=7.1.0&dd-evp-origin=browser&dd-request-id=781c9924-075f-4e56-a5e9-6413660373dc&batch_time=1781699452923&_dd.api=fetch:0
[ 4668922ms] [ERROR] Failed to load resource: net::ERR_NAME_NOT_RESOLVED @ https://browser-intake-datadoghq.com/api/v2/rum?ddsource=browser&dd-api-key=pub222856fe11852abc3642b1395fac0627&dd-evp-origin-version=7.1.0&dd-evp-origin=browser&dd-request-id=3915622c-c994-4ca6-9112-76921cdda35f&batch_time=1781699454408&_dd.api=fetch:0
