[      -2ms] [ERROR] Failed to load resource: the server responded with a status of 429 () @ https://kalshi.com/markets/kxmlbgame/professional-baseball-game/kxmlbgame-26jun102040chccol:0
[     243ms] [ERROR] Failed to load resource: the server responded with a status of 429 () @ https://kalshi.com/favicon.ico:0
[     885ms] [LOG] Error @ https://kalshi.com/.well-known/vercel/security/static/challenge.v2.min.js:0
[    7224ms] [ERROR] Failed to load resource: net::ERR_NAME_NOT_RESOLVED @ https://wa.onelink.me/v1/onelink:0
[   11226ms] [ERROR] Failed to load resource: net::ERR_NAME_NOT_RESOLVED @ https://wa.appsflyersdk.com/events?site-id=website-kalshi.com:0
[   11373ms] [WARNING] [WEBSOCKETS] - Subscribing {params: Object, subscriber: bound wsHandlePosition} @ https://kalshi.com/_next/static/chunks/0q~3w5mbasf3y.js?dpl=dpl_8DZC32fyfJrhwVcY7PUjK6qhB1QX:3
[   11378ms] [WARNING] [WEBSOCKETS] - Subscribing {params: Object, subscriber: bound queueWsHandleTicker} @ https://kalshi.com/_next/static/chunks/0q~3w5mbasf3y.js?dpl=dpl_8DZC32fyfJrhwVcY7PUjK6qhB1QX:3
[   11378ms] [WARNING] [WEBSOCKETS] - Subscribing {params: Object, subscriber: bound wsHandleLifecycle} @ https://kalshi.com/_next/static/chunks/0q~3w5mbasf3y.js?dpl=dpl_8DZC32fyfJrhwVcY7PUjK6qhB1QX:3
[   11391ms] [ERROR] Failed to load resource: net::ERR_NAME_NOT_RESOLVED @ https://cdn.lr-ingest.io/logger-1.min.js:0
[   11391ms] [ERROR] Failed to load resource: net::ERR_NAME_NOT_RESOLVED @ https://sr-client-cfg.amplitude.com/config/a80cc4d021d62947ce3cd389ec3f7e2d?config_group=browser:0
[   11444ms] [WARNING] LogRocket: script could not load. Check that you have a valid network connection. @ https://kalshi.com/_next/static/chunks/0q~3w5mbasf3y.js?dpl=dpl_8DZC32fyfJrhwVcY7PUjK6qhB1QX:3
[   11589ms] [ERROR] Failed to load resource: net::ERR_NAME_NOT_RESOLVED @ https://featureassets.org/v1/initialize?k=client-3KkiSXMxHCYSq6uJpk22JfwuVcizXfTHrECs42WQ9oZ&st=javascript-client-react&sv=3.31.2&t=1780920307141&sid=dc981656-9129-41a5-8167-0e6326155ba2&se=1:0
[   11599ms] [ERROR] Failed to load resource: net::ERR_NAME_NOT_RESOLVED @ https://sr-client-cfg.amplitude.com/config/a80cc4d021d62947ce3cd389ec3f7e2d?config_group=browser:0
[   11689ms] [ERROR] Failed to load resource: net::ERR_NAME_NOT_RESOLVED @ https://sr-client-cfg.amplitude.com/config/a80cc4d021d62947ce3cd389ec3f7e2d?config_group=browser:0
[   11697ms] [ERROR] Failed to load resource: net::ERR_NAME_NOT_RESOLVED @ https://sr-client-cfg.amplitude.com/config/a80cc4d021d62947ce3cd389ec3f7e2d?config_group=browser:0
[   11885ms] [ERROR] Failed to load resource: net::ERR_NAME_NOT_RESOLVED @ https://sr-client-cfg.amplitude.com/config/a80cc4d021d62947ce3cd389ec3f7e2d?config_group=browser:0
[   12047ms] [ERROR] Failed to load resource: net::ERR_NAME_NOT_RESOLVED @ https://sr-client-cfg.amplitude.com/config/a80cc4d021d62947ce3cd389ec3f7e2d?config_group=browser:0
[   12431ms] [ERROR] Failed to load resource: net::ERR_NAME_NOT_RESOLVED @ https://assetsconfigcdn.org/v1/initialize?k=client-3KkiSXMxHCYSq6uJpk22JfwuVcizXfTHrECs42WQ9oZ&st=javascript-client-react&sv=3.31.2&t=1780920307967&sid=dc981656-9129-41a5-8167-0e6326155ba2&se=1:0
[   12708ms] [WARNING] [WEBSOCKETS] - Subscribing {params: Object, subscriber: bound queueWsHandleTicker} @ https://kalshi.com/_next/static/chunks/0q~3w5mbasf3y.js?dpl=dpl_8DZC32fyfJrhwVcY7PUjK6qhB1QX:3
[   12709ms] [WARNING] [WEBSOCKETS] - Found existing subscription {match: Object, subscription: Object} @ https://kalshi.com/_next/static/chunks/0q~3w5mbasf3y.js?dpl=dpl_8DZC32fyfJrhwVcY7PUjK6qhB1QX:3
[   12710ms] [WARNING] [WEBSOCKETS] - Subscribing {params: Object, subscriber: bound wsHandleLifecycle} @ https://kalshi.com/_next/static/chunks/0q~3w5mbasf3y.js?dpl=dpl_8DZC32fyfJrhwVcY7PUjK6qhB1QX:3
[   12710ms] [WARNING] [WEBSOCKETS] - Found existing subscription {match: Object, subscription: Object} @ https://kalshi.com/_next/static/chunks/0q~3w5mbasf3y.js?dpl=dpl_8DZC32fyfJrhwVcY7PUjK6qhB1QX:3
[   13134ms] [LOG] datadog init config.commitRef 58cd95ae8d140c7cb42970634eb8fb32a3ba8e65 @ https://kalshi.com/_next/static/chunks/0q~3w5mbasf3y.js?dpl=dpl_8DZC32fyfJrhwVcY7PUjK6qhB1QX:3
[   13148ms] [ERROR] Failed to load resource: net::ERR_NAME_NOT_RESOLVED @ https://api2.amplitude.com/2/httpapi:0
[   13209ms] [ERROR] Failed to load resource: net::ERR_NAME_NOT_RESOLVED @ https://www.googletagmanager.com/gtm.js?id=GTM-NP66QTXD:0
[   13338ms] [ERROR] Access to fetch at 'https://ai-summary.kalshi.co/timeline-points?event_id=KXMLBGAME-26JUN102040CHCCOL&market_ticker=KXMLBGAME-26JUN102040CHCCOL-CHC&market_ticker=KXMLBGAME-26JUN102040CHCCOL-COL' from origin 'https://kalshi.com' has been blocked by CORS policy: No 'Access-Control-Allow-Origin' header is present on the requested resource. @ https://kalshi.com/markets/kxmlbgame/professional-baseball-game/kxmlbgame-26jun102040chccol:0
[   13338ms] [ERROR] Failed to load resource: net::ERR_FAILED @ https://ai-summary.kalshi.co/timeline-points?event_id=KXMLBGAME-26JUN102040CHCCOL&market_ticker=KXMLBGAME-26JUN102040CHCCOL-CHC&market_ticker=KXMLBGAME-26JUN102040CHCCOL-COL:0
[   13338ms] [LOG] Failed to fetch timeline points: TypeError: Failed to fetch @ https://kalshi.com/_next/static/chunks/0q~3w5mbasf3y.js?dpl=dpl_8DZC32fyfJrhwVcY7PUjK6qhB1QX:3
[   13348ms] [ERROR] Failed to load resource: net::ERR_NAME_NOT_RESOLVED @ https://browser-intake-datadoghq.com/api/v2/rum?ddsource=browser&dd-api-key=pub222856fe11852abc3642b1395fac0627&dd-evp-origin-version=7.1.0&dd-evp-origin=browser&dd-request-id=75d05f66-9a12-45eb-9d07-956f836b9573&batch_time=1780920308907&_dd.api=fetch:0
[   13468ms] [ERROR] Failed to load resource: net::ERR_NAME_NOT_RESOLVED @ https://browser-intake-datadoghq.com/api/v2/rum?ddsource=browser&dd-api-key=pub222856fe11852abc3642b1395fac0627&dd-evp-origin-version=7.1.0&dd-evp-origin=browser&dd-request-id=a858601e-f519-4c71-bbcd-ee5ac2a94f25&batch_time=1780920309034&_dd.api=fetch:0
[   13489ms] [ERROR] Failed to load resource: net::ERR_NAME_NOT_RESOLVED @ https://browser-intake-datadoghq.com/api/v2/rum?ddsource=browser&dd-api-key=pub222856fe11852abc3642b1395fac0627&dd-evp-origin-version=7.1.0&dd-evp-origin=browser&dd-request-id=df327936-fcee-4cb1-beec-b90607252b6a&batch_time=1780920309056&_dd.api=fetch:0
[   13493ms] [ERROR] Failed to load resource: net::ERR_NAME_NOT_RESOLVED @ https://browser-intake-datadoghq.com/api/v2/rum?ddsource=browser&dd-api-key=pub222856fe11852abc3642b1395fac0627&dd-evp-origin-version=7.1.0&dd-evp-origin=browser&dd-request-id=c6c0f3a2-d0c8-45c0-a059-be13f55df73f&batch_time=1780920309057&_dd.api=fetch:0
[   13494ms] [ERROR] Failed to load resource: net::ERR_NAME_NOT_RESOLVED @ https://browser-intake-datadoghq.com/api/v2/rum?ddsource=browser&dd-api-key=pub222856fe11852abc3642b1395fac0627&dd-evp-origin-version=7.1.0&dd-evp-origin=browser&dd-request-id=21d7be9a-dbb1-4749-8afd-1389ee81402a&batch_time=1780920309058&_dd.api=fetch:0
[   13495ms] [ERROR] Failed to load resource: net::ERR_NAME_NOT_RESOLVED @ https://browser-intake-datadoghq.com/api/v2/rum?ddsource=browser&dd-api-key=pub222856fe11852abc3642b1395fac0627&dd-evp-origin-version=7.1.0&dd-evp-origin=browser&dd-request-id=392aa428-1f07-41f4-8b25-1cd996e57a02&batch_time=1780920309059&_dd.api=fetch:0
[   13496ms] [ERROR] Failed to load resource: net::ERR_NAME_NOT_RESOLVED @ https://browser-intake-datadoghq.com/api/v2/rum?ddsource=browser&dd-api-key=pub222856fe11852abc3642b1395fac0627&dd-evp-origin-version=7.1.0&dd-evp-origin=browser&dd-request-id=f156c28d-e6a6-4f9e-aa36-9df208858e93&batch_time=1780920309061&_dd.api=fetch:0
[   13498ms] [ERROR] Failed to load resource: net::ERR_NAME_NOT_RESOLVED @ https://browser-intake-datadoghq.com/api/v2/rum?ddsource=browser&dd-api-key=pub222856fe11852abc3642b1395fac0627&dd-evp-origin-version=7.1.0&dd-evp-origin=browser&dd-request-id=b7472176-16ac-462d-b7e9-51e58c133bb1&batch_time=1780920309066&_dd.api=fetch:0
[   13498ms] [ERROR] Failed to load resource: net::ERR_NAME_NOT_RESOLVED @ https://browser-intake-datadoghq.com/api/v2/rum?ddsource=browser&dd-api-key=pub222856fe11852abc3642b1395fac0627&dd-evp-origin-version=7.1.0&dd-evp-origin=browser&dd-request-id=79d11bae-dc38-4f28-9c5a-0da0ebc57f67&batch_time=1780920309070&_dd.api=fetch:0
[   13498ms] [ERROR] Failed to load resource: net::ERR_NAME_NOT_RESOLVED @ https://browser-intake-datadoghq.com/api/v2/rum?ddsource=browser&dd-api-key=pub222856fe11852abc3642b1395fac0627&dd-evp-origin-version=7.1.0&dd-evp-origin=browser&dd-request-id=165e9b20-3477-401d-b518-dd47bf14558a&batch_time=1780920309071&_dd.api=fetch:0
[   13498ms] [ERROR] Failed to load resource: net::ERR_NAME_NOT_RESOLVED @ https://browser-intake-datadoghq.com/api/v2/rum?ddsource=browser&dd-api-key=pub222856fe11852abc3642b1395fac0627&dd-evp-origin-version=7.1.0&dd-evp-origin=browser&dd-request-id=d113e56b-29a4-43fe-af00-44e8490eaee2&batch_time=1780920309072&_dd.api=fetch:0
[   13504ms] [ERROR] Failed to load resource: net::ERR_NAME_NOT_RESOLVED @ https://browser-intake-datadoghq.com/api/v2/rum?ddsource=browser&dd-api-key=pub222856fe11852abc3642b1395fac0627&dd-evp-origin-version=7.1.0&dd-evp-origin=browser&dd-request-id=ee08a76d-c106-46e8-b44b-7071e20ffa1e&batch_time=1780920309077&_dd.api=fetch:0
[   13508ms] [ERROR] Failed to load resource: net::ERR_NAME_NOT_RESOLVED @ https://browser-intake-datadoghq.com/api/v2/rum?ddsource=browser&dd-api-key=pub222856fe11852abc3642b1395fac0627&dd-evp-origin-version=7.1.0&dd-evp-origin=browser&dd-request-id=434eeee6-a0f7-4113-8f51-07f6e14b8b2a&batch_time=1780920309079&_dd.api=fetch:0
[   13523ms] [ERROR] Failed to load resource: net::ERR_NAME_NOT_RESOLVED @ https://browser-intake-datadoghq.com/api/v2/rum?ddsource=browser&dd-api-key=pub222856fe11852abc3642b1395fac0627&dd-evp-origin-version=7.1.0&dd-evp-origin=browser&dd-request-id=9eb18e01-734f-48e1-91d8-4283aeccf1e6&batch_time=1780920309086&_dd.api=fetch:0
[   13526ms] [ERROR] Failed to load resource: net::ERR_NAME_NOT_RESOLVED @ https://browser-intake-datadoghq.com/api/v2/rum?ddsource=browser&dd-api-key=pub222856fe11852abc3642b1395fac0627&dd-evp-origin-version=7.1.0&dd-evp-origin=browser&dd-request-id=43f95d27-0f9c-4e1e-9d4f-27e417ed52dd&batch_time=1780920309089&_dd.api=fetch:0
[   13526ms] [ERROR] Failed to load resource: net::ERR_NAME_NOT_RESOLVED @ https://browser-intake-datadoghq.com/api/v2/rum?ddsource=browser&dd-api-key=pub222856fe11852abc3642b1395fac0627&dd-evp-origin-version=7.1.0&dd-evp-origin=browser&dd-request-id=f28a96d1-6d99-4f10-a7ea-f4e19d29b5e6&batch_time=1780920309091&_dd.api=fetch:0
[   13526ms] [ERROR] Failed to load resource: net::ERR_NAME_NOT_RESOLVED @ https://browser-intake-datadoghq.com/api/v2/rum?ddsource=browser&dd-api-key=pub222856fe11852abc3642b1395fac0627&dd-evp-origin-version=7.1.0&dd-evp-origin=browser&dd-request-id=18815acd-381f-4880-a481-7638a1836f89&batch_time=1780920309093&_dd.api=fetch:0
[   13527ms] [ERROR] Failed to load resource: net::ERR_NAME_NOT_RESOLVED @ https://browser-intake-datadoghq.com/api/v2/rum?ddsource=browser&dd-api-key=pub222856fe11852abc3642b1395fac0627&dd-evp-origin-version=7.1.0&dd-evp-origin=browser&dd-request-id=4835ab35-f9da-424a-b2af-5c64b03686e3&batch_time=1780920309095&_dd.api=fetch:0
[   13539ms] [ERROR] Failed to load resource: net::ERR_NAME_NOT_RESOLVED @ https://browser-intake-datadoghq.com/api/v2/rum?ddsource=browser&dd-api-key=pub222856fe11852abc3642b1395fac0627&dd-evp-origin-version=7.1.0&dd-evp-origin=browser&dd-request-id=2ad7eb1a-2975-402d-81d2-ae608318e763&batch_time=1780920309108&_dd.api=fetch:0
[   13545ms] [ERROR] Failed to load resource: net::ERR_NAME_NOT_RESOLVED @ https://browser-intake-datadoghq.com/api/v2/rum?ddsource=browser&dd-api-key=pub222856fe11852abc3642b1395fac0627&dd-evp-origin-version=7.1.0&dd-evp-origin=browser&dd-request-id=dcc0165b-9208-4740-bc79-3901d4ad9a87&batch_time=1780920309109&_dd.api=fetch:0
[   13545ms] [ERROR] Failed to load resource: net::ERR_NAME_NOT_RESOLVED @ https://browser-intake-datadoghq.com/api/v2/rum?ddsource=browser&dd-api-key=pub222856fe11852abc3642b1395fac0627&dd-evp-origin-version=7.1.0&dd-evp-origin=browser&dd-request-id=7ea02388-4a42-4718-bbda-ef476c608c91&batch_time=1780920309110&_dd.api=fetch:0
[   13545ms] [ERROR] Failed to load resource: net::ERR_NAME_NOT_RESOLVED @ https://browser-intake-datadoghq.com/api/v2/rum?ddsource=browser&dd-api-key=pub222856fe11852abc3642b1395fac0627&dd-evp-origin-version=7.1.0&dd-evp-origin=browser&dd-request-id=a74e7711-5826-47b8-a7f7-24cfe033e6d9&batch_time=1780920309111&_dd.api=fetch:0
[   13545ms] [ERROR] Failed to load resource: net::ERR_NAME_NOT_RESOLVED @ https://browser-intake-datadoghq.com/api/v2/rum?ddsource=browser&dd-api-key=pub222856fe11852abc3642b1395fac0627&dd-evp-origin-version=7.1.0&dd-evp-origin=browser&dd-request-id=4caf8a2b-5406-4f19-a41d-c0cbe50a6835&batch_time=1780920309112&_dd.api=fetch:0
[   13681ms] [WARNING] [Meta Pixel] - Duplicate Pixel ID: 1537332917135729. @ https://kalshi.com/_next/static/chunks/0q~3w5mbasf3y.js?dpl=dpl_8DZC32fyfJrhwVcY7PUjK6qhB1QX:3
[   13698ms] [ERROR] Failed to load resource: net::ERR_NAME_NOT_RESOLVED @ https://browser-intake-datadoghq.com/api/v2/rum?ddsource=browser&dd-api-key=pub222856fe11852abc3642b1395fac0627&dd-evp-origin-version=7.1.0&dd-evp-origin=browser&dd-request-id=a70941e7-2f71-4175-9691-75a35e245e38&batch_time=1780920309272&_dd.api=fetch:0
[   13751ms] [ERROR] Failed to load resource: net::ERR_NAME_NOT_RESOLVED @ https://browser-intake-datadoghq.com/api/v2/rum?ddsource=browser&dd-api-key=pub222856fe11852abc3642b1395fac0627&dd-evp-origin-version=7.1.0&dd-evp-origin=browser&dd-request-id=53db5d68-3a8a-4a98-81ee-8156d12ed8d7&batch_time=1780920309325&_dd.api=fetch:0
[   13885ms] [ERROR] Failed to load resource: net::ERR_NAME_NOT_RESOLVED @ https://beacon.riskified.com/?shop=kalshi.com_ach&sid=e46e80b6-a781-4679-9fcf-fe480b77c60a:0
[   13885ms] [ERROR] Failed to load resource: net::ERR_NAME_NOT_RESOLVED @ https://api.sprig.com/sdk/1/environments/iOWjIVsDOPhw/config:0
[   13928ms] [ERROR] Failed to load resource: net::ERR_NAME_NOT_RESOLVED @ https://browser-intake-datadoghq.com/api/v2/rum?ddsource=browser&dd-api-key=pub222856fe11852abc3642b1395fac0627&dd-evp-origin-version=7.1.0&dd-evp-origin=browser&dd-request-id=2bacdf0a-dc68-437c-a54d-7d06e0cfdae0&batch_time=1780920309503&_dd.api=fetch:0
[   14275ms] [ERROR] Failed to load resource: net::ERR_NAME_NOT_RESOLVED @ https://browser-intake-datadoghq.com/api/v2/rum?ddsource=browser&dd-api-key=pub222856fe11852abc3642b1395fac0627&dd-evp-origin-version=7.1.0&dd-evp-origin=browser&dd-request-id=18cda65a-c6e2-4783-8c07-5915dae5d44f&batch_time=1780920309849&_dd.api=fetch:0
[   14439ms] [ERROR] Failed to load resource: net::ERR_NAME_NOT_RESOLVED @ https://assetsconfigcdn.org/v1/initialize?k=client-3KkiSXMxHCYSq6uJpk22JfwuVcizXfTHrECs42WQ9oZ&st=javascript-client-react&sv=3.31.2&t=1780920310012&sid=dc981656-9129-41a5-8167-0e6326155ba2&se=1:0
[   14470ms] [ERROR] Failed to load resource: net::ERR_NAME_NOT_RESOLVED @ https://assetsconfigcdn.org/v1/initialize?k=client-3KkiSXMxHCYSq6uJpk22JfwuVcizXfTHrECs42WQ9oZ&st=javascript-client-react&sv=3.31.2&t=1780920310029&sid=dc981656-9129-41a5-8167-0e6326155ba2&se=1:0
[   14641ms] [ERROR] Failed to load resource: net::ERR_NAME_NOT_RESOLVED @ https://browser-intake-datadoghq.com/api/v2/rum?ddsource=browser&dd-api-key=pub222856fe11852abc3642b1395fac0627&dd-evp-origin-version=7.1.0&dd-evp-origin=browser&dd-request-id=fcdc4cc8-d5c2-41d1-bd91-309a2e3aa331&batch_time=1780920310216&_dd.api=fetch:0
[   14897ms] [ERROR] Failed to load resource: net::ERR_NAME_NOT_RESOLVED @ https://api.sprig.com/sdk/1/environments/iOWjIVsDOPhw/config:0
[   14982ms] [ERROR] Failed to load resource: net::ERR_NAME_NOT_RESOLVED @ https://assetsconfigcdn.org/v1/initialize?k=client-3KkiSXMxHCYSq6uJpk22JfwuVcizXfTHrECs42WQ9oZ&st=javascript-client-react&sv=3.31.2&t=1780920310557&sid=dc981656-9129-41a5-8167-0e6326155ba2&se=1:0
[   15079ms] [ERROR] Failed to load resource: net::ERR_NAME_NOT_RESOLVED @ https://browser-intake-datadoghq.com/api/v2/rum?ddsource=browser&dd-api-key=pub222856fe11852abc3642b1395fac0627&dd-evp-origin-version=7.1.0&dd-evp-origin=browser&dd-request-id=0811a10a-d947-4a78-a638-ff9c891dc0c4&batch_time=1780920310651&_dd.api=fetch:0
[   15242ms] [ERROR] Failed to load resource: net::ERR_NAME_NOT_RESOLVED @ https://browser-intake-datadoghq.com/api/v2/rum?ddsource=browser&dd-api-key=pub222856fe11852abc3642b1395fac0627&dd-evp-origin-version=7.1.0&dd-evp-origin=browser&dd-request-id=c9d00c4e-f00a-412b-9975-2f638cb0f74e&batch_time=1780920310816&_dd.api=fetch:0
[   15809ms] [ERROR] Failed to load resource: net::ERR_NAME_NOT_RESOLVED @ https://browser-intake-datadoghq.com/api/v2/rum?ddsource=browser&dd-api-key=pub222856fe11852abc3642b1395fac0627&dd-evp-origin-version=7.1.0&dd-evp-origin=browser&dd-request-id=bf45d356-d426-4734-bc92-86de0f2f2c22&batch_time=1780920311384&_dd.api=fetch:0
[   16358ms] [ERROR] Failed to load resource: net::ERR_NAME_NOT_RESOLVED @ https://browser-intake-datadoghq.com/api/v2/rum?ddsource=browser&dd-api-key=pub222856fe11852abc3642b1395fac0627&dd-evp-origin-version=7.1.0&dd-evp-origin=browser&dd-request-id=08e071b8-d87c-4987-8717-9ed59390cc77&batch_time=1780920311929&_dd.api=fetch:0
[   16809ms] [ERROR] Failed to load resource: net::ERR_NAME_NOT_RESOLVED @ https://browser-intake-datadoghq.com/api/v2/rum?ddsource=browser&dd-api-key=pub222856fe11852abc3642b1395fac0627&dd-evp-origin-version=7.1.0&dd-evp-origin=browser&dd-request-id=7f3ab0da-b3a7-43f6-bcd8-156ed10adf11&batch_time=1780920312383&_dd.api=fetch:0
[   16909ms] [ERROR] Failed to load resource: net::ERR_NAME_NOT_RESOLVED @ https://api.sprig.com/sdk/1/environments/iOWjIVsDOPhw/config:0
[   17003ms] [ERROR] Failed to load resource: net::ERR_NAME_NOT_RESOLVED @ https://assetsconfigcdn.org/v1/initialize?k=client-3KkiSXMxHCYSq6uJpk22JfwuVcizXfTHrECs42WQ9oZ&st=javascript-client-react&sv=3.31.2&t=1780920312562&sid=dc981656-9129-41a5-8167-0e6326155ba2&se=1:0
[   17075ms] [ERROR] Failed to load resource: net::ERR_NAME_NOT_RESOLVED @ https://browser-intake-datadoghq.com/api/v2/rum?ddsource=browser&dd-api-key=pub222856fe11852abc3642b1395fac0627&dd-evp-origin-version=7.1.0&dd-evp-origin=browser&dd-request-id=fd1b7775-c57b-45f7-808d-b1e454213c75&batch_time=1780920312650&_dd.api=fetch:0
[   17395ms] [ERROR] Failed to load resource: net::ERR_NAME_NOT_RESOLVED @ https://browser-intake-datadoghq.com/api/v2/rum?ddsource=browser&dd-api-key=pub222856fe11852abc3642b1395fac0627&dd-evp-origin-version=7.1.0&dd-evp-origin=browser&dd-request-id=0c469e68-bfc6-4f64-a1e2-92d5cae70f15&batch_time=1780920312969&_dd.api=fetch:0
[   17981ms] [ERROR] Failed to load resource: net::ERR_NAME_NOT_RESOLVED @ https://browser-intake-datadoghq.com/api/v2/rum?ddsource=browser&dd-api-key=pub222856fe11852abc3642b1395fac0627&dd-evp-origin-version=7.1.0&dd-evp-origin=browser&dd-request-id=5305c976-3514-46f3-8693-ddff9eec7e9a&batch_time=1780920313555&_dd.api=fetch:0
[   18052ms] [ERROR] Failed to load resource: the server responded with a status of 404 () @ https://api.elections.kalshi.com/v1/live_data/milestone/368508b6-0d81-42a5-aa12-1bc8b6571f22/game_stats:0
[   18343ms] [ERROR] Failed to load resource: net::ERR_NAME_NOT_RESOLVED @ https://browser-intake-datadoghq.com/api/v2/rum?ddsource=browser&dd-api-key=pub222856fe11852abc3642b1395fac0627&dd-evp-origin-version=7.1.0&dd-evp-origin=browser&dd-request-id=609c2cdb-834a-40d2-ab22-1363cc134a69&batch_time=1780920313917&_dd.api=fetch:0
[   18908ms] [ERROR] Failed to load resource: net::ERR_NAME_NOT_RESOLVED @ https://browser-intake-datadoghq.com/api/v2/rum?ddsource=browser&dd-api-key=pub222856fe11852abc3642b1395fac0627&dd-evp-origin-version=7.1.0&dd-evp-origin=browser&dd-request-id=99104d8d-979c-4580-9f7b-3ad02142e414&batch_time=1780920314482&_dd.api=fetch:0
[   19109ms] [ERROR] Failed to load resource: the server responded with a status of 404 () @ https://api.elections.kalshi.com/v1/live_data/milestone/368508b6-0d81-42a5-aa12-1bc8b6571f22/game_stats:0
[   19192ms] [ERROR] Failed to load resource: net::ERR_NAME_NOT_RESOLVED @ https://browser-intake-datadoghq.com/api/v2/rum?ddsource=browser&dd-api-key=pub222856fe11852abc3642b1395fac0627&dd-evp-origin-version=7.1.0&dd-evp-origin=browser&dd-request-id=c70e25cf-0876-45b5-b844-ce9f404f9a85&batch_time=1780920314766&_dd.api=fetch:0
[   19359ms] [ERROR] Failed to load resource: net::ERR_NAME_NOT_RESOLVED @ https://browser-intake-datadoghq.com/api/v2/rum?ddsource=browser&dd-api-key=pub222856fe11852abc3642b1395fac0627&dd-evp-origin-version=7.1.0&dd-evp-origin=browser&dd-request-id=498afe15-4a0f-467f-9591-f7ed2feaaaa5&batch_time=1780920314934&_dd.api=fetch:0
[   19685ms] [ERROR] Failed to load resource: net::ERR_NAME_NOT_RESOLVED @ https://browser-intake-datadoghq.com/api/v2/rum?ddsource=browser&dd-api-key=pub222856fe11852abc3642b1395fac0627&dd-evp-origin-version=7.1.0&dd-evp-origin=browser&dd-request-id=8267cc23-b568-4a6f-a473-cfb48b461bbc&batch_time=1780920315260&_dd.api=fetch:0
[   20474ms] [ERROR] Failed to load resource: net::ERR_NAME_NOT_RESOLVED @ https://browser-intake-datadoghq.com/api/v2/rum?ddsource=browser&dd-api-key=pub222856fe11852abc3642b1395fac0627&dd-evp-origin-version=7.1.0&dd-evp-origin=browser&dd-request-id=8b0f45f4-9de3-44e8-8c75-4e51f90ef067&batch_time=1780920316048&_dd.api=fetch:0
[   20952ms] [ERROR] Failed to load resource: net::ERR_NAME_NOT_RESOLVED @ https://api.sprig.com/sdk/1/environments/iOWjIVsDOPhw/config:0
[   21161ms] [ERROR] Failed to load resource: the server responded with a status of 404 () @ https://api.elections.kalshi.com/v1/live_data/milestone/368508b6-0d81-42a5-aa12-1bc8b6571f22/game_stats:0
[   21226ms] [ERROR] Failed to load resource: net::ERR_NAME_NOT_RESOLVED @ https://browser-intake-datadoghq.com/api/v2/rum?ddsource=browser&dd-api-key=pub222856fe11852abc3642b1395fac0627&dd-evp-origin-version=7.1.0&dd-evp-origin=browser&dd-request-id=abb999bc-a469-45d9-95ae-234b7fb71688&batch_time=1780920316801&_dd.api=fetch:0
[   25185ms] [ERROR] Failed to load resource: net::ERR_NAME_NOT_RESOLVED @ https://browser-intake-datadoghq.com/api/v2/rum?ddsource=browser&dd-api-key=pub222856fe11852abc3642b1395fac0627&dd-evp-origin-version=7.1.0&dd-evp-origin=browser&dd-request-id=3bbe5dad-8071-48f1-8514-a0e1266ca0ec&batch_time=1780920320743&_dd.api=fetch:0
[   28191ms] [WARNING] The resource https://kalshi.com/images/research/mission/Frame.png was preloaded using link preload but not used within a few seconds from the window's load event. Please make sure it has an appropriate `as` value and it is preloaded intentionally. @ https://kalshi.com/markets/kxmlbgame/professional-baseball-game/kxmlbgame-26jun102040chccol:0
[   28191ms] [WARNING] The resource https://kalshi.com/images/research/mission/calibration.png was preloaded using link preload but not used within a few seconds from the window's load event. Please make sure it has an appropriate `as` value and it is preloaded intentionally. @ https://kalshi.com/markets/kxmlbgame/professional-baseball-game/kxmlbgame-26jun102040chccol:0
[   28191ms] [WARNING] The resource https://kalshi.com/images/research/mission/prediction-accuracy.png was preloaded using link preload but not used within a few seconds from the window's load event. Please make sure it has an appropriate `as` value and it is preloaded intentionally. @ https://kalshi.com/markets/kxmlbgame/professional-baseball-game/kxmlbgame-26jun102040chccol:0
[   28191ms] [WARNING] The resource https://kalshi.com/images/research/mission/real-world-impact.png was preloaded using link preload but not used within a few seconds from the window's load event. Please make sure it has an appropriate `as` value and it is preloaded intentionally. @ https://kalshi.com/markets/kxmlbgame/professional-baseball-game/kxmlbgame-26jun102040chccol:0
[   28191ms] [WARNING] The resource https://kalshi.com/images/research/mission/belief-updating-dynamics.png was preloaded using link preload but not used within a few seconds from the window's load event. Please make sure it has an appropriate `as` value and it is preloaded intentionally. @ https://kalshi.com/markets/kxmlbgame/professional-baseball-game/kxmlbgame-26jun102040chccol:0
[   28191ms] [WARNING] The resource https://kalshi.com/images/research/mission/market-microstructure.png was preloaded using link preload but not used within a few seconds from the window's load event. Please make sure it has an appropriate `as` value and it is preloaded intentionally. @ https://kalshi.com/markets/kxmlbgame/professional-baseball-game/kxmlbgame-26jun102040chccol:0
[   28191ms] [WARNING] The resource https://kalshi.com/images/research/mission/participant-heterogeneity.png was preloaded using link preload but not used within a few seconds from the window's load event. Please make sure it has an appropriate `as` value and it is preloaded intentionally. @ https://kalshi.com/markets/kxmlbgame/professional-baseball-game/kxmlbgame-26jun102040chccol:0
[   28973ms] [ERROR] Failed to load resource: net::ERR_NAME_NOT_RESOLVED @ https://api.sprig.com/sdk/1/environments/iOWjIVsDOPhw/config:0
[   32633ms] [ERROR] Failed to load resource: net::ERR_NAME_NOT_RESOLVED @ https://browser-intake-datadoghq.com/api/v2/rum?ddsource=browser&dd-api-key=pub222856fe11852abc3642b1395fac0627&dd-evp-origin-version=7.1.0&dd-evp-origin=browser&dd-request-id=1fb9b6d7-f758-4e9d-a746-b87636e2f3d4&batch_time=1780920328200&_dd.api=fetch:0
[   36111ms] [ERROR] Failed to load resource: net::ERR_NAME_NOT_RESOLVED @ https://browser-intake-datadoghq.com/api/v2/rum?ddsource=browser&dd-api-key=pub222856fe11852abc3642b1395fac0627&dd-evp-origin-version=7.1.0&dd-evp-origin=browser&dd-request-id=7f11c0c3-29a3-4f61-bedc-81ad9da0f77e&batch_time=1780920331685&_dd.api=fetch:0
[   40162ms] [WARNING] The resource https://kalshi.com/images/research/mission/Frame.png was preloaded using link preload but not used within a few seconds from the window's load event. Please make sure it has an appropriate `as` value and it is preloaded intentionally. @ https://kalshi.com/markets/kxmlbgame/professional-baseball-game/kxmlbgame-26jun102040chccol:0
[   40162ms] [WARNING] The resource https://kalshi.com/images/research/mission/calibration.png was preloaded using link preload but not used within a few seconds from the window's load event. Please make sure it has an appropriate `as` value and it is preloaded intentionally. @ https://kalshi.com/markets/kxmlbgame/professional-baseball-game/kxmlbgame-26jun102040chccol:0
[   40162ms] [WARNING] The resource https://kalshi.com/images/research/mission/prediction-accuracy.png was preloaded using link preload but not used within a few seconds from the window's load event. Please make sure it has an appropriate `as` value and it is preloaded intentionally. @ https://kalshi.com/markets/kxmlbgame/professional-baseball-game/kxmlbgame-26jun102040chccol:0
[   40162ms] [WARNING] The resource https://kalshi.com/images/research/mission/real-world-impact.png was preloaded using link preload but not used within a few seconds from the window's load event. Please make sure it has an appropriate `as` value and it is preloaded intentionally. @ https://kalshi.com/markets/kxmlbgame/professional-baseball-game/kxmlbgame-26jun102040chccol:0
[   40162ms] [WARNING] The resource https://kalshi.com/images/research/mission/belief-updating-dynamics.png was preloaded using link preload but not used within a few seconds from the window's load event. Please make sure it has an appropriate `as` value and it is preloaded intentionally. @ https://kalshi.com/markets/kxmlbgame/professional-baseball-game/kxmlbgame-26jun102040chccol:0
[   40162ms] [WARNING] The resource https://kalshi.com/images/research/mission/market-microstructure.png was preloaded using link preload but not used within a few seconds from the window's load event. Please make sure it has an appropriate `as` value and it is preloaded intentionally. @ https://kalshi.com/markets/kxmlbgame/professional-baseball-game/kxmlbgame-26jun102040chccol:0
[   40162ms] [WARNING] The resource https://kalshi.com/images/research/mission/participant-heterogeneity.png was preloaded using link preload but not used within a few seconds from the window's load event. Please make sure it has an appropriate `as` value and it is preloaded intentionally. @ https://kalshi.com/markets/kxmlbgame/professional-baseball-game/kxmlbgame-26jun102040chccol:0
[   43009ms] [ERROR] Failed to load resource: net::ERR_NAME_NOT_RESOLVED @ https://browser-intake-datadoghq.com/api/v2/rum?ddsource=browser&dd-api-key=pub222856fe11852abc3642b1395fac0627&dd-evp-origin-version=7.1.0&dd-evp-origin=browser&dd-request-id=dfaf5397-6fc1-4da5-8078-b94957f2e2cc&batch_time=1780920338569&_dd.api=fetch:0
[   45001ms] [ERROR] Failed to load resource: net::ERR_NAME_NOT_RESOLVED @ https://api.sprig.com/sdk/1/environments/iOWjIVsDOPhw/config:0
[   48010ms] [WARNING] The resource https://kalshi.com/images/research/mission/Frame.png was preloaded using link preload but not used within a few seconds from the window's load event. Please make sure it has an appropriate `as` value and it is preloaded intentionally. @ https://kalshi.com/markets/kxmlbgame/professional-baseball-game/kxmlbgame-26jun102040chccol:0
[   48010ms] [WARNING] The resource https://kalshi.com/images/research/mission/calibration.png was preloaded using link preload but not used within a few seconds from the window's load event. Please make sure it has an appropriate `as` value and it is preloaded intentionally. @ https://kalshi.com/markets/kxmlbgame/professional-baseball-game/kxmlbgame-26jun102040chccol:0
[   48010ms] [WARNING] The resource https://kalshi.com/images/research/mission/prediction-accuracy.png was preloaded using link preload but not used within a few seconds from the window's load event. Please make sure it has an appropriate `as` value and it is preloaded intentionally. @ https://kalshi.com/markets/kxmlbgame/professional-baseball-game/kxmlbgame-26jun102040chccol:0
[   48010ms] [WARNING] The resource https://kalshi.com/images/research/mission/real-world-impact.png was preloaded using link preload but not used within a few seconds from the window's load event. Please make sure it has an appropriate `as` value and it is preloaded intentionally. @ https://kalshi.com/markets/kxmlbgame/professional-baseball-game/kxmlbgame-26jun102040chccol:0
[   48010ms] [WARNING] The resource https://kalshi.com/images/research/mission/belief-updating-dynamics.png was preloaded using link preload but not used within a few seconds from the window's load event. Please make sure it has an appropriate `as` value and it is preloaded intentionally. @ https://kalshi.com/markets/kxmlbgame/professional-baseball-game/kxmlbgame-26jun102040chccol:0
[   48010ms] [WARNING] The resource https://kalshi.com/images/research/mission/market-microstructure.png was preloaded using link preload but not used within a few seconds from the window's load event. Please make sure it has an appropriate `as` value and it is preloaded intentionally. @ https://kalshi.com/markets/kxmlbgame/professional-baseball-game/kxmlbgame-26jun102040chccol:0
[   48010ms] [WARNING] The resource https://kalshi.com/images/research/mission/participant-heterogeneity.png was preloaded using link preload but not used within a few seconds from the window's load event. Please make sure it has an appropriate `as` value and it is preloaded intentionally. @ https://kalshi.com/markets/kxmlbgame/professional-baseball-game/kxmlbgame-26jun102040chccol:0
[   48998ms] [ERROR] Failed to load resource: net::ERR_NAME_NOT_RESOLVED @ https://browser-intake-datadoghq.com/api/v2/rum?ddsource=browser&dd-api-key=pub222856fe11852abc3642b1395fac0627&dd-evp-origin-version=7.1.0&dd-evp-origin=browser&dd-request-id=943ce1d4-e7ec-474f-8b1a-4723e6c5ded6&batch_time=1780920344542&_dd.api=fetch:0
[   52008ms] [WARNING] The resource https://kalshi.com/images/research/mission/Frame.png was preloaded using link preload but not used within a few seconds from the window's load event. Please make sure it has an appropriate `as` value and it is preloaded intentionally. @ https://kalshi.com/markets/kxmlbgame/professional-baseball-game/kxmlbgame-26jun102040chccol:0
[   52008ms] [WARNING] The resource https://kalshi.com/images/research/mission/calibration.png was preloaded using link preload but not used within a few seconds from the window's load event. Please make sure it has an appropriate `as` value and it is preloaded intentionally. @ https://kalshi.com/markets/kxmlbgame/professional-baseball-game/kxmlbgame-26jun102040chccol:0
[   52008ms] [WARNING] The resource https://kalshi.com/images/research/mission/prediction-accuracy.png was preloaded using link preload but not used within a few seconds from the window's load event. Please make sure it has an appropriate `as` value and it is preloaded intentionally. @ https://kalshi.com/markets/kxmlbgame/professional-baseball-game/kxmlbgame-26jun102040chccol:0
[   52008ms] [WARNING] The resource https://kalshi.com/images/research/mission/real-world-impact.png was preloaded using link preload but not used within a few seconds from the window's load event. Please make sure it has an appropriate `as` value and it is preloaded intentionally. @ https://kalshi.com/markets/kxmlbgame/professional-baseball-game/kxmlbgame-26jun102040chccol:0
[   52008ms] [WARNING] The resource https://kalshi.com/images/research/mission/belief-updating-dynamics.png was preloaded using link preload but not used within a few seconds from the window's load event. Please make sure it has an appropriate `as` value and it is preloaded intentionally. @ https://kalshi.com/markets/kxmlbgame/professional-baseball-game/kxmlbgame-26jun102040chccol:0
[   52008ms] [WARNING] The resource https://kalshi.com/images/research/mission/market-microstructure.png was preloaded using link preload but not used within a few seconds from the window's load event. Please make sure it has an appropriate `as` value and it is preloaded intentionally. @ https://kalshi.com/markets/kxmlbgame/professional-baseball-game/kxmlbgame-26jun102040chccol:0
[   52008ms] [WARNING] The resource https://kalshi.com/images/research/mission/participant-heterogeneity.png was preloaded using link preload but not used within a few seconds from the window's load event. Please make sure it has an appropriate `as` value and it is preloaded intentionally. @ https://kalshi.com/markets/kxmlbgame/professional-baseball-game/kxmlbgame-26jun102040chccol:0
[   54494ms] [ERROR] Failed to load resource: net::ERR_NAME_NOT_RESOLVED @ https://browser-intake-datadoghq.com/api/v2/rum?ddsource=browser&dd-api-key=pub222856fe11852abc3642b1395fac0627&dd-evp-origin-version=7.1.0&dd-evp-origin=browser&dd-request-id=854928c4-679f-4f48-a623-c4224abe07bf&batch_time=1780920350055&_dd.api=fetch:0
[   60194ms] [WARNING] The resource https://kalshi.com/images/research/mission/Frame.png was preloaded using link preload but not used within a few seconds from the window's load event. Please make sure it has an appropriate `as` value and it is preloaded intentionally. @ https://kalshi.com/markets/kxmlbgame/professional-baseball-game/kxmlbgame-26jun102040chccol:0
[   60194ms] [WARNING] The resource https://kalshi.com/images/research/mission/calibration.png was preloaded using link preload but not used within a few seconds from the window's load event. Please make sure it has an appropriate `as` value and it is preloaded intentionally. @ https://kalshi.com/markets/kxmlbgame/professional-baseball-game/kxmlbgame-26jun102040chccol:0
[   60194ms] [WARNING] The resource https://kalshi.com/images/research/mission/prediction-accuracy.png was preloaded using link preload but not used within a few seconds from the window's load event. Please make sure it has an appropriate `as` value and it is preloaded intentionally. @ https://kalshi.com/markets/kxmlbgame/professional-baseball-game/kxmlbgame-26jun102040chccol:0
[   60194ms] [WARNING] The resource https://kalshi.com/images/research/mission/real-world-impact.png was preloaded using link preload but not used within a few seconds from the window's load event. Please make sure it has an appropriate `as` value and it is preloaded intentionally. @ https://kalshi.com/markets/kxmlbgame/professional-baseball-game/kxmlbgame-26jun102040chccol:0
[   60194ms] [WARNING] The resource https://kalshi.com/images/research/mission/belief-updating-dynamics.png was preloaded using link preload but not used within a few seconds from the window's load event. Please make sure it has an appropriate `as` value and it is preloaded intentionally. @ https://kalshi.com/markets/kxmlbgame/professional-baseball-game/kxmlbgame-26jun102040chccol:0
[   60194ms] [WARNING] The resource https://kalshi.com/images/research/mission/market-microstructure.png was preloaded using link preload but not used within a few seconds from the window's load event. Please make sure it has an appropriate `as` value and it is preloaded intentionally. @ https://kalshi.com/markets/kxmlbgame/professional-baseball-game/kxmlbgame-26jun102040chccol:0
[   60194ms] [WARNING] The resource https://kalshi.com/images/research/mission/participant-heterogeneity.png was preloaded using link preload but not used within a few seconds from the window's load event. Please make sure it has an appropriate `as` value and it is preloaded intentionally. @ https://kalshi.com/markets/kxmlbgame/professional-baseball-game/kxmlbgame-26jun102040chccol:0
[   63211ms] [ERROR] Failed to load resource: net::ERR_NAME_NOT_RESOLVED @ https://browser-intake-datadoghq.com/api/v2/rum?ddsource=browser&dd-api-key=pub222856fe11852abc3642b1395fac0627&dd-evp-origin-version=7.1.0&dd-evp-origin=browser&dd-request-id=54baffbe-ba93-4b47-993e-3a5e69509f78&batch_time=1780920358786&_dd.api=fetch:0
[   64875ms] [ERROR] Failed to load resource: the server responded with a status of 429 () @ https://api.elections.kalshi.com/v1/series/KXMLBGAME/events/KXMLBGAME-26JUN102040CHCCOL?with_markdown=true:0
[   64876ms] [LOG] Transport layer info: You are making requests too frequently @ https://kalshi.com/_next/static/chunks/0q~3w5mbasf3y.js?dpl=dpl_8DZC32fyfJrhwVcY7PUjK6qhB1QX:3
[   68200ms] [WARNING] The resource https://kalshi.com/images/research/mission/Frame.png was preloaded using link preload but not used within a few seconds from the window's load event. Please make sure it has an appropriate `as` value and it is preloaded intentionally. @ https://kalshi.com/markets/kxmlbgame/professional-baseball-game/kxmlbgame-26jun102040chccol:0
[   68200ms] [WARNING] The resource https://kalshi.com/images/research/mission/calibration.png was preloaded using link preload but not used within a few seconds from the window's load event. Please make sure it has an appropriate `as` value and it is preloaded intentionally. @ https://kalshi.com/markets/kxmlbgame/professional-baseball-game/kxmlbgame-26jun102040chccol:0
[   68200ms] [WARNING] The resource https://kalshi.com/images/research/mission/prediction-accuracy.png was preloaded using link preload but not used within a few seconds from the window's load event. Please make sure it has an appropriate `as` value and it is preloaded intentionally. @ https://kalshi.com/markets/kxmlbgame/professional-baseball-game/kxmlbgame-26jun102040chccol:0
[   68200ms] [WARNING] The resource https://kalshi.com/images/research/mission/real-world-impact.png was preloaded using link preload but not used within a few seconds from the window's load event. Please make sure it has an appropriate `as` value and it is preloaded intentionally. @ https://kalshi.com/markets/kxmlbgame/professional-baseball-game/kxmlbgame-26jun102040chccol:0
[   68200ms] [WARNING] The resource https://kalshi.com/images/research/mission/belief-updating-dynamics.png was preloaded using link preload but not used within a few seconds from the window's load event. Please make sure it has an appropriate `as` value and it is preloaded intentionally. @ https://kalshi.com/markets/kxmlbgame/professional-baseball-game/kxmlbgame-26jun102040chccol:0
[   68200ms] [WARNING] The resource https://kalshi.com/images/research/mission/market-microstructure.png was preloaded using link preload but not used within a few seconds from the window's load event. Please make sure it has an appropriate `as` value and it is preloaded intentionally. @ https://kalshi.com/markets/kxmlbgame/professional-baseball-game/kxmlbgame-26jun102040chccol:0
[   68200ms] [WARNING] The resource https://kalshi.com/images/research/mission/participant-heterogeneity.png was preloaded using link preload but not used within a few seconds from the window's load event. Please make sure it has an appropriate `as` value and it is preloaded intentionally. @ https://kalshi.com/markets/kxmlbgame/professional-baseball-game/kxmlbgame-26jun102040chccol:0
[   69220ms] [ERROR] Failed to load resource: net::ERR_NAME_NOT_RESOLVED @ https://browser-intake-datadoghq.com/api/v2/rum?ddsource=browser&dd-api-key=pub222856fe11852abc3642b1395fac0627&dd-evp-origin-version=7.1.0&dd-evp-origin=browser&dd-request-id=cc18c05a-d336-4b57-a228-2bd591598933&batch_time=1780920364794&_dd.api=fetch:0
[   72229ms] [ERROR] Failed to load resource: net::ERR_NAME_NOT_RESOLVED @ https://browser-intake-datadoghq.com/api/v2/rum?ddsource=browser&dd-api-key=pub222856fe11852abc3642b1395fac0627&dd-evp-origin-version=7.1.0&dd-evp-origin=browser&dd-request-id=f98a09ad-027f-4b3a-ad9d-f95741520eb7&batch_time=1780920367800&_dd.api=fetch:0
[   73072ms] [ERROR] Failed to load resource: net::ERR_NAME_NOT_RESOLVED @ https://browser-intake-datadoghq.com/api/v2/rum?ddsource=browser&dd-api-key=pub222856fe11852abc3642b1395fac0627&dd-evp-origin-version=7.1.0&dd-evp-origin=browser&dd-request-id=94a9520d-a546-46e4-850a-07a72030f646&batch_time=1780920368635&_dd.api=fetch:0
[   76705ms] [WARNING] The resource https://kalshi.com/images/research/mission/Frame.png was preloaded using link preload but not used within a few seconds from the window's load event. Please make sure it has an appropriate `as` value and it is preloaded intentionally. @ https://kalshi.com/markets/kxmlbgame/professional-baseball-game/kxmlbgame-26jun102040chccol:0
[   76705ms] [WARNING] The resource https://kalshi.com/images/research/mission/calibration.png was preloaded using link preload but not used within a few seconds from the window's load event. Please make sure it has an appropriate `as` value and it is preloaded intentionally. @ https://kalshi.com/markets/kxmlbgame/professional-baseball-game/kxmlbgame-26jun102040chccol:0
[   76705ms] [WARNING] The resource https://kalshi.com/images/research/mission/prediction-accuracy.png was preloaded using link preload but not used within a few seconds from the window's load event. Please make sure it has an appropriate `as` value and it is preloaded intentionally. @ https://kalshi.com/markets/kxmlbgame/professional-baseball-game/kxmlbgame-26jun102040chccol:0
[   76705ms] [WARNING] The resource https://kalshi.com/images/research/mission/real-world-impact.png was preloaded using link preload but not used within a few seconds from the window's load event. Please make sure it has an appropriate `as` value and it is preloaded intentionally. @ https://kalshi.com/markets/kxmlbgame/professional-baseball-game/kxmlbgame-26jun102040chccol:0
[   76705ms] [WARNING] The resource https://kalshi.com/images/research/mission/belief-updating-dynamics.png was preloaded using link preload but not used within a few seconds from the window's load event. Please make sure it has an appropriate `as` value and it is preloaded intentionally. @ https://kalshi.com/markets/kxmlbgame/professional-baseball-game/kxmlbgame-26jun102040chccol:0
[   76705ms] [WARNING] The resource https://kalshi.com/images/research/mission/market-microstructure.png was preloaded using link preload but not used within a few seconds from the window's load event. Please make sure it has an appropriate `as` value and it is preloaded intentionally. @ https://kalshi.com/markets/kxmlbgame/professional-baseball-game/kxmlbgame-26jun102040chccol:0
[   76705ms] [WARNING] The resource https://kalshi.com/images/research/mission/participant-heterogeneity.png was preloaded using link preload but not used within a few seconds from the window's load event. Please make sure it has an appropriate `as` value and it is preloaded intentionally. @ https://kalshi.com/markets/kxmlbgame/professional-baseball-game/kxmlbgame-26jun102040chccol:0
[   79982ms] [WARNING] The resource https://kalshi.com/images/research/mission/Frame.png was preloaded using link preload but not used within a few seconds from the window's load event. Please make sure it has an appropriate `as` value and it is preloaded intentionally. @ https://kalshi.com/markets/kxmlbgame/professional-baseball-game/kxmlbgame-26jun102040chccol:0
[   79982ms] [WARNING] The resource https://kalshi.com/images/research/mission/calibration.png was preloaded using link preload but not used within a few seconds from the window's load event. Please make sure it has an appropriate `as` value and it is preloaded intentionally. @ https://kalshi.com/markets/kxmlbgame/professional-baseball-game/kxmlbgame-26jun102040chccol:0
[   79982ms] [WARNING] The resource https://kalshi.com/images/research/mission/prediction-accuracy.png was preloaded using link preload but not used within a few seconds from the window's load event. Please make sure it has an appropriate `as` value and it is preloaded intentionally. @ https://kalshi.com/markets/kxmlbgame/professional-baseball-game/kxmlbgame-26jun102040chccol:0
[   79982ms] [WARNING] The resource https://kalshi.com/images/research/mission/real-world-impact.png was preloaded using link preload but not used within a few seconds from the window's load event. Please make sure it has an appropriate `as` value and it is preloaded intentionally. @ https://kalshi.com/markets/kxmlbgame/professional-baseball-game/kxmlbgame-26jun102040chccol:0
[   79982ms] [WARNING] The resource https://kalshi.com/images/research/mission/belief-updating-dynamics.png was preloaded using link preload but not used within a few seconds from the window's load event. Please make sure it has an appropriate `as` value and it is preloaded intentionally. @ https://kalshi.com/markets/kxmlbgame/professional-baseball-game/kxmlbgame-26jun102040chccol:0
[   79982ms] [WARNING] The resource https://kalshi.com/images/research/mission/market-microstructure.png was preloaded using link preload but not used within a few seconds from the window's load event. Please make sure it has an appropriate `as` value and it is preloaded intentionally. @ https://kalshi.com/markets/kxmlbgame/professional-baseball-game/kxmlbgame-26jun102040chccol:0
[   79982ms] [WARNING] The resource https://kalshi.com/images/research/mission/participant-heterogeneity.png was preloaded using link preload but not used within a few seconds from the window's load event. Please make sure it has an appropriate `as` value and it is preloaded intentionally. @ https://kalshi.com/markets/kxmlbgame/professional-baseball-game/kxmlbgame-26jun102040chccol:0
[   80974ms] [ERROR] Failed to load resource: net::ERR_NAME_NOT_RESOLVED @ https://browser-intake-datadoghq.com/api/v2/rum?ddsource=browser&dd-api-key=pub222856fe11852abc3642b1395fac0627&dd-evp-origin-version=7.1.0&dd-evp-origin=browser&dd-request-id=80bf80fe-7f8f-49f6-8a67-23cf3d204b35&batch_time=1780920376538&_dd.api=fetch:0
[   81095ms] [ERROR] Failed to load resource: the server responded with a status of 429 () @ https://api.elections.kalshi.com/v1/series/KXMLBGAME/events/KXMLBGAME-26JUN102040CHCCOL?with_markdown=true:0
[   81153ms] [LOG] Transport layer info: You are making requests too frequently @ https://kalshi.com/_next/static/chunks/0q~3w5mbasf3y.js?dpl=dpl_8DZC32fyfJrhwVcY7PUjK6qhB1QX:3
[   85048ms] [ERROR] Failed to load resource: net::ERR_NAME_NOT_RESOLVED @ https://browser-intake-datadoghq.com/api/v2/rum?ddsource=browser&dd-api-key=pub222856fe11852abc3642b1395fac0627&dd-evp-origin-version=7.1.0&dd-evp-origin=browser&dd-request-id=78371e88-ab79-4f97-ab2d-76b7a3684c1a&batch_time=1780920380623&_dd.api=fetch:0
[   88056ms] [WARNING] The resource https://kalshi.com/images/research/mission/Frame.png was preloaded using link preload but not used within a few seconds from the window's load event. Please make sure it has an appropriate `as` value and it is preloaded intentionally. @ https://kalshi.com/markets/kxmlbgame/professional-baseball-game/kxmlbgame-26jun102040chccol:0
[   88056ms] [WARNING] The resource https://kalshi.com/images/research/mission/calibration.png was preloaded using link preload but not used within a few seconds from the window's load event. Please make sure it has an appropriate `as` value and it is preloaded intentionally. @ https://kalshi.com/markets/kxmlbgame/professional-baseball-game/kxmlbgame-26jun102040chccol:0
[   88056ms] [WARNING] The resource https://kalshi.com/images/research/mission/prediction-accuracy.png was preloaded using link preload but not used within a few seconds from the window's load event. Please make sure it has an appropriate `as` value and it is preloaded intentionally. @ https://kalshi.com/markets/kxmlbgame/professional-baseball-game/kxmlbgame-26jun102040chccol:0
[   88056ms] [WARNING] The resource https://kalshi.com/images/research/mission/real-world-impact.png was preloaded using link preload but not used within a few seconds from the window's load event. Please make sure it has an appropriate `as` value and it is preloaded intentionally. @ https://kalshi.com/markets/kxmlbgame/professional-baseball-game/kxmlbgame-26jun102040chccol:0
[   88056ms] [WARNING] The resource https://kalshi.com/images/research/mission/belief-updating-dynamics.png was preloaded using link preload but not used within a few seconds from the window's load event. Please make sure it has an appropriate `as` value and it is preloaded intentionally. @ https://kalshi.com/markets/kxmlbgame/professional-baseball-game/kxmlbgame-26jun102040chccol:0
[   88056ms] [WARNING] The resource https://kalshi.com/images/research/mission/market-microstructure.png was preloaded using link preload but not used within a few seconds from the window's load event. Please make sure it has an appropriate `as` value and it is preloaded intentionally. @ https://kalshi.com/markets/kxmlbgame/professional-baseball-game/kxmlbgame-26jun102040chccol:0
[   88056ms] [WARNING] The resource https://kalshi.com/images/research/mission/participant-heterogeneity.png was preloaded using link preload but not used within a few seconds from the window's load event. Please make sure it has an appropriate `as` value and it is preloaded intentionally. @ https://kalshi.com/markets/kxmlbgame/professional-baseball-game/kxmlbgame-26jun102040chccol:0
[   91945ms] [WARNING] The resource https://kalshi.com/images/research/mission/Frame.png was preloaded using link preload but not used within a few seconds from the window's load event. Please make sure it has an appropriate `as` value and it is preloaded intentionally. @ https://kalshi.com/markets/kxmlbgame/professional-baseball-game/kxmlbgame-26jun102040chccol:0
[   91945ms] [WARNING] The resource https://kalshi.com/images/research/mission/calibration.png was preloaded using link preload but not used within a few seconds from the window's load event. Please make sure it has an appropriate `as` value and it is preloaded intentionally. @ https://kalshi.com/markets/kxmlbgame/professional-baseball-game/kxmlbgame-26jun102040chccol:0
[   91945ms] [WARNING] The resource https://kalshi.com/images/research/mission/prediction-accuracy.png was preloaded using link preload but not used within a few seconds from the window's load event. Please make sure it has an appropriate `as` value and it is preloaded intentionally. @ https://kalshi.com/markets/kxmlbgame/professional-baseball-game/kxmlbgame-26jun102040chccol:0
[   91945ms] [WARNING] The resource https://kalshi.com/images/research/mission/real-world-impact.png was preloaded using link preload but not used within a few seconds from the window's load event. Please make sure it has an appropriate `as` value and it is preloaded intentionally. @ https://kalshi.com/markets/kxmlbgame/professional-baseball-game/kxmlbgame-26jun102040chccol:0
[   91945ms] [WARNING] The resource https://kalshi.com/images/research/mission/belief-updating-dynamics.png was preloaded using link preload but not used within a few seconds from the window's load event. Please make sure it has an appropriate `as` value and it is preloaded intentionally. @ https://kalshi.com/markets/kxmlbgame/professional-baseball-game/kxmlbgame-26jun102040chccol:0
[   91945ms] [WARNING] The resource https://kalshi.com/images/research/mission/market-microstructure.png was preloaded using link preload but not used within a few seconds from the window's load event. Please make sure it has an appropriate `as` value and it is preloaded intentionally. @ https://kalshi.com/markets/kxmlbgame/professional-baseball-game/kxmlbgame-26jun102040chccol:0
[   91945ms] [WARNING] The resource https://kalshi.com/images/research/mission/participant-heterogeneity.png was preloaded using link preload but not used within a few seconds from the window's load event. Please make sure it has an appropriate `as` value and it is preloaded intentionally. @ https://kalshi.com/markets/kxmlbgame/professional-baseball-game/kxmlbgame-26jun102040chccol:0
[   93011ms] [ERROR] Failed to load resource: net::ERR_NAME_NOT_RESOLVED @ https://browser-intake-datadoghq.com/api/v2/rum?ddsource=browser&dd-api-key=pub222856fe11852abc3642b1395fac0627&dd-evp-origin-version=7.1.0&dd-evp-origin=browser&dd-request-id=d425acaf-98dd-4c25-9530-6802381eb045&batch_time=1780920388573&_dd.api=fetch:0
[   96228ms] [WARNING] The resource https://kalshi.com/images/research/mission/Frame.png was preloaded using link preload but not used within a few seconds from the window's load event. Please make sure it has an appropriate `as` value and it is preloaded intentionally. @ https://kalshi.com/markets/kxmlbgame/professional-baseball-game/kxmlbgame-26jun102040chccol:0
[   96228ms] [WARNING] The resource https://kalshi.com/images/research/mission/calibration.png was preloaded using link preload but not used within a few seconds from the window's load event. Please make sure it has an appropriate `as` value and it is preloaded intentionally. @ https://kalshi.com/markets/kxmlbgame/professional-baseball-game/kxmlbgame-26jun102040chccol:0
[   96228ms] [WARNING] The resource https://kalshi.com/images/research/mission/prediction-accuracy.png was preloaded using link preload but not used within a few seconds from the window's load event. Please make sure it has an appropriate `as` value and it is preloaded intentionally. @ https://kalshi.com/markets/kxmlbgame/professional-baseball-game/kxmlbgame-26jun102040chccol:0
[   96228ms] [WARNING] The resource https://kalshi.com/images/research/mission/real-world-impact.png was preloaded using link preload but not used within a few seconds from the window's load event. Please make sure it has an appropriate `as` value and it is preloaded intentionally. @ https://kalshi.com/markets/kxmlbgame/professional-baseball-game/kxmlbgame-26jun102040chccol:0
[   96228ms] [WARNING] The resource https://kalshi.com/images/research/mission/belief-updating-dynamics.png was preloaded using link preload but not used within a few seconds from the window's load event. Please make sure it has an appropriate `as` value and it is preloaded intentionally. @ https://kalshi.com/markets/kxmlbgame/professional-baseball-game/kxmlbgame-26jun102040chccol:0
[   96228ms] [WARNING] The resource https://kalshi.com/images/research/mission/market-microstructure.png was preloaded using link preload but not used within a few seconds from the window's load event. Please make sure it has an appropriate `as` value and it is preloaded intentionally. @ https://kalshi.com/markets/kxmlbgame/professional-baseball-game/kxmlbgame-26jun102040chccol:0
[   96228ms] [WARNING] The resource https://kalshi.com/images/research/mission/participant-heterogeneity.png was preloaded using link preload but not used within a few seconds from the window's load event. Please make sure it has an appropriate `as` value and it is preloaded intentionally. @ https://kalshi.com/markets/kxmlbgame/professional-baseball-game/kxmlbgame-26jun102040chccol:0
[  100138ms] [WARNING] The resource https://kalshi.com/images/research/mission/Frame.png was preloaded using link preload but not used within a few seconds from the window's load event. Please make sure it has an appropriate `as` value and it is preloaded intentionally. @ https://kalshi.com/markets/kxmlbgame/professional-baseball-game/kxmlbgame-26jun102040chccol:0
[  100139ms] [WARNING] The resource https://kalshi.com/images/research/mission/calibration.png was preloaded using link preload but not used within a few seconds from the window's load event. Please make sure it has an appropriate `as` value and it is preloaded intentionally. @ https://kalshi.com/markets/kxmlbgame/professional-baseball-game/kxmlbgame-26jun102040chccol:0
[  100139ms] [WARNING] The resource https://kalshi.com/images/research/mission/prediction-accuracy.png was preloaded using link preload but not used within a few seconds from the window's load event. Please make sure it has an appropriate `as` value and it is preloaded intentionally. @ https://kalshi.com/markets/kxmlbgame/professional-baseball-game/kxmlbgame-26jun102040chccol:0
[  100139ms] [WARNING] The resource https://kalshi.com/images/research/mission/real-world-impact.png was preloaded using link preload but not used within a few seconds from the window's load event. Please make sure it has an appropriate `as` value and it is preloaded intentionally. @ https://kalshi.com/markets/kxmlbgame/professional-baseball-game/kxmlbgame-26jun102040chccol:0
[  100139ms] [WARNING] The resource https://kalshi.com/images/research/mission/belief-updating-dynamics.png was preloaded using link preload but not used within a few seconds from the window's load event. Please make sure it has an appropriate `as` value and it is preloaded intentionally. @ https://kalshi.com/markets/kxmlbgame/professional-baseball-game/kxmlbgame-26jun102040chccol:0
[  100139ms] [WARNING] The resource https://kalshi.com/images/research/mission/market-microstructure.png was preloaded using link preload but not used within a few seconds from the window's load event. Please make sure it has an appropriate `as` value and it is preloaded intentionally. @ https://kalshi.com/markets/kxmlbgame/professional-baseball-game/kxmlbgame-26jun102040chccol:0
[  100139ms] [WARNING] The resource https://kalshi.com/images/research/mission/participant-heterogeneity.png was preloaded using link preload but not used within a few seconds from the window's load event. Please make sure it has an appropriate `as` value and it is preloaded intentionally. @ https://kalshi.com/markets/kxmlbgame/professional-baseball-game/kxmlbgame-26jun102040chccol:0
[  100645ms] [ERROR] Failed to load resource: net::ERR_NAME_NOT_RESOLVED @ https://browser-intake-datadoghq.com/api/v2/rum?ddsource=browser&dd-api-key=pub222856fe11852abc3642b1395fac0627&dd-evp-origin-version=7.1.0&dd-evp-origin=browser&dd-request-id=ce431a05-05d4-4161-965a-e4c2014d6707&batch_time=1780920396205&_dd.api=fetch:0
[  103645ms] [ERROR] Failed to load resource: net::ERR_NAME_NOT_RESOLVED @ https://browser-intake-datadoghq.com/api/v2/rum?ddsource=browser&dd-api-key=pub222856fe11852abc3642b1395fac0627&dd-evp-origin-version=7.1.0&dd-evp-origin=browser&dd-request-id=e9d74fa9-fd97-4a5e-9b67-e08c5df8fd9d&batch_time=1780920399214&_dd.api=fetch:0
[  104878ms] [ERROR] Failed to load resource: the server responded with a status of 429 () @ https://api.elections.kalshi.com/v1/series/KXMLBGAME/events/KXMLBGAME-26JUN102040CHCCOL?with_markdown=true:0
[  104945ms] [LOG] Transport layer info: You are making requests too frequently @ https://kalshi.com/_next/static/chunks/0q~3w5mbasf3y.js?dpl=dpl_8DZC32fyfJrhwVcY7PUjK6qhB1QX:3
[  107957ms] [WARNING] The resource https://kalshi.com/images/research/mission/Frame.png was preloaded using link preload but not used within a few seconds from the window's load event. Please make sure it has an appropriate `as` value and it is preloaded intentionally. @ https://kalshi.com/markets/kxmlbgame/professional-baseball-game/kxmlbgame-26jun102040chccol:0
[  107957ms] [WARNING] The resource https://kalshi.com/images/research/mission/calibration.png was preloaded using link preload but not used within a few seconds from the window's load event. Please make sure it has an appropriate `as` value and it is preloaded intentionally. @ https://kalshi.com/markets/kxmlbgame/professional-baseball-game/kxmlbgame-26jun102040chccol:0
[  107957ms] [WARNING] The resource https://kalshi.com/images/research/mission/prediction-accuracy.png was preloaded using link preload but not used within a few seconds from the window's load event. Please make sure it has an appropriate `as` value and it is preloaded intentionally. @ https://kalshi.com/markets/kxmlbgame/professional-baseball-game/kxmlbgame-26jun102040chccol:0
[  107957ms] [WARNING] The resource https://kalshi.com/images/research/mission/real-world-impact.png was preloaded using link preload but not used within a few seconds from the window's load event. Please make sure it has an appropriate `as` value and it is preloaded intentionally. @ https://kalshi.com/markets/kxmlbgame/professional-baseball-game/kxmlbgame-26jun102040chccol:0
[  107957ms] [WARNING] The resource https://kalshi.com/images/research/mission/belief-updating-dynamics.png was preloaded using link preload but not used within a few seconds from the window's load event. Please make sure it has an appropriate `as` value and it is preloaded intentionally. @ https://kalshi.com/markets/kxmlbgame/professional-baseball-game/kxmlbgame-26jun102040chccol:0
[  107957ms] [WARNING] The resource https://kalshi.com/images/research/mission/market-microstructure.png was preloaded using link preload but not used within a few seconds from the window's load event. Please make sure it has an appropriate `as` value and it is preloaded intentionally. @ https://kalshi.com/markets/kxmlbgame/professional-baseball-game/kxmlbgame-26jun102040chccol:0
[  107957ms] [WARNING] The resource https://kalshi.com/images/research/mission/participant-heterogeneity.png was preloaded using link preload but not used within a few seconds from the window's load event. Please make sure it has an appropriate `as` value and it is preloaded intentionally. @ https://kalshi.com/markets/kxmlbgame/professional-baseball-game/kxmlbgame-26jun102040chccol:0
[  112163ms] [WARNING] The resource https://kalshi.com/images/research/mission/Frame.png was preloaded using link preload but not used within a few seconds from the window's load event. Please make sure it has an appropriate `as` value and it is preloaded intentionally. @ https://kalshi.com/markets/kxmlbgame/professional-baseball-game/kxmlbgame-26jun102040chccol:0
[  112163ms] [WARNING] The resource https://kalshi.com/images/research/mission/calibration.png was preloaded using link preload but not used within a few seconds from the window's load event. Please make sure it has an appropriate `as` value and it is preloaded intentionally. @ https://kalshi.com/markets/kxmlbgame/professional-baseball-game/kxmlbgame-26jun102040chccol:0
[  112163ms] [WARNING] The resource https://kalshi.com/images/research/mission/prediction-accuracy.png was preloaded using link preload but not used within a few seconds from the window's load event. Please make sure it has an appropriate `as` value and it is preloaded intentionally. @ https://kalshi.com/markets/kxmlbgame/professional-baseball-game/kxmlbgame-26jun102040chccol:0
[  112163ms] [WARNING] The resource https://kalshi.com/images/research/mission/real-world-impact.png was preloaded using link preload but not used within a few seconds from the window's load event. Please make sure it has an appropriate `as` value and it is preloaded intentionally. @ https://kalshi.com/markets/kxmlbgame/professional-baseball-game/kxmlbgame-26jun102040chccol:0
[  112163ms] [WARNING] The resource https://kalshi.com/images/research/mission/belief-updating-dynamics.png was preloaded using link preload but not used within a few seconds from the window's load event. Please make sure it has an appropriate `as` value and it is preloaded intentionally. @ https://kalshi.com/markets/kxmlbgame/professional-baseball-game/kxmlbgame-26jun102040chccol:0
[  112163ms] [WARNING] The resource https://kalshi.com/images/research/mission/market-microstructure.png was preloaded using link preload but not used within a few seconds from the window's load event. Please make sure it has an appropriate `as` value and it is preloaded intentionally. @ https://kalshi.com/markets/kxmlbgame/professional-baseball-game/kxmlbgame-26jun102040chccol:0
[  112163ms] [WARNING] The resource https://kalshi.com/images/research/mission/participant-heterogeneity.png was preloaded using link preload but not used within a few seconds from the window's load event. Please make sure it has an appropriate `as` value and it is preloaded intentionally. @ https://kalshi.com/markets/kxmlbgame/professional-baseball-game/kxmlbgame-26jun102040chccol:0
[  112987ms] [ERROR] Failed to load resource: net::ERR_NAME_NOT_RESOLVED @ https://browser-intake-datadoghq.com/api/v2/rum?ddsource=browser&dd-api-key=pub222856fe11852abc3642b1395fac0627&dd-evp-origin-version=7.1.0&dd-evp-origin=browser&dd-request-id=3400ef4c-ede0-407c-8862-f69d73f2d301&batch_time=1780920408539&_dd.api=fetch:0
[  116190ms] [WARNING] The resource https://kalshi.com/images/research/mission/Frame.png was preloaded using link preload but not used within a few seconds from the window's load event. Please make sure it has an appropriate `as` value and it is preloaded intentionally. @ https://kalshi.com/markets/kxmlbgame/professional-baseball-game/kxmlbgame-26jun102040chccol:0
[  116190ms] [WARNING] The resource https://kalshi.com/images/research/mission/calibration.png was preloaded using link preload but not used within a few seconds from the window's load event. Please make sure it has an appropriate `as` value and it is preloaded intentionally. @ https://kalshi.com/markets/kxmlbgame/professional-baseball-game/kxmlbgame-26jun102040chccol:0
[  116190ms] [WARNING] The resource https://kalshi.com/images/research/mission/prediction-accuracy.png was preloaded using link preload but not used within a few seconds from the window's load event. Please make sure it has an appropriate `as` value and it is preloaded intentionally. @ https://kalshi.com/markets/kxmlbgame/professional-baseball-game/kxmlbgame-26jun102040chccol:0
[  116190ms] [WARNING] The resource https://kalshi.com/images/research/mission/real-world-impact.png was preloaded using link preload but not used within a few seconds from the window's load event. Please make sure it has an appropriate `as` value and it is preloaded intentionally. @ https://kalshi.com/markets/kxmlbgame/professional-baseball-game/kxmlbgame-26jun102040chccol:0
[  116190ms] [WARNING] The resource https://kalshi.com/images/research/mission/belief-updating-dynamics.png was preloaded using link preload but not used within a few seconds from the window's load event. Please make sure it has an appropriate `as` value and it is preloaded intentionally. @ https://kalshi.com/markets/kxmlbgame/professional-baseball-game/kxmlbgame-26jun102040chccol:0
[  116190ms] [WARNING] The resource https://kalshi.com/images/research/mission/market-microstructure.png was preloaded using link preload but not used within a few seconds from the window's load event. Please make sure it has an appropriate `as` value and it is preloaded intentionally. @ https://kalshi.com/markets/kxmlbgame/professional-baseball-game/kxmlbgame-26jun102040chccol:0
[  116190ms] [WARNING] The resource https://kalshi.com/images/research/mission/participant-heterogeneity.png was preloaded using link preload but not used within a few seconds from the window's load event. Please make sure it has an appropriate `as` value and it is preloaded intentionally. @ https://kalshi.com/markets/kxmlbgame/professional-baseball-game/kxmlbgame-26jun102040chccol:0
[  116999ms] [ERROR] Failed to load resource: net::ERR_NAME_NOT_RESOLVED @ https://browser-intake-datadoghq.com/api/v2/rum?ddsource=browser&dd-api-key=pub222856fe11852abc3642b1395fac0627&dd-evp-origin-version=7.1.0&dd-evp-origin=browser&dd-request-id=cc3b5a94-19c1-497b-82e5-fa8eb948eea6&batch_time=1780920412573&_dd.api=fetch:0
[  120002ms] [WARNING] The resource https://kalshi.com/images/research/mission/Frame.png was preloaded using link preload but not used within a few seconds from the window's load event. Please make sure it has an appropriate `as` value and it is preloaded intentionally. @ https://kalshi.com/markets/kxmlbgame/professional-baseball-game/kxmlbgame-26jun102040chccol:0
[  120002ms] [WARNING] The resource https://kalshi.com/images/research/mission/calibration.png was preloaded using link preload but not used within a few seconds from the window's load event. Please make sure it has an appropriate `as` value and it is preloaded intentionally. @ https://kalshi.com/markets/kxmlbgame/professional-baseball-game/kxmlbgame-26jun102040chccol:0
[  120002ms] [WARNING] The resource https://kalshi.com/images/research/mission/prediction-accuracy.png was preloaded using link preload but not used within a few seconds from the window's load event. Please make sure it has an appropriate `as` value and it is preloaded intentionally. @ https://kalshi.com/markets/kxmlbgame/professional-baseball-game/kxmlbgame-26jun102040chccol:0
[  120002ms] [WARNING] The resource https://kalshi.com/images/research/mission/real-world-impact.png was preloaded using link preload but not used within a few seconds from the window's load event. Please make sure it has an appropriate `as` value and it is preloaded intentionally. @ https://kalshi.com/markets/kxmlbgame/professional-baseball-game/kxmlbgame-26jun102040chccol:0
[  120002ms] [WARNING] The resource https://kalshi.com/images/research/mission/belief-updating-dynamics.png was preloaded using link preload but not used within a few seconds from the window's load event. Please make sure it has an appropriate `as` value and it is preloaded intentionally. @ https://kalshi.com/markets/kxmlbgame/professional-baseball-game/kxmlbgame-26jun102040chccol:0
[  120002ms] [WARNING] The resource https://kalshi.com/images/research/mission/market-microstructure.png was preloaded using link preload but not used within a few seconds from the window's load event. Please make sure it has an appropriate `as` value and it is preloaded intentionally. @ https://kalshi.com/markets/kxmlbgame/professional-baseball-game/kxmlbgame-26jun102040chccol:0
[  120002ms] [WARNING] The resource https://kalshi.com/images/research/mission/participant-heterogeneity.png was preloaded using link preload but not used within a few seconds from the window's load event. Please make sure it has an appropriate `as` value and it is preloaded intentionally. @ https://kalshi.com/markets/kxmlbgame/professional-baseball-game/kxmlbgame-26jun102040chccol:0
[  122965ms] [ERROR] Failed to load resource: net::ERR_NAME_NOT_RESOLVED @ https://browser-intake-datadoghq.com/api/v2/rum?ddsource=browser&dd-api-key=pub222856fe11852abc3642b1395fac0627&dd-evp-origin-version=7.1.0&dd-evp-origin=browser&dd-request-id=1cdcf805-ee17-4494-b312-dfa8b66c9067&batch_time=1780920418540&_dd.api=fetch:0
[  127982ms] [WARNING] The resource https://kalshi.com/images/research/mission/Frame.png was preloaded using link preload but not used within a few seconds from the window's load event. Please make sure it has an appropriate `as` value and it is preloaded intentionally. @ https://kalshi.com/markets/kxmlbgame/professional-baseball-game/kxmlbgame-26jun102040chccol:0
[  127982ms] [WARNING] The resource https://kalshi.com/images/research/mission/calibration.png was preloaded using link preload but not used within a few seconds from the window's load event. Please make sure it has an appropriate `as` value and it is preloaded intentionally. @ https://kalshi.com/markets/kxmlbgame/professional-baseball-game/kxmlbgame-26jun102040chccol:0
[  127982ms] [WARNING] The resource https://kalshi.com/images/research/mission/prediction-accuracy.png was preloaded using link preload but not used within a few seconds from the window's load event. Please make sure it has an appropriate `as` value and it is preloaded intentionally. @ https://kalshi.com/markets/kxmlbgame/professional-baseball-game/kxmlbgame-26jun102040chccol:0
[  127982ms] [WARNING] The resource https://kalshi.com/images/research/mission/real-world-impact.png was preloaded using link preload but not used within a few seconds from the window's load event. Please make sure it has an appropriate `as` value and it is preloaded intentionally. @ https://kalshi.com/markets/kxmlbgame/professional-baseball-game/kxmlbgame-26jun102040chccol:0
[  127982ms] [WARNING] The resource https://kalshi.com/images/research/mission/belief-updating-dynamics.png was preloaded using link preload but not used within a few seconds from the window's load event. Please make sure it has an appropriate `as` value and it is preloaded intentionally. @ https://kalshi.com/markets/kxmlbgame/professional-baseball-game/kxmlbgame-26jun102040chccol:0
[  127982ms] [WARNING] The resource https://kalshi.com/images/research/mission/market-microstructure.png was preloaded using link preload but not used within a few seconds from the window's load event. Please make sure it has an appropriate `as` value and it is preloaded intentionally. @ https://kalshi.com/markets/kxmlbgame/professional-baseball-game/kxmlbgame-26jun102040chccol:0
[  127982ms] [WARNING] The resource https://kalshi.com/images/research/mission/participant-heterogeneity.png was preloaded using link preload but not used within a few seconds from the window's load event. Please make sure it has an appropriate `as` value and it is preloaded intentionally. @ https://kalshi.com/markets/kxmlbgame/professional-baseball-game/kxmlbgame-26jun102040chccol:0
[  129240ms] [ERROR] Failed to load resource: net::ERR_NAME_NOT_RESOLVED @ https://browser-intake-datadoghq.com/api/v2/rum?ddsource=browser&dd-api-key=pub222856fe11852abc3642b1395fac0627&dd-evp-origin-version=7.1.0&dd-evp-origin=browser&dd-request-id=dc97e38a-a56e-402e-8792-d83d5825576f&batch_time=1780920424814&_dd.api=fetch:0
[  133329ms] [ERROR] Failed to load resource: net::ERR_NAME_NOT_RESOLVED @ https://browser-intake-datadoghq.com/api/v2/rum?ddsource=browser&dd-api-key=pub222856fe11852abc3642b1395fac0627&dd-evp-origin-version=7.1.0&dd-evp-origin=browser&dd-request-id=81018f2b-2a63-46aa-9c64-042ceed4e68a&batch_time=1780920428889&_dd.api=fetch:0
[  136675ms] [WARNING] The resource https://kalshi.com/images/research/mission/Frame.png was preloaded using link preload but not used within a few seconds from the window's load event. Please make sure it has an appropriate `as` value and it is preloaded intentionally. @ https://kalshi.com/markets/kxmlbgame/professional-baseball-game/kxmlbgame-26jun102040chccol:0
[  136675ms] [WARNING] The resource https://kalshi.com/images/research/mission/calibration.png was preloaded using link preload but not used within a few seconds from the window's load event. Please make sure it has an appropriate `as` value and it is preloaded intentionally. @ https://kalshi.com/markets/kxmlbgame/professional-baseball-game/kxmlbgame-26jun102040chccol:0
[  136675ms] [WARNING] The resource https://kalshi.com/images/research/mission/prediction-accuracy.png was preloaded using link preload but not used within a few seconds from the window's load event. Please make sure it has an appropriate `as` value and it is preloaded intentionally. @ https://kalshi.com/markets/kxmlbgame/professional-baseball-game/kxmlbgame-26jun102040chccol:0
[  136675ms] [WARNING] The resource https://kalshi.com/images/research/mission/real-world-impact.png was preloaded using link preload but not used within a few seconds from the window's load event. Please make sure it has an appropriate `as` value and it is preloaded intentionally. @ https://kalshi.com/markets/kxmlbgame/professional-baseball-game/kxmlbgame-26jun102040chccol:0
[  136675ms] [WARNING] The resource https://kalshi.com/images/research/mission/belief-updating-dynamics.png was preloaded using link preload but not used within a few seconds from the window's load event. Please make sure it has an appropriate `as` value and it is preloaded intentionally. @ https://kalshi.com/markets/kxmlbgame/professional-baseball-game/kxmlbgame-26jun102040chccol:0
[  136675ms] [WARNING] The resource https://kalshi.com/images/research/mission/market-microstructure.png was preloaded using link preload but not used within a few seconds from the window's load event. Please make sure it has an appropriate `as` value and it is preloaded intentionally. @ https://kalshi.com/markets/kxmlbgame/professional-baseball-game/kxmlbgame-26jun102040chccol:0
[  136675ms] [WARNING] The resource https://kalshi.com/images/research/mission/participant-heterogeneity.png was preloaded using link preload but not used within a few seconds from the window's load event. Please make sure it has an appropriate `as` value and it is preloaded intentionally. @ https://kalshi.com/markets/kxmlbgame/professional-baseball-game/kxmlbgame-26jun102040chccol:0
[  140196ms] [WARNING] The resource https://kalshi.com/images/research/mission/Frame.png was preloaded using link preload but not used within a few seconds from the window's load event. Please make sure it has an appropriate `as` value and it is preloaded intentionally. @ https://kalshi.com/markets/kxmlbgame/professional-baseball-game/kxmlbgame-26jun102040chccol:0
[  140196ms] [WARNING] The resource https://kalshi.com/images/research/mission/calibration.png was preloaded using link preload but not used within a few seconds from the window's load event. Please make sure it has an appropriate `as` value and it is preloaded intentionally. @ https://kalshi.com/markets/kxmlbgame/professional-baseball-game/kxmlbgame-26jun102040chccol:0
[  140196ms] [WARNING] The resource https://kalshi.com/images/research/mission/prediction-accuracy.png was preloaded using link preload but not used within a few seconds from the window's load event. Please make sure it has an appropriate `as` value and it is preloaded intentionally. @ https://kalshi.com/markets/kxmlbgame/professional-baseball-game/kxmlbgame-26jun102040chccol:0
[  140197ms] [WARNING] The resource https://kalshi.com/images/research/mission/real-world-impact.png was preloaded using link preload but not used within a few seconds from the window's load event. Please make sure it has an appropriate `as` value and it is preloaded intentionally. @ https://kalshi.com/markets/kxmlbgame/professional-baseball-game/kxmlbgame-26jun102040chccol:0
[  140197ms] [WARNING] The resource https://kalshi.com/images/research/mission/belief-updating-dynamics.png was preloaded using link preload but not used within a few seconds from the window's load event. Please make sure it has an appropriate `as` value and it is preloaded intentionally. @ https://kalshi.com/markets/kxmlbgame/professional-baseball-game/kxmlbgame-26jun102040chccol:0
[  140197ms] [WARNING] The resource https://kalshi.com/images/research/mission/market-microstructure.png was preloaded using link preload but not used within a few seconds from the window's load event. Please make sure it has an appropriate `as` value and it is preloaded intentionally. @ https://kalshi.com/markets/kxmlbgame/professional-baseball-game/kxmlbgame-26jun102040chccol:0
[  140197ms] [WARNING] The resource https://kalshi.com/images/research/mission/participant-heterogeneity.png was preloaded using link preload but not used within a few seconds from the window's load event. Please make sure it has an appropriate `as` value and it is preloaded intentionally. @ https://kalshi.com/markets/kxmlbgame/professional-baseball-game/kxmlbgame-26jun102040chccol:0
[  141016ms] [ERROR] Failed to load resource: net::ERR_NAME_NOT_RESOLVED @ https://browser-intake-datadoghq.com/api/v2/rum?ddsource=browser&dd-api-key=pub222856fe11852abc3642b1395fac0627&dd-evp-origin-version=7.1.0&dd-evp-origin=browser&dd-request-id=656b8ca5-7cd0-4d3a-88c8-c613c5038a70&batch_time=1780920436591&_dd.api=fetch:0
[  144946ms] [ERROR] Failed to load resource: net::ERR_NAME_NOT_RESOLVED @ https://browser-intake-datadoghq.com/api/v2/rum?ddsource=browser&dd-api-key=pub222856fe11852abc3642b1395fac0627&dd-evp-origin-version=7.1.0&dd-evp-origin=browser&dd-request-id=84f6a186-62a8-4830-adcb-65be17a43494&batch_time=1780920440509&_dd.api=fetch:0
[  147963ms] [WARNING] The resource https://kalshi.com/images/research/mission/Frame.png was preloaded using link preload but not used within a few seconds from the window's load event. Please make sure it has an appropriate `as` value and it is preloaded intentionally. @ https://kalshi.com/markets/kxmlbgame/professional-baseball-game/kxmlbgame-26jun102040chccol:0
[  147963ms] [WARNING] The resource https://kalshi.com/images/research/mission/calibration.png was preloaded using link preload but not used within a few seconds from the window's load event. Please make sure it has an appropriate `as` value and it is preloaded intentionally. @ https://kalshi.com/markets/kxmlbgame/professional-baseball-game/kxmlbgame-26jun102040chccol:0
[  147963ms] [WARNING] The resource https://kalshi.com/images/research/mission/prediction-accuracy.png was preloaded using link preload but not used within a few seconds from the window's load event. Please make sure it has an appropriate `as` value and it is preloaded intentionally. @ https://kalshi.com/markets/kxmlbgame/professional-baseball-game/kxmlbgame-26jun102040chccol:0
[  147963ms] [WARNING] The resource https://kalshi.com/images/research/mission/real-world-impact.png was preloaded using link preload but not used within a few seconds from the window's load event. Please make sure it has an appropriate `as` value and it is preloaded intentionally. @ https://kalshi.com/markets/kxmlbgame/professional-baseball-game/kxmlbgame-26jun102040chccol:0
[  147963ms] [WARNING] The resource https://kalshi.com/images/research/mission/belief-updating-dynamics.png was preloaded using link preload but not used within a few seconds from the window's load event. Please make sure it has an appropriate `as` value and it is preloaded intentionally. @ https://kalshi.com/markets/kxmlbgame/professional-baseball-game/kxmlbgame-26jun102040chccol:0
[  147963ms] [WARNING] The resource https://kalshi.com/images/research/mission/market-microstructure.png was preloaded using link preload but not used within a few seconds from the window's load event. Please make sure it has an appropriate `as` value and it is preloaded intentionally. @ https://kalshi.com/markets/kxmlbgame/professional-baseball-game/kxmlbgame-26jun102040chccol:0
[  147963ms] [WARNING] The resource https://kalshi.com/images/research/mission/participant-heterogeneity.png was preloaded using link preload but not used within a few seconds from the window's load event. Please make sure it has an appropriate `as` value and it is preloaded intentionally. @ https://kalshi.com/markets/kxmlbgame/professional-baseball-game/kxmlbgame-26jun102040chccol:0
[  151133ms] [ERROR] Failed to load resource: net::ERR_NAME_NOT_RESOLVED @ https://browser-intake-datadoghq.com/api/v2/rum?ddsource=browser&dd-api-key=pub222856fe11852abc3642b1395fac0627&dd-evp-origin-version=7.1.0&dd-evp-origin=browser&dd-request-id=9de11af7-bc5d-4cd3-9c00-45ae6525a072&batch_time=1780920446690&_dd.api=fetch:0
[  156204ms] [WARNING] The resource https://kalshi.com/images/research/mission/Frame.png was preloaded using link preload but not used within a few seconds from the window's load event. Please make sure it has an appropriate `as` value and it is preloaded intentionally. @ https://kalshi.com/markets/kxmlbgame/professional-baseball-game/kxmlbgame-26jun102040chccol:0
[  156205ms] [WARNING] The resource https://kalshi.com/images/research/mission/calibration.png was preloaded using link preload but not used within a few seconds from the window's load event. Please make sure it has an appropriate `as` value and it is preloaded intentionally. @ https://kalshi.com/markets/kxmlbgame/professional-baseball-game/kxmlbgame-26jun102040chccol:0
[  156205ms] [WARNING] The resource https://kalshi.com/images/research/mission/prediction-accuracy.png was preloaded using link preload but not used within a few seconds from the window's load event. Please make sure it has an appropriate `as` value and it is preloaded intentionally. @ https://kalshi.com/markets/kxmlbgame/professional-baseball-game/kxmlbgame-26jun102040chccol:0
[  156205ms] [WARNING] The resource https://kalshi.com/images/research/mission/real-world-impact.png was preloaded using link preload but not used within a few seconds from the window's load event. Please make sure it has an appropriate `as` value and it is preloaded intentionally. @ https://kalshi.com/markets/kxmlbgame/professional-baseball-game/kxmlbgame-26jun102040chccol:0
[  156205ms] [WARNING] The resource https://kalshi.com/images/research/mission/belief-updating-dynamics.png was preloaded using link preload but not used within a few seconds from the window's load event. Please make sure it has an appropriate `as` value and it is preloaded intentionally. @ https://kalshi.com/markets/kxmlbgame/professional-baseball-game/kxmlbgame-26jun102040chccol:0
[  156205ms] [WARNING] The resource https://kalshi.com/images/research/mission/market-microstructure.png was preloaded using link preload but not used within a few seconds from the window's load event. Please make sure it has an appropriate `as` value and it is preloaded intentionally. @ https://kalshi.com/markets/kxmlbgame/professional-baseball-game/kxmlbgame-26jun102040chccol:0
[  156205ms] [WARNING] The resource https://kalshi.com/images/research/mission/participant-heterogeneity.png was preloaded using link preload but not used within a few seconds from the window's load event. Please make sure it has an appropriate `as` value and it is preloaded intentionally. @ https://kalshi.com/markets/kxmlbgame/professional-baseball-game/kxmlbgame-26jun102040chccol:0
[  157116ms] [ERROR] Failed to load resource: the server responded with a status of 429 () @ https://api.elections.kalshi.com/v1/markets/order_books?market_tickers=KXMLBGAME-26JUN102040CHCCOL-CHC:0
[  157167ms] [LOG] Transport layer info: You are making requests too frequently @ https://kalshi.com/_next/static/chunks/0q~3w5mbasf3y.js?dpl=dpl_8DZC32fyfJrhwVcY7PUjK6qhB1QX:3
[  157184ms] [ERROR] Failed to load resource: net::ERR_NAME_NOT_RESOLVED @ https://browser-intake-datadoghq.com/api/v2/rum?ddsource=browser&dd-api-key=pub222856fe11852abc3642b1395fac0627&dd-evp-origin-version=7.1.0&dd-evp-origin=browser&dd-request-id=0718e2ee-2fef-45b4-adef-daee6ae39669&batch_time=1780920452758&_dd.api=fetch:0
[  160186ms] [WARNING] The resource https://kalshi.com/images/research/mission/Frame.png was preloaded using link preload but not used within a few seconds from the window's load event. Please make sure it has an appropriate `as` value and it is preloaded intentionally. @ https://kalshi.com/markets/kxmlbgame/professional-baseball-game/kxmlbgame-26jun102040chccol:0
[  160186ms] [WARNING] The resource https://kalshi.com/images/research/mission/calibration.png was preloaded using link preload but not used within a few seconds from the window's load event. Please make sure it has an appropriate `as` value and it is preloaded intentionally. @ https://kalshi.com/markets/kxmlbgame/professional-baseball-game/kxmlbgame-26jun102040chccol:0
[  160186ms] [WARNING] The resource https://kalshi.com/images/research/mission/prediction-accuracy.png was preloaded using link preload but not used within a few seconds from the window's load event. Please make sure it has an appropriate `as` value and it is preloaded intentionally. @ https://kalshi.com/markets/kxmlbgame/professional-baseball-game/kxmlbgame-26jun102040chccol:0
[  160186ms] [WARNING] The resource https://kalshi.com/images/research/mission/real-world-impact.png was preloaded using link preload but not used within a few seconds from the window's load event. Please make sure it has an appropriate `as` value and it is preloaded intentionally. @ https://kalshi.com/markets/kxmlbgame/professional-baseball-game/kxmlbgame-26jun102040chccol:0
[  160186ms] [WARNING] The resource https://kalshi.com/images/research/mission/belief-updating-dynamics.png was preloaded using link preload but not used within a few seconds from the window's load event. Please make sure it has an appropriate `as` value and it is preloaded intentionally. @ https://kalshi.com/markets/kxmlbgame/professional-baseball-game/kxmlbgame-26jun102040chccol:0
[  160186ms] [WARNING] The resource https://kalshi.com/images/research/mission/market-microstructure.png was preloaded using link preload but not used within a few seconds from the window's load event. Please make sure it has an appropriate `as` value and it is preloaded intentionally. @ https://kalshi.com/markets/kxmlbgame/professional-baseball-game/kxmlbgame-26jun102040chccol:0
[  160186ms] [WARNING] The resource https://kalshi.com/images/research/mission/participant-heterogeneity.png was preloaded using link preload but not used within a few seconds from the window's load event. Please make sure it has an appropriate `as` value and it is preloaded intentionally. @ https://kalshi.com/markets/kxmlbgame/professional-baseball-game/kxmlbgame-26jun102040chccol:0
[  163017ms] [ERROR] Failed to load resource: net::ERR_NAME_NOT_RESOLVED @ https://browser-intake-datadoghq.com/api/v2/rum?ddsource=browser&dd-api-key=pub222856fe11852abc3642b1395fac0627&dd-evp-origin-version=7.1.0&dd-evp-origin=browser&dd-request-id=b79f2600-7034-4ede-8433-393f15281dfb&batch_time=1780920458591&_dd.api=fetch:0
[  165634ms] [ERROR] Failed to load resource: net::ERR_NAME_NOT_RESOLVED @ https://browser-intake-datadoghq.com/api/v2/rum?ddsource=browser&dd-api-key=pub222856fe11852abc3642b1395fac0627&dd-evp-origin-version=7.1.0&dd-evp-origin=browser&dd-request-id=d12d1d38-536c-4dea-b685-ec3b2dd181ba&batch_time=1780920461207&_dd.api=fetch:0
[  168645ms] [WARNING] The resource https://kalshi.com/images/research/mission/Frame.png was preloaded using link preload but not used within a few seconds from the window's load event. Please make sure it has an appropriate `as` value and it is preloaded intentionally. @ https://kalshi.com/markets/kxmlbgame/professional-baseball-game/kxmlbgame-26jun102040chccol:0
[  168645ms] [WARNING] The resource https://kalshi.com/images/research/mission/calibration.png was preloaded using link preload but not used within a few seconds from the window's load event. Please make sure it has an appropriate `as` value and it is preloaded intentionally. @ https://kalshi.com/markets/kxmlbgame/professional-baseball-game/kxmlbgame-26jun102040chccol:0
[  168645ms] [WARNING] The resource https://kalshi.com/images/research/mission/prediction-accuracy.png was preloaded using link preload but not used within a few seconds from the window's load event. Please make sure it has an appropriate `as` value and it is preloaded intentionally. @ https://kalshi.com/markets/kxmlbgame/professional-baseball-game/kxmlbgame-26jun102040chccol:0
[  168645ms] [WARNING] The resource https://kalshi.com/images/research/mission/real-world-impact.png was preloaded using link preload but not used within a few seconds from the window's load event. Please make sure it has an appropriate `as` value and it is preloaded intentionally. @ https://kalshi.com/markets/kxmlbgame/professional-baseball-game/kxmlbgame-26jun102040chccol:0
[  168645ms] [WARNING] The resource https://kalshi.com/images/research/mission/belief-updating-dynamics.png was preloaded using link preload but not used within a few seconds from the window's load event. Please make sure it has an appropriate `as` value and it is preloaded intentionally. @ https://kalshi.com/markets/kxmlbgame/professional-baseball-game/kxmlbgame-26jun102040chccol:0
[  168645ms] [WARNING] The resource https://kalshi.com/images/research/mission/market-microstructure.png was preloaded using link preload but not used within a few seconds from the window's load event. Please make sure it has an appropriate `as` value and it is preloaded intentionally. @ https://kalshi.com/markets/kxmlbgame/professional-baseball-game/kxmlbgame-26jun102040chccol:0
[  168645ms] [WARNING] The resource https://kalshi.com/images/research/mission/participant-heterogeneity.png was preloaded using link preload but not used within a few seconds from the window's load event. Please make sure it has an appropriate `as` value and it is preloaded intentionally. @ https://kalshi.com/markets/kxmlbgame/professional-baseball-game/kxmlbgame-26jun102040chccol:0
[  171964ms] [WARNING] The resource https://kalshi.com/images/research/mission/Frame.png was preloaded using link preload but not used within a few seconds from the window's load event. Please make sure it has an appropriate `as` value and it is preloaded intentionally. @ https://kalshi.com/markets/kxmlbgame/professional-baseball-game/kxmlbgame-26jun102040chccol:0
[  171964ms] [WARNING] The resource https://kalshi.com/images/research/mission/calibration.png was preloaded using link preload but not used within a few seconds from the window's load event. Please make sure it has an appropriate `as` value and it is preloaded intentionally. @ https://kalshi.com/markets/kxmlbgame/professional-baseball-game/kxmlbgame-26jun102040chccol:0
[  171965ms] [WARNING] The resource https://kalshi.com/images/research/mission/prediction-accuracy.png was preloaded using link preload but not used within a few seconds from the window's load event. Please make sure it has an appropriate `as` value and it is preloaded intentionally. @ https://kalshi.com/markets/kxmlbgame/professional-baseball-game/kxmlbgame-26jun102040chccol:0
[  171965ms] [WARNING] The resource https://kalshi.com/images/research/mission/real-world-impact.png was preloaded using link preload but not used within a few seconds from the window's load event. Please make sure it has an appropriate `as` value and it is preloaded intentionally. @ https://kalshi.com/markets/kxmlbgame/professional-baseball-game/kxmlbgame-26jun102040chccol:0
[  171965ms] [WARNING] The resource https://kalshi.com/images/research/mission/belief-updating-dynamics.png was preloaded using link preload but not used within a few seconds from the window's load event. Please make sure it has an appropriate `as` value and it is preloaded intentionally. @ https://kalshi.com/markets/kxmlbgame/professional-baseball-game/kxmlbgame-26jun102040chccol:0
[  171965ms] [WARNING] The resource https://kalshi.com/images/research/mission/market-microstructure.png was preloaded using link preload but not used within a few seconds from the window's load event. Please make sure it has an appropriate `as` value and it is preloaded intentionally. @ https://kalshi.com/markets/kxmlbgame/professional-baseball-game/kxmlbgame-26jun102040chccol:0
[  171965ms] [WARNING] The resource https://kalshi.com/images/research/mission/participant-heterogeneity.png was preloaded using link preload but not used within a few seconds from the window's load event. Please make sure it has an appropriate `as` value and it is preloaded intentionally. @ https://kalshi.com/markets/kxmlbgame/professional-baseball-game/kxmlbgame-26jun102040chccol:0
[  172968ms] [ERROR] Failed to load resource: net::ERR_NAME_NOT_RESOLVED @ https://browser-intake-datadoghq.com/api/v2/rum?ddsource=browser&dd-api-key=pub222856fe11852abc3642b1395fac0627&dd-evp-origin-version=7.1.0&dd-evp-origin=browser&dd-request-id=72faec41-3733-4d76-8ad3-7e59dfb1e003&batch_time=1780920468543&_dd.api=fetch:0
[  176198ms] [WARNING] The resource https://kalshi.com/images/research/mission/Frame.png was preloaded using link preload but not used within a few seconds from the window's load event. Please make sure it has an appropriate `as` value and it is preloaded intentionally. @ https://kalshi.com/markets/kxmlbgame/professional-baseball-game/kxmlbgame-26jun102040chccol:0
[  176198ms] [WARNING] The resource https://kalshi.com/images/research/mission/calibration.png was preloaded using link preload but not used within a few seconds from the window's load event. Please make sure it has an appropriate `as` value and it is preloaded intentionally. @ https://kalshi.com/markets/kxmlbgame/professional-baseball-game/kxmlbgame-26jun102040chccol:0
[  176198ms] [WARNING] The resource https://kalshi.com/images/research/mission/prediction-accuracy.png was preloaded using link preload but not used within a few seconds from the window's load event. Please make sure it has an appropriate `as` value and it is preloaded intentionally. @ https://kalshi.com/markets/kxmlbgame/professional-baseball-game/kxmlbgame-26jun102040chccol:0
[  176198ms] [WARNING] The resource https://kalshi.com/images/research/mission/real-world-impact.png was preloaded using link preload but not used within a few seconds from the window's load event. Please make sure it has an appropriate `as` value and it is preloaded intentionally. @ https://kalshi.com/markets/kxmlbgame/professional-baseball-game/kxmlbgame-26jun102040chccol:0
[  176198ms] [WARNING] The resource https://kalshi.com/images/research/mission/belief-updating-dynamics.png was preloaded using link preload but not used within a few seconds from the window's load event. Please make sure it has an appropriate `as` value and it is preloaded intentionally. @ https://kalshi.com/markets/kxmlbgame/professional-baseball-game/kxmlbgame-26jun102040chccol:0
[  176198ms] [WARNING] The resource https://kalshi.com/images/research/mission/market-microstructure.png was preloaded using link preload but not used within a few seconds from the window's load event. Please make sure it has an appropriate `as` value and it is preloaded intentionally. @ https://kalshi.com/markets/kxmlbgame/professional-baseball-game/kxmlbgame-26jun102040chccol:0
[  176198ms] [WARNING] The resource https://kalshi.com/images/research/mission/participant-heterogeneity.png was preloaded using link preload but not used within a few seconds from the window's load event. Please make sure it has an appropriate `as` value and it is preloaded intentionally. @ https://kalshi.com/markets/kxmlbgame/professional-baseball-game/kxmlbgame-26jun102040chccol:0
[  177063ms] [ERROR] Failed to load resource: net::ERR_NAME_NOT_RESOLVED @ https://browser-intake-datadoghq.com/api/v2/rum?ddsource=browser&dd-api-key=pub222856fe11852abc3642b1395fac0627&dd-evp-origin-version=7.1.0&dd-evp-origin=browser&dd-request-id=841cabef-8380-4159-8530-4ad027a55b95&batch_time=1780920472625&_dd.api=fetch:0
[  180153ms] [WARNING] The resource https://kalshi.com/images/research/mission/Frame.png was preloaded using link preload but not used within a few seconds from the window's load event. Please make sure it has an appropriate `as` value and it is preloaded intentionally. @ https://kalshi.com/markets/kxmlbgame/professional-baseball-game/kxmlbgame-26jun102040chccol:0
[  180153ms] [WARNING] The resource https://kalshi.com/images/research/mission/calibration.png was preloaded using link preload but not used within a few seconds from the window's load event. Please make sure it has an appropriate `as` value and it is preloaded intentionally. @ https://kalshi.com/markets/kxmlbgame/professional-baseball-game/kxmlbgame-26jun102040chccol:0
[  180153ms] [WARNING] The resource https://kalshi.com/images/research/mission/prediction-accuracy.png was preloaded using link preload but not used within a few seconds from the window's load event. Please make sure it has an appropriate `as` value and it is preloaded intentionally. @ https://kalshi.com/markets/kxmlbgame/professional-baseball-game/kxmlbgame-26jun102040chccol:0
[  180153ms] [WARNING] The resource https://kalshi.com/images/research/mission/real-world-impact.png was preloaded using link preload but not used within a few seconds from the window's load event. Please make sure it has an appropriate `as` value and it is preloaded intentionally. @ https://kalshi.com/markets/kxmlbgame/professional-baseball-game/kxmlbgame-26jun102040chccol:0
[  180153ms] [WARNING] The resource https://kalshi.com/images/research/mission/belief-updating-dynamics.png was preloaded using link preload but not used within a few seconds from the window's load event. Please make sure it has an appropriate `as` value and it is preloaded intentionally. @ https://kalshi.com/markets/kxmlbgame/professional-baseball-game/kxmlbgame-26jun102040chccol:0
[  180153ms] [WARNING] The resource https://kalshi.com/images/research/mission/market-microstructure.png was preloaded using link preload but not used within a few seconds from the window's load event. Please make sure it has an appropriate `as` value and it is preloaded intentionally. @ https://kalshi.com/markets/kxmlbgame/professional-baseball-game/kxmlbgame-26jun102040chccol:0
[  180153ms] [WARNING] The resource https://kalshi.com/images/research/mission/participant-heterogeneity.png was preloaded using link preload but not used within a few seconds from the window's load event. Please make sure it has an appropriate `as` value and it is preloaded intentionally. @ https://kalshi.com/markets/kxmlbgame/professional-baseball-game/kxmlbgame-26jun102040chccol:0
[  183017ms] [ERROR] Failed to load resource: net::ERR_NAME_NOT_RESOLVED @ https://browser-intake-datadoghq.com/api/v2/rum?ddsource=browser&dd-api-key=pub222856fe11852abc3642b1395fac0627&dd-evp-origin-version=7.1.0&dd-evp-origin=browser&dd-request-id=6ae6fa2f-0c5c-4157-8d70-174515099ef5&batch_time=1780920478592&_dd.api=fetch:0
[  187928ms] [WARNING] The resource https://kalshi.com/images/research/mission/Frame.png was preloaded using link preload but not used within a few seconds from the window's load event. Please make sure it has an appropriate `as` value and it is preloaded intentionally. @ https://kalshi.com/markets/kxmlbgame/professional-baseball-game/kxmlbgame-26jun102040chccol:0
[  187929ms] [WARNING] The resource https://kalshi.com/images/research/mission/calibration.png was preloaded using link preload but not used within a few seconds from the window's load event. Please make sure it has an appropriate `as` value and it is preloaded intentionally. @ https://kalshi.com/markets/kxmlbgame/professional-baseball-game/kxmlbgame-26jun102040chccol:0
[  187929ms] [WARNING] The resource https://kalshi.com/images/research/mission/prediction-accuracy.png was preloaded using link preload but not used within a few seconds from the window's load event. Please make sure it has an appropriate `as` value and it is preloaded intentionally. @ https://kalshi.com/markets/kxmlbgame/professional-baseball-game/kxmlbgame-26jun102040chccol:0
[  187929ms] [WARNING] The resource https://kalshi.com/images/research/mission/real-world-impact.png was preloaded using link preload but not used within a few seconds from the window's load event. Please make sure it has an appropriate `as` value and it is preloaded intentionally. @ https://kalshi.com/markets/kxmlbgame/professional-baseball-game/kxmlbgame-26jun102040chccol:0
[  187929ms] [WARNING] The resource https://kalshi.com/images/research/mission/belief-updating-dynamics.png was preloaded using link preload but not used within a few seconds from the window's load event. Please make sure it has an appropriate `as` value and it is preloaded intentionally. @ https://kalshi.com/markets/kxmlbgame/professional-baseball-game/kxmlbgame-26jun102040chccol:0
[  187929ms] [WARNING] The resource https://kalshi.com/images/research/mission/market-microstructure.png was preloaded using link preload but not used within a few seconds from the window's load event. Please make sure it has an appropriate `as` value and it is preloaded intentionally. @ https://kalshi.com/markets/kxmlbgame/professional-baseball-game/kxmlbgame-26jun102040chccol:0
[  187929ms] [WARNING] The resource https://kalshi.com/images/research/mission/participant-heterogeneity.png was preloaded using link preload but not used within a few seconds from the window's load event. Please make sure it has an appropriate `as` value and it is preloaded intentionally. @ https://kalshi.com/markets/kxmlbgame/professional-baseball-game/kxmlbgame-26jun102040chccol:0
[  192947ms] [ERROR] Failed to load resource: net::ERR_NAME_NOT_RESOLVED @ https://browser-intake-datadoghq.com/api/v2/rum?ddsource=browser&dd-api-key=pub222856fe11852abc3642b1395fac0627&dd-evp-origin-version=7.1.0&dd-evp-origin=browser&dd-request-id=4fad397e-4f0b-401e-b7b4-9837067598a8&batch_time=1780920488509&_dd.api=fetch:0
[  195940ms] [ERROR] Failed to load resource: net::ERR_NAME_NOT_RESOLVED @ https://browser-intake-datadoghq.com/api/v2/rum?ddsource=browser&dd-api-key=pub222856fe11852abc3642b1395fac0627&dd-evp-origin-version=7.1.0&dd-evp-origin=browser&dd-request-id=08cb7f7f-6e15-4558-981a-bd9f5659b670&batch_time=1780920491514&_dd.api=fetch:0
[  199981ms] [WARNING] The resource https://kalshi.com/images/research/mission/Frame.png was preloaded using link preload but not used within a few seconds from the window's load event. Please make sure it has an appropriate `as` value and it is preloaded intentionally. @ https://kalshi.com/markets/kxmlbgame/professional-baseball-game/kxmlbgame-26jun102040chccol:0
[  199981ms] [WARNING] The resource https://kalshi.com/images/research/mission/calibration.png was preloaded using link preload but not used within a few seconds from the window's load event. Please make sure it has an appropriate `as` value and it is preloaded intentionally. @ https://kalshi.com/markets/kxmlbgame/professional-baseball-game/kxmlbgame-26jun102040chccol:0
[  199981ms] [WARNING] The resource https://kalshi.com/images/research/mission/prediction-accuracy.png was preloaded using link preload but not used within a few seconds from the window's load event. Please make sure it has an appropriate `as` value and it is preloaded intentionally. @ https://kalshi.com/markets/kxmlbgame/professional-baseball-game/kxmlbgame-26jun102040chccol:0
[  199981ms] [WARNING] The resource https://kalshi.com/images/research/mission/real-world-impact.png was preloaded using link preload but not used within a few seconds from the window's load event. Please make sure it has an appropriate `as` value and it is preloaded intentionally. @ https://kalshi.com/markets/kxmlbgame/professional-baseball-game/kxmlbgame-26jun102040chccol:0
[  199981ms] [WARNING] The resource https://kalshi.com/images/research/mission/belief-updating-dynamics.png was preloaded using link preload but not used within a few seconds from the window's load event. Please make sure it has an appropriate `as` value and it is preloaded intentionally. @ https://kalshi.com/markets/kxmlbgame/professional-baseball-game/kxmlbgame-26jun102040chccol:0
[  199981ms] [WARNING] The resource https://kalshi.com/images/research/mission/market-microstructure.png was preloaded using link preload but not used within a few seconds from the window's load event. Please make sure it has an appropriate `as` value and it is preloaded intentionally. @ https://kalshi.com/markets/kxmlbgame/professional-baseball-game/kxmlbgame-26jun102040chccol:0
[  199981ms] [WARNING] The resource https://kalshi.com/images/research/mission/participant-heterogeneity.png was preloaded using link preload but not used within a few seconds from the window's load event. Please make sure it has an appropriate `as` value and it is preloaded intentionally. @ https://kalshi.com/markets/kxmlbgame/professional-baseball-game/kxmlbgame-26jun102040chccol:0
[  201169ms] [ERROR] Failed to load resource: net::ERR_NAME_NOT_RESOLVED @ https://browser-intake-datadoghq.com/api/v2/rum?ddsource=browser&dd-api-key=pub222856fe11852abc3642b1395fac0627&dd-evp-origin-version=7.1.0&dd-evp-origin=browser&dd-request-id=4281f21e-b453-4eed-ac6c-543a3297bec9&batch_time=1780920496743&_dd.api=fetch:0
[  205000ms] [ERROR] Failed to load resource: net::ERR_NAME_NOT_RESOLVED @ https://browser-intake-datadoghq.com/api/v2/rum?ddsource=browser&dd-api-key=pub222856fe11852abc3642b1395fac0627&dd-evp-origin-version=7.1.0&dd-evp-origin=browser&dd-request-id=9c77ce92-61e0-473b-9f90-ae8c93aa900b&batch_time=1780920500562&_dd.api=fetch:0
[  208011ms] [WARNING] The resource https://kalshi.com/images/research/mission/Frame.png was preloaded using link preload but not used within a few seconds from the window's load event. Please make sure it has an appropriate `as` value and it is preloaded intentionally. @ https://kalshi.com/markets/kxmlbgame/professional-baseball-game/kxmlbgame-26jun102040chccol:0
[  208011ms] [WARNING] The resource https://kalshi.com/images/research/mission/calibration.png was preloaded using link preload but not used within a few seconds from the window's load event. Please make sure it has an appropriate `as` value and it is preloaded intentionally. @ https://kalshi.com/markets/kxmlbgame/professional-baseball-game/kxmlbgame-26jun102040chccol:0
[  208011ms] [WARNING] The resource https://kalshi.com/images/research/mission/prediction-accuracy.png was preloaded using link preload but not used within a few seconds from the window's load event. Please make sure it has an appropriate `as` value and it is preloaded intentionally. @ https://kalshi.com/markets/kxmlbgame/professional-baseball-game/kxmlbgame-26jun102040chccol:0
[  208011ms] [WARNING] The resource https://kalshi.com/images/research/mission/real-world-impact.png was preloaded using link preload but not used within a few seconds from the window's load event. Please make sure it has an appropriate `as` value and it is preloaded intentionally. @ https://kalshi.com/markets/kxmlbgame/professional-baseball-game/kxmlbgame-26jun102040chccol:0
[  208011ms] [WARNING] The resource https://kalshi.com/images/research/mission/belief-updating-dynamics.png was preloaded using link preload but not used within a few seconds from the window's load event. Please make sure it has an appropriate `as` value and it is preloaded intentionally. @ https://kalshi.com/markets/kxmlbgame/professional-baseball-game/kxmlbgame-26jun102040chccol:0
[  208011ms] [WARNING] The resource https://kalshi.com/images/research/mission/market-microstructure.png was preloaded using link preload but not used within a few seconds from the window's load event. Please make sure it has an appropriate `as` value and it is preloaded intentionally. @ https://kalshi.com/markets/kxmlbgame/professional-baseball-game/kxmlbgame-26jun102040chccol:0
[  208011ms] [WARNING] The resource https://kalshi.com/images/research/mission/participant-heterogeneity.png was preloaded using link preload but not used within a few seconds from the window's load event. Please make sure it has an appropriate `as` value and it is preloaded intentionally. @ https://kalshi.com/markets/kxmlbgame/professional-baseball-game/kxmlbgame-26jun102040chccol:0
[  209650ms] [ERROR] Failed to load resource: net::ERR_NAME_NOT_RESOLVED @ https://browser-intake-datadoghq.com/api/v2/rum?ddsource=browser&dd-api-key=pub222856fe11852abc3642b1395fac0627&dd-evp-origin-version=7.1.0&dd-evp-origin=browser&dd-request-id=890ceb8c-3ad1-47c1-97f1-260e7e1693c3&batch_time=1780920505224&_dd.api=fetch:0
[  212661ms] [WARNING] The resource https://kalshi.com/images/research/mission/Frame.png was preloaded using link preload but not used within a few seconds from the window's load event. Please make sure it has an appropriate `as` value and it is preloaded intentionally. @ https://kalshi.com/markets/kxmlbgame/professional-baseball-game/kxmlbgame-26jun102040chccol:0
[  212661ms] [WARNING] The resource https://kalshi.com/images/research/mission/calibration.png was preloaded using link preload but not used within a few seconds from the window's load event. Please make sure it has an appropriate `as` value and it is preloaded intentionally. @ https://kalshi.com/markets/kxmlbgame/professional-baseball-game/kxmlbgame-26jun102040chccol:0
[  212661ms] [WARNING] The resource https://kalshi.com/images/research/mission/prediction-accuracy.png was preloaded using link preload but not used within a few seconds from the window's load event. Please make sure it has an appropriate `as` value and it is preloaded intentionally. @ https://kalshi.com/markets/kxmlbgame/professional-baseball-game/kxmlbgame-26jun102040chccol:0
[  212661ms] [WARNING] The resource https://kalshi.com/images/research/mission/real-world-impact.png was preloaded using link preload but not used within a few seconds from the window's load event. Please make sure it has an appropriate `as` value and it is preloaded intentionally. @ https://kalshi.com/markets/kxmlbgame/professional-baseball-game/kxmlbgame-26jun102040chccol:0
[  212661ms] [WARNING] The resource https://kalshi.com/images/research/mission/belief-updating-dynamics.png was preloaded using link preload but not used within a few seconds from the window's load event. Please make sure it has an appropriate `as` value and it is preloaded intentionally. @ https://kalshi.com/markets/kxmlbgame/professional-baseball-game/kxmlbgame-26jun102040chccol:0
[  212661ms] [WARNING] The resource https://kalshi.com/images/research/mission/market-microstructure.png was preloaded using link preload but not used within a few seconds from the window's load event. Please make sure it has an appropriate `as` value and it is preloaded intentionally. @ https://kalshi.com/markets/kxmlbgame/professional-baseball-game/kxmlbgame-26jun102040chccol:0
[  212661ms] [WARNING] The resource https://kalshi.com/images/research/mission/participant-heterogeneity.png was preloaded using link preload but not used within a few seconds from the window's load event. Please make sure it has an appropriate `as` value and it is preloaded intentionally. @ https://kalshi.com/markets/kxmlbgame/professional-baseball-game/kxmlbgame-26jun102040chccol:0
[  214734ms] [ERROR] Failed to load resource: net::ERR_NAME_NOT_RESOLVED @ https://browser-intake-datadoghq.com/api/v2/rum?ddsource=browser&dd-api-key=pub222856fe11852abc3642b1395fac0627&dd-evp-origin-version=7.1.0&dd-evp-origin=browser&dd-request-id=27b48477-ca11-42ea-8409-93c40c6cec69&batch_time=1780920510309&_dd.api=fetch:0
[  220217ms] [WARNING] The resource https://kalshi.com/images/research/mission/Frame.png was preloaded using link preload but not used within a few seconds from the window's load event. Please make sure it has an appropriate `as` value and it is preloaded intentionally. @ https://kalshi.com/markets/kxmlbgame/professional-baseball-game/kxmlbgame-26jun102040chccol:0
[  220217ms] [WARNING] The resource https://kalshi.com/images/research/mission/calibration.png was preloaded using link preload but not used within a few seconds from the window's load event. Please make sure it has an appropriate `as` value and it is preloaded intentionally. @ https://kalshi.com/markets/kxmlbgame/professional-baseball-game/kxmlbgame-26jun102040chccol:0
[  220217ms] [WARNING] The resource https://kalshi.com/images/research/mission/prediction-accuracy.png was preloaded using link preload but not used within a few seconds from the window's load event. Please make sure it has an appropriate `as` value and it is preloaded intentionally. @ https://kalshi.com/markets/kxmlbgame/professional-baseball-game/kxmlbgame-26jun102040chccol:0
[  220217ms] [WARNING] The resource https://kalshi.com/images/research/mission/real-world-impact.png was preloaded using link preload but not used within a few seconds from the window's load event. Please make sure it has an appropriate `as` value and it is preloaded intentionally. @ https://kalshi.com/markets/kxmlbgame/professional-baseball-game/kxmlbgame-26jun102040chccol:0
[  220217ms] [WARNING] The resource https://kalshi.com/images/research/mission/belief-updating-dynamics.png was preloaded using link preload but not used within a few seconds from the window's load event. Please make sure it has an appropriate `as` value and it is preloaded intentionally. @ https://kalshi.com/markets/kxmlbgame/professional-baseball-game/kxmlbgame-26jun102040chccol:0
[  220217ms] [WARNING] The resource https://kalshi.com/images/research/mission/market-microstructure.png was preloaded using link preload but not used within a few seconds from the window's load event. Please make sure it has an appropriate `as` value and it is preloaded intentionally. @ https://kalshi.com/markets/kxmlbgame/professional-baseball-game/kxmlbgame-26jun102040chccol:0
[  220217ms] [WARNING] The resource https://kalshi.com/images/research/mission/participant-heterogeneity.png was preloaded using link preload but not used within a few seconds from the window's load event. Please make sure it has an appropriate `as` value and it is preloaded intentionally. @ https://kalshi.com/markets/kxmlbgame/professional-baseball-game/kxmlbgame-26jun102040chccol:0
[  220993ms] [ERROR] Failed to load resource: net::ERR_NAME_NOT_RESOLVED @ https://browser-intake-datadoghq.com/api/v2/rum?ddsource=browser&dd-api-key=pub222856fe11852abc3642b1395fac0627&dd-evp-origin-version=7.1.0&dd-evp-origin=browser&dd-request-id=2015c565-f09c-4299-8637-2ed8ddcb26ab&batch_time=1780920516553&_dd.api=fetch:0
[  224769ms] [ERROR] Failed to load resource: net::ERR_NAME_NOT_RESOLVED @ https://browser-intake-datadoghq.com/api/v2/rum?ddsource=browser&dd-api-key=pub222856fe11852abc3642b1395fac0627&dd-evp-origin-version=7.1.0&dd-evp-origin=browser&dd-request-id=5194ac20-4893-4dc1-99f9-2f51aaf9d0b9&batch_time=1780920520343&_dd.api=fetch:0
[  228194ms] [WARNING] The resource https://kalshi.com/images/research/mission/Frame.png was preloaded using link preload but not used within a few seconds from the window's load event. Please make sure it has an appropriate `as` value and it is preloaded intentionally. @ https://kalshi.com/markets/kxmlbgame/professional-baseball-game/kxmlbgame-26jun102040chccol:0
[  228194ms] [WARNING] The resource https://kalshi.com/images/research/mission/calibration.png was preloaded using link preload but not used within a few seconds from the window's load event. Please make sure it has an appropriate `as` value and it is preloaded intentionally. @ https://kalshi.com/markets/kxmlbgame/professional-baseball-game/kxmlbgame-26jun102040chccol:0
[  228194ms] [WARNING] The resource https://kalshi.com/images/research/mission/prediction-accuracy.png was preloaded using link preload but not used within a few seconds from the window's load event. Please make sure it has an appropriate `as` value and it is preloaded intentionally. @ https://kalshi.com/markets/kxmlbgame/professional-baseball-game/kxmlbgame-26jun102040chccol:0
[  228194ms] [WARNING] The resource https://kalshi.com/images/research/mission/real-world-impact.png was preloaded using link preload but not used within a few seconds from the window's load event. Please make sure it has an appropriate `as` value and it is preloaded intentionally. @ https://kalshi.com/markets/kxmlbgame/professional-baseball-game/kxmlbgame-26jun102040chccol:0
[  228194ms] [WARNING] The resource https://kalshi.com/images/research/mission/belief-updating-dynamics.png was preloaded using link preload but not used within a few seconds from the window's load event. Please make sure it has an appropriate `as` value and it is preloaded intentionally. @ https://kalshi.com/markets/kxmlbgame/professional-baseball-game/kxmlbgame-26jun102040chccol:0
[  228194ms] [WARNING] The resource https://kalshi.com/images/research/mission/market-microstructure.png was preloaded using link preload but not used within a few seconds from the window's load event. Please make sure it has an appropriate `as` value and it is preloaded intentionally. @ https://kalshi.com/markets/kxmlbgame/professional-baseball-game/kxmlbgame-26jun102040chccol:0
[  228194ms] [WARNING] The resource https://kalshi.com/images/research/mission/participant-heterogeneity.png was preloaded using link preload but not used within a few seconds from the window's load event. Please make sure it has an appropriate `as` value and it is preloaded intentionally. @ https://kalshi.com/markets/kxmlbgame/professional-baseball-game/kxmlbgame-26jun102040chccol:0
[  229808ms] [ERROR] Failed to load resource: net::ERR_NAME_NOT_RESOLVED @ https://browser-intake-datadoghq.com/api/v2/rum?ddsource=browser&dd-api-key=pub222856fe11852abc3642b1395fac0627&dd-evp-origin-version=7.1.0&dd-evp-origin=browser&dd-request-id=e88d4017-2b91-46f0-8e97-36567c374df3&batch_time=1780920525382&_dd.api=fetch:0
[  231949ms] [ERROR] Failed to load resource: net::ERR_NAME_NOT_RESOLVED @ https://browser-intake-datadoghq.com/api/v2/rum?ddsource=browser&dd-api-key=pub222856fe11852abc3642b1395fac0627&dd-evp-origin-version=7.1.0&dd-evp-origin=browser&dd-request-id=d8f14bf9-9ea1-4902-8d31-0946a09edf9e&batch_time=1780920527511&_dd.api=fetch:0
[  233841ms] [ERROR] Failed to load resource: net::ERR_NAME_NOT_RESOLVED @ https://browser-intake-datadoghq.com/api/v2/rum?ddsource=browser&dd-api-key=pub222856fe11852abc3642b1395fac0627&dd-evp-origin-version=7.1.0&dd-evp-origin=browser&dd-request-id=f6d700d5-897e-4528-a6a6-c39d99611dca&batch_time=1780920529415&_dd.api=fetch:0
[  236851ms] [WARNING] The resource https://kalshi.com/images/research/mission/Frame.png was preloaded using link preload but not used within a few seconds from the window's load event. Please make sure it has an appropriate `as` value and it is preloaded intentionally. @ https://kalshi.com/markets/kxmlbgame/professional-baseball-game/kxmlbgame-26jun102040chccol:0
[  236851ms] [WARNING] The resource https://kalshi.com/images/research/mission/calibration.png was preloaded using link preload but not used within a few seconds from the window's load event. Please make sure it has an appropriate `as` value and it is preloaded intentionally. @ https://kalshi.com/markets/kxmlbgame/professional-baseball-game/kxmlbgame-26jun102040chccol:0
[  236851ms] [WARNING] The resource https://kalshi.com/images/research/mission/prediction-accuracy.png was preloaded using link preload but not used within a few seconds from the window's load event. Please make sure it has an appropriate `as` value and it is preloaded intentionally. @ https://kalshi.com/markets/kxmlbgame/professional-baseball-game/kxmlbgame-26jun102040chccol:0
[  236851ms] [WARNING] The resource https://kalshi.com/images/research/mission/real-world-impact.png was preloaded using link preload but not used within a few seconds from the window's load event. Please make sure it has an appropriate `as` value and it is preloaded intentionally. @ https://kalshi.com/markets/kxmlbgame/professional-baseball-game/kxmlbgame-26jun102040chccol:0
[  236851ms] [WARNING] The resource https://kalshi.com/images/research/mission/belief-updating-dynamics.png was preloaded using link preload but not used within a few seconds from the window's load event. Please make sure it has an appropriate `as` value and it is preloaded intentionally. @ https://kalshi.com/markets/kxmlbgame/professional-baseball-game/kxmlbgame-26jun102040chccol:0
[  236851ms] [WARNING] The resource https://kalshi.com/images/research/mission/market-microstructure.png was preloaded using link preload but not used within a few seconds from the window's load event. Please make sure it has an appropriate `as` value and it is preloaded intentionally. @ https://kalshi.com/markets/kxmlbgame/professional-baseball-game/kxmlbgame-26jun102040chccol:0
[  236851ms] [WARNING] The resource https://kalshi.com/images/research/mission/participant-heterogeneity.png was preloaded using link preload but not used within a few seconds from the window's load event. Please make sure it has an appropriate `as` value and it is preloaded intentionally. @ https://kalshi.com/markets/kxmlbgame/professional-baseball-game/kxmlbgame-26jun102040chccol:0
[  239960ms] [WARNING] The resource https://kalshi.com/images/research/mission/Frame.png was preloaded using link preload but not used within a few seconds from the window's load event. Please make sure it has an appropriate `as` value and it is preloaded intentionally. @ https://kalshi.com/markets/kxmlbgame/professional-baseball-game/kxmlbgame-26jun102040chccol:0
[  239960ms] [WARNING] The resource https://kalshi.com/images/research/mission/calibration.png was preloaded using link preload but not used within a few seconds from the window's load event. Please make sure it has an appropriate `as` value and it is preloaded intentionally. @ https://kalshi.com/markets/kxmlbgame/professional-baseball-game/kxmlbgame-26jun102040chccol:0
[  239960ms] [WARNING] The resource https://kalshi.com/images/research/mission/prediction-accuracy.png was preloaded using link preload but not used within a few seconds from the window's load event. Please make sure it has an appropriate `as` value and it is preloaded intentionally. @ https://kalshi.com/markets/kxmlbgame/professional-baseball-game/kxmlbgame-26jun102040chccol:0
[  239960ms] [WARNING] The resource https://kalshi.com/images/research/mission/real-world-impact.png was preloaded using link preload but not used within a few seconds from the window's load event. Please make sure it has an appropriate `as` value and it is preloaded intentionally. @ https://kalshi.com/markets/kxmlbgame/professional-baseball-game/kxmlbgame-26jun102040chccol:0
[  239960ms] [WARNING] The resource https://kalshi.com/images/research/mission/belief-updating-dynamics.png was preloaded using link preload but not used within a few seconds from the window's load event. Please make sure it has an appropriate `as` value and it is preloaded intentionally. @ https://kalshi.com/markets/kxmlbgame/professional-baseball-game/kxmlbgame-26jun102040chccol:0
[  239960ms] [WARNING] The resource https://kalshi.com/images/research/mission/market-microstructure.png was preloaded using link preload but not used within a few seconds from the window's load event. Please make sure it has an appropriate `as` value and it is preloaded intentionally. @ https://kalshi.com/markets/kxmlbgame/professional-baseball-game/kxmlbgame-26jun102040chccol:0
[  239960ms] [WARNING] The resource https://kalshi.com/images/research/mission/participant-heterogeneity.png was preloaded using link preload but not used within a few seconds from the window's load event. Please make sure it has an appropriate `as` value and it is preloaded intentionally. @ https://kalshi.com/markets/kxmlbgame/professional-baseball-game/kxmlbgame-26jun102040chccol:0
[  241195ms] [ERROR] Failed to load resource: net::ERR_NAME_NOT_RESOLVED @ https://browser-intake-datadoghq.com/api/v2/rum?ddsource=browser&dd-api-key=pub222856fe11852abc3642b1395fac0627&dd-evp-origin-version=7.1.0&dd-evp-origin=browser&dd-request-id=e503e8a6-223d-43ab-a7ae-936f26af1f53&batch_time=1780920536769&_dd.api=fetch:0
[  243004ms] [ERROR] Failed to load resource: net::ERR_NAME_NOT_RESOLVED @ https://browser-intake-datadoghq.com/api/v2/rum?ddsource=browser&dd-api-key=pub222856fe11852abc3642b1395fac0627&dd-evp-origin-version=7.1.0&dd-evp-origin=browser&dd-request-id=279c4fcf-0148-44cd-9a17-41090a70f492&batch_time=1780920538578&_dd.api=fetch:0
[  246037ms] [ERROR] Failed to load resource: net::ERR_NAME_NOT_RESOLVED @ https://browser-intake-datadoghq.com/api/v2/rum?ddsource=browser&dd-api-key=pub222856fe11852abc3642b1395fac0627&dd-evp-origin-version=7.1.0&dd-evp-origin=browser&dd-request-id=2f0bc3f4-1e8c-40f5-9f16-dee36f795211&batch_time=1780920541611&_dd.api=fetch:0
[  249045ms] [WARNING] The resource https://kalshi.com/images/research/mission/Frame.png was preloaded using link preload but not used within a few seconds from the window's load event. Please make sure it has an appropriate `as` value and it is preloaded intentionally. @ https://kalshi.com/markets/kxmlbgame/professional-baseball-game/kxmlbgame-26jun102040chccol:0
[  249045ms] [WARNING] The resource https://kalshi.com/images/research/mission/calibration.png was preloaded using link preload but not used within a few seconds from the window's load event. Please make sure it has an appropriate `as` value and it is preloaded intentionally. @ https://kalshi.com/markets/kxmlbgame/professional-baseball-game/kxmlbgame-26jun102040chccol:0
[  249045ms] [WARNING] The resource https://kalshi.com/images/research/mission/prediction-accuracy.png was preloaded using link preload but not used within a few seconds from the window's load event. Please make sure it has an appropriate `as` value and it is preloaded intentionally. @ https://kalshi.com/markets/kxmlbgame/professional-baseball-game/kxmlbgame-26jun102040chccol:0
[  249045ms] [WARNING] The resource https://kalshi.com/images/research/mission/real-world-impact.png was preloaded using link preload but not used within a few seconds from the window's load event. Please make sure it has an appropriate `as` value and it is preloaded intentionally. @ https://kalshi.com/markets/kxmlbgame/professional-baseball-game/kxmlbgame-26jun102040chccol:0
[  249045ms] [WARNING] The resource https://kalshi.com/images/research/mission/belief-updating-dynamics.png was preloaded using link preload but not used within a few seconds from the window's load event. Please make sure it has an appropriate `as` value and it is preloaded intentionally. @ https://kalshi.com/markets/kxmlbgame/professional-baseball-game/kxmlbgame-26jun102040chccol:0
[  249045ms] [WARNING] The resource https://kalshi.com/images/research/mission/market-microstructure.png was preloaded using link preload but not used within a few seconds from the window's load event. Please make sure it has an appropriate `as` value and it is preloaded intentionally. @ https://kalshi.com/markets/kxmlbgame/professional-baseball-game/kxmlbgame-26jun102040chccol:0
[  249045ms] [WARNING] The resource https://kalshi.com/images/research/mission/participant-heterogeneity.png was preloaded using link preload but not used within a few seconds from the window's load event. Please make sure it has an appropriate `as` value and it is preloaded intentionally. @ https://kalshi.com/markets/kxmlbgame/professional-baseball-game/kxmlbgame-26jun102040chccol:0
[  251839ms] [ERROR] Failed to load resource: net::ERR_NAME_NOT_RESOLVED @ https://browser-intake-datadoghq.com/api/v2/rum?ddsource=browser&dd-api-key=pub222856fe11852abc3642b1395fac0627&dd-evp-origin-version=7.1.0&dd-evp-origin=browser&dd-request-id=924d5454-82b1-461b-a29c-4407d0f8fcd0&batch_time=1780920547395&_dd.api=fetch:0
[  253304ms] [ERROR] Failed to load resource: net::ERR_NAME_NOT_RESOLVED @ https://browser-intake-datadoghq.com/api/v2/rum?ddsource=browser&dd-api-key=pub222856fe11852abc3642b1395fac0627&dd-evp-origin-version=7.1.0&dd-evp-origin=browser&dd-request-id=16960718-f731-44b6-95d8-b6774a82b511&batch_time=1780920548878&_dd.api=fetch:0
[  256272ms] [ERROR] Failed to load resource: net::ERR_NAME_NOT_RESOLVED @ https://browser-intake-datadoghq.com/api/v2/rum?ddsource=browser&dd-api-key=pub222856fe11852abc3642b1395fac0627&dd-evp-origin-version=7.1.0&dd-evp-origin=browser&dd-request-id=311da944-2660-4299-9ccb-02564bc79e3f&batch_time=1780920551846&_dd.api=fetch:0
[  260206ms] [WARNING] The resource https://kalshi.com/images/research/mission/Frame.png was preloaded using link preload but not used within a few seconds from the window's load event. Please make sure it has an appropriate `as` value and it is preloaded intentionally. @ https://kalshi.com/markets/kxmlbgame/professional-baseball-game/kxmlbgame-26jun102040chccol:0
[  260206ms] [WARNING] The resource https://kalshi.com/images/research/mission/calibration.png was preloaded using link preload but not used within a few seconds from the window's load event. Please make sure it has an appropriate `as` value and it is preloaded intentionally. @ https://kalshi.com/markets/kxmlbgame/professional-baseball-game/kxmlbgame-26jun102040chccol:0
[  260206ms] [WARNING] The resource https://kalshi.com/images/research/mission/prediction-accuracy.png was preloaded using link preload but not used within a few seconds from the window's load event. Please make sure it has an appropriate `as` value and it is preloaded intentionally. @ https://kalshi.com/markets/kxmlbgame/professional-baseball-game/kxmlbgame-26jun102040chccol:0
[  260206ms] [WARNING] The resource https://kalshi.com/images/research/mission/real-world-impact.png was preloaded using link preload but not used within a few seconds from the window's load event. Please make sure it has an appropriate `as` value and it is preloaded intentionally. @ https://kalshi.com/markets/kxmlbgame/professional-baseball-game/kxmlbgame-26jun102040chccol:0
[  260206ms] [WARNING] The resource https://kalshi.com/images/research/mission/belief-updating-dynamics.png was preloaded using link preload but not used within a few seconds from the window's load event. Please make sure it has an appropriate `as` value and it is preloaded intentionally. @ https://kalshi.com/markets/kxmlbgame/professional-baseball-game/kxmlbgame-26jun102040chccol:0
[  260206ms] [WARNING] The resource https://kalshi.com/images/research/mission/market-microstructure.png was preloaded using link preload but not used within a few seconds from the window's load event. Please make sure it has an appropriate `as` value and it is preloaded intentionally. @ https://kalshi.com/markets/kxmlbgame/professional-baseball-game/kxmlbgame-26jun102040chccol:0
[  260206ms] [WARNING] The resource https://kalshi.com/images/research/mission/participant-heterogeneity.png was preloaded using link preload but not used within a few seconds from the window's load event. Please make sure it has an appropriate `as` value and it is preloaded intentionally. @ https://kalshi.com/markets/kxmlbgame/professional-baseball-game/kxmlbgame-26jun102040chccol:0
[  260237ms] [ERROR] Failed to load resource: net::ERR_NAME_NOT_RESOLVED @ https://browser-intake-datadoghq.com/api/v2/rum?ddsource=browser&dd-api-key=pub222856fe11852abc3642b1395fac0627&dd-evp-origin-version=7.1.0&dd-evp-origin=browser&dd-request-id=22314e45-634a-4a34-b0b4-5623b168270d&batch_time=1780920555812&_dd.api=fetch:0
[  262803ms] [ERROR] Failed to load resource: net::ERR_NAME_NOT_RESOLVED @ https://browser-intake-datadoghq.com/api/v2/rum?ddsource=browser&dd-api-key=pub222856fe11852abc3642b1395fac0627&dd-evp-origin-version=7.1.0&dd-evp-origin=browser&dd-request-id=71bef79e-7ef5-4f93-9a04-4930e0e28c65&batch_time=1780920558378&_dd.api=fetch:0
[  266194ms] [ERROR] Failed to load resource: net::ERR_NAME_NOT_RESOLVED @ https://browser-intake-datadoghq.com/api/v2/rum?ddsource=browser&dd-api-key=pub222856fe11852abc3642b1395fac0627&dd-evp-origin-version=7.1.0&dd-evp-origin=browser&dd-request-id=04ccf12f-c113-4e38-93f3-a1c40276e038&batch_time=1780920561769&_dd.api=fetch:0
[  269931ms] [ERROR] Failed to load resource: net::ERR_NAME_NOT_RESOLVED @ https://browser-intake-datadoghq.com/api/v2/rum?ddsource=browser&dd-api-key=pub222856fe11852abc3642b1395fac0627&dd-evp-origin-version=7.1.0&dd-evp-origin=browser&dd-request-id=dc0969c3-04ca-46c9-87d9-7ee9d309ad6f&batch_time=1780920565505&_dd.api=fetch:0
[  271508ms] [ERROR] Failed to load resource: net::ERR_NAME_NOT_RESOLVED @ https://browser-intake-datadoghq.com/api/v2/rum?ddsource=browser&dd-api-key=pub222856fe11852abc3642b1395fac0627&dd-evp-origin-version=7.1.0&dd-evp-origin=browser&dd-request-id=3b2ef6cb-1765-4b27-95d1-495de9959ab7&batch_time=1780920567083&_dd.api=fetch:0
[  273247ms] [ERROR] Failed to load resource: net::ERR_NAME_NOT_RESOLVED @ https://browser-intake-datadoghq.com/api/v2/rum?ddsource=browser&dd-api-key=pub222856fe11852abc3642b1395fac0627&dd-evp-origin-version=7.1.0&dd-evp-origin=browser&dd-request-id=b1159a63-9eb7-49da-9821-9f60eaf43d0a&batch_time=1780920568821&_dd.api=fetch:0
[  276252ms] [ERROR] Failed to load resource: net::ERR_NAME_NOT_RESOLVED @ https://browser-intake-datadoghq.com/api/v2/rum?ddsource=browser&dd-api-key=pub222856fe11852abc3642b1395fac0627&dd-evp-origin-version=7.1.0&dd-evp-origin=browser&dd-request-id=dc6a403b-33b8-4d16-a2a3-28ca07ddd87a&batch_time=1780920571822&_dd.api=fetch:0
[  279955ms] [WARNING] The resource https://kalshi.com/images/research/mission/Frame.png was preloaded using link preload but not used within a few seconds from the window's load event. Please make sure it has an appropriate `as` value and it is preloaded intentionally. @ https://kalshi.com/markets/kxmlbgame/professional-baseball-game/kxmlbgame-26jun102040chccol:0
[  279955ms] [WARNING] The resource https://kalshi.com/images/research/mission/calibration.png was preloaded using link preload but not used within a few seconds from the window's load event. Please make sure it has an appropriate `as` value and it is preloaded intentionally. @ https://kalshi.com/markets/kxmlbgame/professional-baseball-game/kxmlbgame-26jun102040chccol:0
[  279955ms] [WARNING] The resource https://kalshi.com/images/research/mission/prediction-accuracy.png was preloaded using link preload but not used within a few seconds from the window's load event. Please make sure it has an appropriate `as` value and it is preloaded intentionally. @ https://kalshi.com/markets/kxmlbgame/professional-baseball-game/kxmlbgame-26jun102040chccol:0
[  279955ms] [WARNING] The resource https://kalshi.com/images/research/mission/real-world-impact.png was preloaded using link preload but not used within a few seconds from the window's load event. Please make sure it has an appropriate `as` value and it is preloaded intentionally. @ https://kalshi.com/markets/kxmlbgame/professional-baseball-game/kxmlbgame-26jun102040chccol:0
[  279955ms] [WARNING] The resource https://kalshi.com/images/research/mission/belief-updating-dynamics.png was preloaded using link preload but not used within a few seconds from the window's load event. Please make sure it has an appropriate `as` value and it is preloaded intentionally. @ https://kalshi.com/markets/kxmlbgame/professional-baseball-game/kxmlbgame-26jun102040chccol:0
[  279955ms] [WARNING] The resource https://kalshi.com/images/research/mission/market-microstructure.png was preloaded using link preload but not used within a few seconds from the window's load event. Please make sure it has an appropriate `as` value and it is preloaded intentionally. @ https://kalshi.com/markets/kxmlbgame/professional-baseball-game/kxmlbgame-26jun102040chccol:0
[  279955ms] [WARNING] The resource https://kalshi.com/images/research/mission/participant-heterogeneity.png was preloaded using link preload but not used within a few seconds from the window's load event. Please make sure it has an appropriate `as` value and it is preloaded intentionally. @ https://kalshi.com/markets/kxmlbgame/professional-baseball-game/kxmlbgame-26jun102040chccol:0
[  280353ms] [ERROR] Failed to load resource: net::ERR_NAME_NOT_RESOLVED @ https://browser-intake-datadoghq.com/api/v2/rum?ddsource=browser&dd-api-key=pub222856fe11852abc3642b1395fac0627&dd-evp-origin-version=7.1.0&dd-evp-origin=browser&dd-request-id=6c9b016a-5f9a-47db-a1c1-824186a5a221&batch_time=1780920575914&_dd.api=fetch:0
[  282355ms] [ERROR] Failed to load resource: net::ERR_NAME_NOT_RESOLVED @ https://browser-intake-datadoghq.com/api/v2/rum?ddsource=browser&dd-api-key=pub222856fe11852abc3642b1395fac0627&dd-evp-origin-version=7.1.0&dd-evp-origin=browser&dd-request-id=ad18dd18-49f8-4b15-bcf2-733006839111&batch_time=1780920577930&_dd.api=fetch:0
[  284572ms] [ERROR] Failed to load resource: net::ERR_NAME_NOT_RESOLVED @ https://browser-intake-datadoghq.com/api/v2/rum?ddsource=browser&dd-api-key=pub222856fe11852abc3642b1395fac0627&dd-evp-origin-version=7.1.0&dd-evp-origin=browser&dd-request-id=c0f0a3bc-25ee-4860-8383-a7a36387425f&batch_time=1780920580146&_dd.api=fetch:0
[  285380ms] [ERROR] Failed to load resource: net::ERR_NAME_NOT_RESOLVED @ https://browser-intake-datadoghq.com/api/v2/rum?ddsource=browser&dd-api-key=pub222856fe11852abc3642b1395fac0627&dd-evp-origin-version=7.1.0&dd-evp-origin=browser&dd-request-id=c83a5d9a-3752-4a28-8d73-5dbaa9b63ab9&batch_time=1780920580949&_dd.api=fetch:0
[  288387ms] [WARNING] The resource https://kalshi.com/images/research/mission/Frame.png was preloaded using link preload but not used within a few seconds from the window's load event. Please make sure it has an appropriate `as` value and it is preloaded intentionally. @ https://kalshi.com/markets/kxmlbgame/professional-baseball-game/kxmlbgame-26jun102040chccol:0
[  288387ms] [WARNING] The resource https://kalshi.com/images/research/mission/calibration.png was preloaded using link preload but not used within a few seconds from the window's load event. Please make sure it has an appropriate `as` value and it is preloaded intentionally. @ https://kalshi.com/markets/kxmlbgame/professional-baseball-game/kxmlbgame-26jun102040chccol:0
[  288387ms] [WARNING] The resource https://kalshi.com/images/research/mission/prediction-accuracy.png was preloaded using link preload but not used within a few seconds from the window's load event. Please make sure it has an appropriate `as` value and it is preloaded intentionally. @ https://kalshi.com/markets/kxmlbgame/professional-baseball-game/kxmlbgame-26jun102040chccol:0
[  288387ms] [WARNING] The resource https://kalshi.com/images/research/mission/real-world-impact.png was preloaded using link preload but not used within a few seconds from the window's load event. Please make sure it has an appropriate `as` value and it is preloaded intentionally. @ https://kalshi.com/markets/kxmlbgame/professional-baseball-game/kxmlbgame-26jun102040chccol:0
[  288387ms] [WARNING] The resource https://kalshi.com/images/research/mission/belief-updating-dynamics.png was preloaded using link preload but not used within a few seconds from the window's load event. Please make sure it has an appropriate `as` value and it is preloaded intentionally. @ https://kalshi.com/markets/kxmlbgame/professional-baseball-game/kxmlbgame-26jun102040chccol:0
[  288387ms] [WARNING] The resource https://kalshi.com/images/research/mission/market-microstructure.png was preloaded using link preload but not used within a few seconds from the window's load event. Please make sure it has an appropriate `as` value and it is preloaded intentionally. @ https://kalshi.com/markets/kxmlbgame/professional-baseball-game/kxmlbgame-26jun102040chccol:0
[  288387ms] [WARNING] The resource https://kalshi.com/images/research/mission/participant-heterogeneity.png was preloaded using link preload but not used within a few seconds from the window's load event. Please make sure it has an appropriate `as` value and it is preloaded intentionally. @ https://kalshi.com/markets/kxmlbgame/professional-baseball-game/kxmlbgame-26jun102040chccol:0
[  289960ms] [ERROR] Failed to load resource: net::ERR_NAME_NOT_RESOLVED @ https://browser-intake-datadoghq.com/api/v2/rum?ddsource=browser&dd-api-key=pub222856fe11852abc3642b1395fac0627&dd-evp-origin-version=7.1.0&dd-evp-origin=browser&dd-request-id=a2409b00-d1ea-4b40-9117-245a31edb9a1&batch_time=1780920585503&_dd.api=fetch:0
[  293495ms] [ERROR] Failed to load resource: net::ERR_NAME_NOT_RESOLVED @ https://browser-intake-datadoghq.com/api/v2/rum?ddsource=browser&dd-api-key=pub222856fe11852abc3642b1395fac0627&dd-evp-origin-version=7.1.0&dd-evp-origin=browser&dd-request-id=992ca16d-37bb-4ef6-b16c-73b0cbf080a0&batch_time=1780920589070&_dd.api=fetch:0
[  296505ms] [WARNING] The resource https://kalshi.com/images/research/mission/Frame.png was preloaded using link preload but not used within a few seconds from the window's load event. Please make sure it has an appropriate `as` value and it is preloaded intentionally. @ https://kalshi.com/markets/kxmlbgame/professional-baseball-game/kxmlbgame-26jun102040chccol:0
[  296506ms] [WARNING] The resource https://kalshi.com/images/research/mission/calibration.png was preloaded using link preload but not used within a few seconds from the window's load event. Please make sure it has an appropriate `as` value and it is preloaded intentionally. @ https://kalshi.com/markets/kxmlbgame/professional-baseball-game/kxmlbgame-26jun102040chccol:0
[  296506ms] [WARNING] The resource https://kalshi.com/images/research/mission/prediction-accuracy.png was preloaded using link preload but not used within a few seconds from the window's load event. Please make sure it has an appropriate `as` value and it is preloaded intentionally. @ https://kalshi.com/markets/kxmlbgame/professional-baseball-game/kxmlbgame-26jun102040chccol:0
[  296506ms] [WARNING] The resource https://kalshi.com/images/research/mission/real-world-impact.png was preloaded using link preload but not used within a few seconds from the window's load event. Please make sure it has an appropriate `as` value and it is preloaded intentionally. @ https://kalshi.com/markets/kxmlbgame/professional-baseball-game/kxmlbgame-26jun102040chccol:0
[  296506ms] [WARNING] The resource https://kalshi.com/images/research/mission/belief-updating-dynamics.png was preloaded using link preload but not used within a few seconds from the window's load event. Please make sure it has an appropriate `as` value and it is preloaded intentionally. @ https://kalshi.com/markets/kxmlbgame/professional-baseball-game/kxmlbgame-26jun102040chccol:0
[  296506ms] [WARNING] The resource https://kalshi.com/images/research/mission/market-microstructure.png was preloaded using link preload but not used within a few seconds from the window's load event. Please make sure it has an appropriate `as` value and it is preloaded intentionally. @ https://kalshi.com/markets/kxmlbgame/professional-baseball-game/kxmlbgame-26jun102040chccol:0
[  296506ms] [WARNING] The resource https://kalshi.com/images/research/mission/participant-heterogeneity.png was preloaded using link preload but not used within a few seconds from the window's load event. Please make sure it has an appropriate `as` value and it is preloaded intentionally. @ https://kalshi.com/markets/kxmlbgame/professional-baseball-game/kxmlbgame-26jun102040chccol:0
[  296506ms] [ERROR] Failed to load resource: net::ERR_NAME_NOT_RESOLVED @ https://browser-intake-datadoghq.com/api/v2/rum?ddsource=browser&dd-api-key=pub222856fe11852abc3642b1395fac0627&dd-evp-origin-version=7.1.0&dd-evp-origin=browser&dd-request-id=1d5d2609-1977-41da-babc-9fe942402cca&batch_time=1780920592080&_dd.api=fetch:0
[  298141ms] [ERROR] Failed to load resource: net::ERR_NAME_NOT_RESOLVED @ https://browser-intake-datadoghq.com/api/v2/rum?ddsource=browser&dd-api-key=pub222856fe11852abc3642b1395fac0627&dd-evp-origin-version=7.1.0&dd-evp-origin=browser&dd-request-id=980c7cee-0422-4b3c-bf3d-3a9c37e53604&batch_time=1780920593714&_dd.api=fetch:0
[  300568ms] [ERROR] Failed to load resource: net::ERR_NAME_NOT_RESOLVED @ https://browser-intake-datadoghq.com/api/v2/rum?ddsource=browser&dd-api-key=pub222856fe11852abc3642b1395fac0627&dd-evp-origin-version=7.1.0&dd-evp-origin=browser&dd-request-id=b35ad7e7-139b-42d5-8e48-6a035c0cfd86&batch_time=1780920596130&_dd.api=fetch:0
[  303581ms] [ERROR] Failed to load resource: net::ERR_NAME_NOT_RESOLVED @ https://browser-intake-datadoghq.com/api/v2/rum?ddsource=browser&dd-api-key=pub222856fe11852abc3642b1395fac0627&dd-evp-origin-version=7.1.0&dd-evp-origin=browser&dd-request-id=7417d6a5-d9a1-44ef-8fe6-ab4258e18120&batch_time=1780920599156&_dd.api=fetch:0
[  305949ms] [ERROR] Failed to load resource: net::ERR_NAME_NOT_RESOLVED @ https://browser-intake-datadoghq.com/api/v2/rum?ddsource=browser&dd-api-key=pub222856fe11852abc3642b1395fac0627&dd-evp-origin-version=7.1.0&dd-evp-origin=browser&dd-request-id=16ca12ed-ac2a-43c9-b33d-8863dadd60c8&batch_time=1780920601507&_dd.api=fetch:0
[  308640ms] [ERROR] Failed to load resource: net::ERR_NAME_NOT_RESOLVED @ https://browser-intake-datadoghq.com/api/v2/rum?ddsource=browser&dd-api-key=pub222856fe11852abc3642b1395fac0627&dd-evp-origin-version=7.1.0&dd-evp-origin=browser&dd-request-id=77c5d644-e6eb-4b29-8cf9-5b47a3b43572&batch_time=1780920604214&_dd.api=fetch:0
[  311202ms] [ERROR] Failed to load resource: net::ERR_NAME_NOT_RESOLVED @ https://browser-intake-datadoghq.com/api/v2/rum?ddsource=browser&dd-api-key=pub222856fe11852abc3642b1395fac0627&dd-evp-origin-version=7.1.0&dd-evp-origin=browser&dd-request-id=34e3d233-d342-4845-84c6-d8be417daf14&batch_time=1780920606765&_dd.api=fetch:0
[  313229ms] [ERROR] Failed to load resource: net::ERR_NAME_NOT_RESOLVED @ https://browser-intake-datadoghq.com/api/v2/rum?ddsource=browser&dd-api-key=pub222856fe11852abc3642b1395fac0627&dd-evp-origin-version=7.1.0&dd-evp-origin=browser&dd-request-id=5c341e44-b723-4c8d-a92c-0d6316de71e7&batch_time=1780920608804&_dd.api=fetch:0
[  313958ms] [ERROR] Failed to load resource: net::ERR_NAME_NOT_RESOLVED @ https://browser-intake-datadoghq.com/api/v2/rum?ddsource=browser&dd-api-key=pub222856fe11852abc3642b1395fac0627&dd-evp-origin-version=7.1.0&dd-evp-origin=browser&dd-request-id=f0ef57ba-bb1a-46c5-80df-b7b89e2e4e6f&batch_time=1780920609532&_dd.api=fetch:0
[  316931ms] [ERROR] Failed to load resource: the server responded with a status of 429 () @ https://api.elections.kalshi.com/v1/markets/order_books?market_tickers=KXMLBGAME-26JUN102040CHCCOL-CHC:0
[  316946ms] [LOG] Transport layer info: You are making requests too frequently @ https://kalshi.com/_next/static/chunks/0q~3w5mbasf3y.js?dpl=dpl_8DZC32fyfJrhwVcY7PUjK6qhB1QX:3
[  319728ms] [ERROR] Failed to load resource: net::ERR_NAME_NOT_RESOLVED @ https://browser-intake-datadoghq.com/api/v2/rum?ddsource=browser&dd-api-key=pub222856fe11852abc3642b1395fac0627&dd-evp-origin-version=7.1.0&dd-evp-origin=browser&dd-request-id=3eb73593-dc5c-4680-ba1f-e0c448072c21&batch_time=1780920615302&_dd.api=fetch:0
[  322786ms] [ERROR] Failed to load resource: net::ERR_NAME_NOT_RESOLVED @ https://browser-intake-datadoghq.com/api/v2/rum?ddsource=browser&dd-api-key=pub222856fe11852abc3642b1395fac0627&dd-evp-origin-version=7.1.0&dd-evp-origin=browser&dd-request-id=bac732f2-044e-4026-b0e5-833984508254&batch_time=1780920618348&_dd.api=fetch:0
[  326810ms] [ERROR] Failed to load resource: net::ERR_NAME_NOT_RESOLVED @ https://browser-intake-datadoghq.com/api/v2/rum?ddsource=browser&dd-api-key=pub222856fe11852abc3642b1395fac0627&dd-evp-origin-version=7.1.0&dd-evp-origin=browser&dd-request-id=0f06a311-1641-49f1-9ee4-0d5d7bfe9d64&batch_time=1780920622384&_dd.api=fetch:0
[  328927ms] [ERROR] Failed to load resource: net::ERR_NAME_NOT_RESOLVED @ https://browser-intake-datadoghq.com/api/v2/rum?ddsource=browser&dd-api-key=pub222856fe11852abc3642b1395fac0627&dd-evp-origin-version=7.1.0&dd-evp-origin=browser&dd-request-id=da558d2b-ffc9-432e-8651-7228385eb9a4&batch_time=1780920624499&_dd.api=fetch:0
[  331848ms] [ERROR] Failed to load resource: net::ERR_NAME_NOT_RESOLVED @ https://browser-intake-datadoghq.com/api/v2/rum?ddsource=browser&dd-api-key=pub222856fe11852abc3642b1395fac0627&dd-evp-origin-version=7.1.0&dd-evp-origin=browser&dd-request-id=bc518d3c-74da-4745-a5ee-c753240e2ea8&batch_time=1780920627422&_dd.api=fetch:0
[  333925ms] [ERROR] Failed to load resource: net::ERR_NAME_NOT_RESOLVED @ https://browser-intake-datadoghq.com/api/v2/rum?ddsource=browser&dd-api-key=pub222856fe11852abc3642b1395fac0627&dd-evp-origin-version=7.1.0&dd-evp-origin=browser&dd-request-id=c58bcd38-b2b1-48bf-a98d-16653161ac47&batch_time=1780920629499&_dd.api=fetch:0
[  338457ms] [ERROR] Failed to load resource: net::ERR_NAME_NOT_RESOLVED @ https://browser-intake-datadoghq.com/api/v2/rum?ddsource=browser&dd-api-key=pub222856fe11852abc3642b1395fac0627&dd-evp-origin-version=7.1.0&dd-evp-origin=browser&dd-request-id=5dd7ea4d-8294-41a9-a72d-ab8ec3c94e69&batch_time=1780920634032&_dd.api=fetch:0
[  341114ms] [ERROR] Failed to load resource: net::ERR_NAME_NOT_RESOLVED @ https://browser-intake-datadoghq.com/api/v2/rum?ddsource=browser&dd-api-key=pub222856fe11852abc3642b1395fac0627&dd-evp-origin-version=7.1.0&dd-evp-origin=browser&dd-request-id=87312cff-c91b-4f8e-928a-7faf3fb44335&batch_time=1780920636684&_dd.api=fetch:0
[  345445ms] [ERROR] Failed to load resource: net::ERR_NAME_NOT_RESOLVED @ https://browser-intake-datadoghq.com/api/v2/rum?ddsource=browser&dd-api-key=pub222856fe11852abc3642b1395fac0627&dd-evp-origin-version=7.1.0&dd-evp-origin=browser&dd-request-id=63b399cc-61ff-43c8-af28-79964d359f19&batch_time=1780920641019&_dd.api=fetch:0
[  348303ms] [ERROR] Failed to load resource: net::ERR_NAME_NOT_RESOLVED @ https://browser-intake-datadoghq.com/api/v2/rum?ddsource=browser&dd-api-key=pub222856fe11852abc3642b1395fac0627&dd-evp-origin-version=7.1.0&dd-evp-origin=browser&dd-request-id=ff9f38b0-f6c8-4371-ae4d-1ff49d88623a&batch_time=1780920643865&_dd.api=fetch:0
[  350008ms] [ERROR] Failed to load resource: net::ERR_NAME_NOT_RESOLVED @ https://browser-intake-datadoghq.com/api/v2/rum?ddsource=browser&dd-api-key=pub222856fe11852abc3642b1395fac0627&dd-evp-origin-version=7.1.0&dd-evp-origin=browser&dd-request-id=508974ad-75d1-4dfb-894d-843fc439ce87&batch_time=1780920645582&_dd.api=fetch:0
[  352762ms] [ERROR] Failed to load resource: net::ERR_NAME_NOT_RESOLVED @ https://browser-intake-datadoghq.com/api/v2/rum?ddsource=browser&dd-api-key=pub222856fe11852abc3642b1395fac0627&dd-evp-origin-version=7.1.0&dd-evp-origin=browser&dd-request-id=735990c9-9988-4bcf-b343-7c70ad7b38f0&batch_time=1780920648333&_dd.api=fetch:0
[  354307ms] [ERROR] Failed to load resource: net::ERR_NAME_NOT_RESOLVED @ https://browser-intake-datadoghq.com/api/v2/rum?ddsource=browser&dd-api-key=pub222856fe11852abc3642b1395fac0627&dd-evp-origin-version=7.1.0&dd-evp-origin=browser&dd-request-id=8ea831b6-219a-430f-bdbe-eeecbcff0af8&batch_time=1780920649882&_dd.api=fetch:0
[  357063ms] [ERROR] Failed to load resource: net::ERR_NAME_NOT_RESOLVED @ https://browser-intake-datadoghq.com/api/v2/rum?ddsource=browser&dd-api-key=pub222856fe11852abc3642b1395fac0627&dd-evp-origin-version=7.1.0&dd-evp-origin=browser&dd-request-id=a3f00d73-49c0-44c6-bff2-ece4c1ad1f49&batch_time=1780920652637&_dd.api=fetch:0
[  359647ms] [ERROR] Failed to load resource: net::ERR_NAME_NOT_RESOLVED @ https://browser-intake-datadoghq.com/api/v2/rum?ddsource=browser&dd-api-key=pub222856fe11852abc3642b1395fac0627&dd-evp-origin-version=7.1.0&dd-evp-origin=browser&dd-request-id=d355d307-d906-4bf2-a65a-98059d4de7fb&batch_time=1780920655221&_dd.api=fetch:0
[  362124ms] [ERROR] Failed to load resource: net::ERR_NAME_NOT_RESOLVED @ https://browser-intake-datadoghq.com/api/v2/rum?ddsource=browser&dd-api-key=pub222856fe11852abc3642b1395fac0627&dd-evp-origin-version=7.1.0&dd-evp-origin=browser&dd-request-id=ebf94383-6538-400c-89ff-7e9a544b5820&batch_time=1780920657699&_dd.api=fetch:0
[  364958ms] [ERROR] Failed to load resource: net::ERR_NAME_NOT_RESOLVED @ https://browser-intake-datadoghq.com/api/v2/rum?ddsource=browser&dd-api-key=pub222856fe11852abc3642b1395fac0627&dd-evp-origin-version=7.1.0&dd-evp-origin=browser&dd-request-id=e12b1350-173b-4fc2-880e-6c4e9c0b8fac&batch_time=1780920660511&_dd.api=fetch:0
[  367970ms] [WARNING] The resource https://kalshi.com/images/research/mission/Frame.png was preloaded using link preload but not used within a few seconds from the window's load event. Please make sure it has an appropriate `as` value and it is preloaded intentionally. @ https://kalshi.com/markets/kxmlbgame/professional-baseball-game/kxmlbgame-26jun102040chccol:0
[  367970ms] [WARNING] The resource https://kalshi.com/images/research/mission/calibration.png was preloaded using link preload but not used within a few seconds from the window's load event. Please make sure it has an appropriate `as` value and it is preloaded intentionally. @ https://kalshi.com/markets/kxmlbgame/professional-baseball-game/kxmlbgame-26jun102040chccol:0
[  367970ms] [WARNING] The resource https://kalshi.com/images/research/mission/prediction-accuracy.png was preloaded using link preload but not used within a few seconds from the window's load event. Please make sure it has an appropriate `as` value and it is preloaded intentionally. @ https://kalshi.com/markets/kxmlbgame/professional-baseball-game/kxmlbgame-26jun102040chccol:0
[  367970ms] [WARNING] The resource https://kalshi.com/images/research/mission/real-world-impact.png was preloaded using link preload but not used within a few seconds from the window's load event. Please make sure it has an appropriate `as` value and it is preloaded intentionally. @ https://kalshi.com/markets/kxmlbgame/professional-baseball-game/kxmlbgame-26jun102040chccol:0
[  367970ms] [WARNING] The resource https://kalshi.com/images/research/mission/belief-updating-dynamics.png was preloaded using link preload but not used within a few seconds from the window's load event. Please make sure it has an appropriate `as` value and it is preloaded intentionally. @ https://kalshi.com/markets/kxmlbgame/professional-baseball-game/kxmlbgame-26jun102040chccol:0
[  367970ms] [WARNING] The resource https://kalshi.com/images/research/mission/market-microstructure.png was preloaded using link preload but not used within a few seconds from the window's load event. Please make sure it has an appropriate `as` value and it is preloaded intentionally. @ https://kalshi.com/markets/kxmlbgame/professional-baseball-game/kxmlbgame-26jun102040chccol:0
[  367970ms] [WARNING] The resource https://kalshi.com/images/research/mission/participant-heterogeneity.png was preloaded using link preload but not used within a few seconds from the window's load event. Please make sure it has an appropriate `as` value and it is preloaded intentionally. @ https://kalshi.com/markets/kxmlbgame/professional-baseball-game/kxmlbgame-26jun102040chccol:0
[  368977ms] [ERROR] Failed to load resource: net::ERR_NAME_NOT_RESOLVED @ https://browser-intake-datadoghq.com/api/v2/rum?ddsource=browser&dd-api-key=pub222856fe11852abc3642b1395fac0627&dd-evp-origin-version=7.1.0&dd-evp-origin=browser&dd-request-id=3a0d5c11-0271-40bc-bbee-8cfbbd9e6f2a&batch_time=1780920664551&_dd.api=fetch:0
[  371982ms] [ERROR] Failed to load resource: net::ERR_NAME_NOT_RESOLVED @ https://browser-intake-datadoghq.com/api/v2/rum?ddsource=browser&dd-api-key=pub222856fe11852abc3642b1395fac0627&dd-evp-origin-version=7.1.0&dd-evp-origin=browser&dd-request-id=d2cbe6a4-6f20-4b71-baab-9ca11f2681ff&batch_time=1780920667557&_dd.api=fetch:0
[  373022ms] [ERROR] Failed to load resource: the server responded with a status of 429 () @ https://api.elections.kalshi.com/v1/social/trades?series_ticker=KXMLBGAME:0
[  373023ms] [LOG] Transport layer info: You are making requests too frequently @ https://kalshi.com/_next/static/chunks/0q~3w5mbasf3y.js?dpl=dpl_8DZC32fyfJrhwVcY7PUjK6qhB1QX:3
[  373196ms] [ERROR] Failed to load resource: net::ERR_NAME_NOT_RESOLVED @ https://browser-intake-datadoghq.com/api/v2/rum?ddsource=browser&dd-api-key=pub222856fe11852abc3642b1395fac0627&dd-evp-origin-version=7.1.0&dd-evp-origin=browser&dd-request-id=50c7d4f2-df64-48ca-ab45-bee9e2d9f6a8&batch_time=1780920668769&_dd.api=fetch:0
[  375646ms] [ERROR] Failed to load resource: net::ERR_NAME_NOT_RESOLVED @ https://browser-intake-datadoghq.com/api/v2/rum?ddsource=browser&dd-api-key=pub222856fe11852abc3642b1395fac0627&dd-evp-origin-version=7.1.0&dd-evp-origin=browser&dd-request-id=e21183ef-dc3b-4dd1-b9b0-f421f78cc7b7&batch_time=1780920671203&_dd.api=fetch:0
[  379434ms] [ERROR] Failed to load resource: net::ERR_NAME_NOT_RESOLVED @ https://browser-intake-datadoghq.com/api/v2/rum?ddsource=browser&dd-api-key=pub222856fe11852abc3642b1395fac0627&dd-evp-origin-version=7.1.0&dd-evp-origin=browser&dd-request-id=3a7406b8-a463-4210-b15b-5ac8217e21f1&batch_time=1780920675009&_dd.api=fetch:0
[  381544ms] [ERROR] Failed to load resource: net::ERR_NAME_NOT_RESOLVED @ https://browser-intake-datadoghq.com/api/v2/rum?ddsource=browser&dd-api-key=pub222856fe11852abc3642b1395fac0627&dd-evp-origin-version=7.1.0&dd-evp-origin=browser&dd-request-id=02a4cdf7-c90d-4db4-8117-685463156fee&batch_time=1780920677118&_dd.api=fetch:0
[  383410ms] [ERROR] Failed to load resource: net::ERR_NAME_NOT_RESOLVED @ https://browser-intake-datadoghq.com/api/v2/rum?ddsource=browser&dd-api-key=pub222856fe11852abc3642b1395fac0627&dd-evp-origin-version=7.1.0&dd-evp-origin=browser&dd-request-id=4a61ffc0-e36f-4596-8433-afa5d871544f&batch_time=1780920678984&_dd.api=fetch:0
[  385712ms] [ERROR] Failed to load resource: net::ERR_NAME_NOT_RESOLVED @ https://browser-intake-datadoghq.com/api/v2/rum?ddsource=browser&dd-api-key=pub222856fe11852abc3642b1395fac0627&dd-evp-origin-version=7.1.0&dd-evp-origin=browser&dd-request-id=7f8f1567-67f3-49d9-bf21-4ac623fbf00e&batch_time=1780920681286&_dd.api=fetch:0
[  388725ms] [WARNING] The resource https://kalshi.com/images/research/mission/Frame.png was preloaded using link preload but not used within a few seconds from the window's load event. Please make sure it has an appropriate `as` value and it is preloaded intentionally. @ https://kalshi.com/markets/kxmlbgame/professional-baseball-game/kxmlbgame-26jun102040chccol:0
[  388725ms] [WARNING] The resource https://kalshi.com/images/research/mission/calibration.png was preloaded using link preload but not used within a few seconds from the window's load event. Please make sure it has an appropriate `as` value and it is preloaded intentionally. @ https://kalshi.com/markets/kxmlbgame/professional-baseball-game/kxmlbgame-26jun102040chccol:0
[  388725ms] [WARNING] The resource https://kalshi.com/images/research/mission/prediction-accuracy.png was preloaded using link preload but not used within a few seconds from the window's load event. Please make sure it has an appropriate `as` value and it is preloaded intentionally. @ https://kalshi.com/markets/kxmlbgame/professional-baseball-game/kxmlbgame-26jun102040chccol:0
[  388725ms] [WARNING] The resource https://kalshi.com/images/research/mission/real-world-impact.png was preloaded using link preload but not used within a few seconds from the window's load event. Please make sure it has an appropriate `as` value and it is preloaded intentionally. @ https://kalshi.com/markets/kxmlbgame/professional-baseball-game/kxmlbgame-26jun102040chccol:0
[  388725ms] [WARNING] The resource https://kalshi.com/images/research/mission/belief-updating-dynamics.png was preloaded using link preload but not used within a few seconds from the window's load event. Please make sure it has an appropriate `as` value and it is preloaded intentionally. @ https://kalshi.com/markets/kxmlbgame/professional-baseball-game/kxmlbgame-26jun102040chccol:0
[  388725ms] [WARNING] The resource https://kalshi.com/images/research/mission/market-microstructure.png was preloaded using link preload but not used within a few seconds from the window's load event. Please make sure it has an appropriate `as` value and it is preloaded intentionally. @ https://kalshi.com/markets/kxmlbgame/professional-baseball-game/kxmlbgame-26jun102040chccol:0
[  388725ms] [WARNING] The resource https://kalshi.com/images/research/mission/participant-heterogeneity.png was preloaded using link preload but not used within a few seconds from the window's load event. Please make sure it has an appropriate `as` value and it is preloaded intentionally. @ https://kalshi.com/markets/kxmlbgame/professional-baseball-game/kxmlbgame-26jun102040chccol:0
[  389851ms] [ERROR] Failed to load resource: net::ERR_NAME_NOT_RESOLVED @ https://browser-intake-datadoghq.com/api/v2/rum?ddsource=browser&dd-api-key=pub222856fe11852abc3642b1395fac0627&dd-evp-origin-version=7.1.0&dd-evp-origin=browser&dd-request-id=cbc55f59-0e04-4bc2-abff-38ce1509e00c&batch_time=1780920685426&_dd.api=fetch:0
[  392856ms] [WARNING] The resource https://kalshi.com/images/research/mission/Frame.png was preloaded using link preload but not used within a few seconds from the window's load event. Please make sure it has an appropriate `as` value and it is preloaded intentionally. @ https://kalshi.com/markets/kxmlbgame/professional-baseball-game/kxmlbgame-26jun102040chccol:0
[  392856ms] [WARNING] The resource https://kalshi.com/images/research/mission/calibration.png was preloaded using link preload but not used within a few seconds from the window's load event. Please make sure it has an appropriate `as` value and it is preloaded intentionally. @ https://kalshi.com/markets/kxmlbgame/professional-baseball-game/kxmlbgame-26jun102040chccol:0
[  392856ms] [WARNING] The resource https://kalshi.com/images/research/mission/prediction-accuracy.png was preloaded using link preload but not used within a few seconds from the window's load event. Please make sure it has an appropriate `as` value and it is preloaded intentionally. @ https://kalshi.com/markets/kxmlbgame/professional-baseball-game/kxmlbgame-26jun102040chccol:0
[  392856ms] [WARNING] The resource https://kalshi.com/images/research/mission/real-world-impact.png was preloaded using link preload but not used within a few seconds from the window's load event. Please make sure it has an appropriate `as` value and it is preloaded intentionally. @ https://kalshi.com/markets/kxmlbgame/professional-baseball-game/kxmlbgame-26jun102040chccol:0
[  392856ms] [WARNING] The resource https://kalshi.com/images/research/mission/belief-updating-dynamics.png was preloaded using link preload but not used within a few seconds from the window's load event. Please make sure it has an appropriate `as` value and it is preloaded intentionally. @ https://kalshi.com/markets/kxmlbgame/professional-baseball-game/kxmlbgame-26jun102040chccol:0
[  392856ms] [WARNING] The resource https://kalshi.com/images/research/mission/market-microstructure.png was preloaded using link preload but not used within a few seconds from the window's load event. Please make sure it has an appropriate `as` value and it is preloaded intentionally. @ https://kalshi.com/markets/kxmlbgame/professional-baseball-game/kxmlbgame-26jun102040chccol:0
[  392856ms] [WARNING] The resource https://kalshi.com/images/research/mission/participant-heterogeneity.png was preloaded using link preload but not used within a few seconds from the window's load event. Please make sure it has an appropriate `as` value and it is preloaded intentionally. @ https://kalshi.com/markets/kxmlbgame/professional-baseball-game/kxmlbgame-26jun102040chccol:0
[  394061ms] [ERROR] Failed to load resource: net::ERR_NAME_NOT_RESOLVED @ https://browser-intake-datadoghq.com/api/v2/rum?ddsource=browser&dd-api-key=pub222856fe11852abc3642b1395fac0627&dd-evp-origin-version=7.1.0&dd-evp-origin=browser&dd-request-id=fe35db84-d093-4a11-9fb7-389ae517e815&batch_time=1780920689635&_dd.api=fetch:0
[  396864ms] [ERROR] Failed to load resource: net::ERR_NAME_NOT_RESOLVED @ https://browser-intake-datadoghq.com/api/v2/rum?ddsource=browser&dd-api-key=pub222856fe11852abc3642b1395fac0627&dd-evp-origin-version=7.1.0&dd-evp-origin=browser&dd-request-id=756b94dd-8384-43fb-b2ce-ab8432e3f635&batch_time=1780920692435&_dd.api=fetch:0
[  399965ms] [WARNING] The resource https://kalshi.com/images/research/mission/Frame.png was preloaded using link preload but not used within a few seconds from the window's load event. Please make sure it has an appropriate `as` value and it is preloaded intentionally. @ https://kalshi.com/markets/kxmlbgame/professional-baseball-game/kxmlbgame-26jun102040chccol:0
[  399965ms] [WARNING] The resource https://kalshi.com/images/research/mission/calibration.png was preloaded using link preload but not used within a few seconds from the window's load event. Please make sure it has an appropriate `as` value and it is preloaded intentionally. @ https://kalshi.com/markets/kxmlbgame/professional-baseball-game/kxmlbgame-26jun102040chccol:0
[  399965ms] [WARNING] The resource https://kalshi.com/images/research/mission/prediction-accuracy.png was preloaded using link preload but not used within a few seconds from the window's load event. Please make sure it has an appropriate `as` value and it is preloaded intentionally. @ https://kalshi.com/markets/kxmlbgame/professional-baseball-game/kxmlbgame-26jun102040chccol:0
[  399965ms] [WARNING] The resource https://kalshi.com/images/research/mission/real-world-impact.png was preloaded using link preload but not used within a few seconds from the window's load event. Please make sure it has an appropriate `as` value and it is preloaded intentionally. @ https://kalshi.com/markets/kxmlbgame/professional-baseball-game/kxmlbgame-26jun102040chccol:0
[  399965ms] [WARNING] The resource https://kalshi.com/images/research/mission/belief-updating-dynamics.png was preloaded using link preload but not used within a few seconds from the window's load event. Please make sure it has an appropriate `as` value and it is preloaded intentionally. @ https://kalshi.com/markets/kxmlbgame/professional-baseball-game/kxmlbgame-26jun102040chccol:0
[  399965ms] [WARNING] The resource https://kalshi.com/images/research/mission/market-microstructure.png was preloaded using link preload but not used within a few seconds from the window's load event. Please make sure it has an appropriate `as` value and it is preloaded intentionally. @ https://kalshi.com/markets/kxmlbgame/professional-baseball-game/kxmlbgame-26jun102040chccol:0
[  399965ms] [WARNING] The resource https://kalshi.com/images/research/mission/participant-heterogeneity.png was preloaded using link preload but not used within a few seconds from the window's load event. Please make sure it has an appropriate `as` value and it is preloaded intentionally. @ https://kalshi.com/markets/kxmlbgame/professional-baseball-game/kxmlbgame-26jun102040chccol:0
[  400990ms] [ERROR] Failed to load resource: net::ERR_NAME_NOT_RESOLVED @ https://browser-intake-datadoghq.com/api/v2/rum?ddsource=browser&dd-api-key=pub222856fe11852abc3642b1395fac0627&dd-evp-origin-version=7.1.0&dd-evp-origin=browser&dd-request-id=81ef67a9-a20c-4719-85b8-d5f50f6cff4d&batch_time=1780920696552&_dd.api=fetch:0
[  403979ms] [ERROR] Failed to load resource: net::ERR_NAME_NOT_RESOLVED @ https://browser-intake-datadoghq.com/api/v2/rum?ddsource=browser&dd-api-key=pub222856fe11852abc3642b1395fac0627&dd-evp-origin-version=7.1.0&dd-evp-origin=browser&dd-request-id=60111223-fa81-4684-bb24-b5ca4867c6be&batch_time=1780920699553&_dd.api=fetch:0
[  407970ms] [WARNING] The resource https://kalshi.com/images/research/mission/Frame.png was preloaded using link preload but not used within a few seconds from the window's load event. Please make sure it has an appropriate `as` value and it is preloaded intentionally. @ https://kalshi.com/markets/kxmlbgame/professional-baseball-game/kxmlbgame-26jun102040chccol:0
[  407971ms] [WARNING] The resource https://kalshi.com/images/research/mission/calibration.png was preloaded using link preload but not used within a few seconds from the window's load event. Please make sure it has an appropriate `as` value and it is preloaded intentionally. @ https://kalshi.com/markets/kxmlbgame/professional-baseball-game/kxmlbgame-26jun102040chccol:0
[  407971ms] [WARNING] The resource https://kalshi.com/images/research/mission/prediction-accuracy.png was preloaded using link preload but not used within a few seconds from the window's load event. Please make sure it has an appropriate `as` value and it is preloaded intentionally. @ https://kalshi.com/markets/kxmlbgame/professional-baseball-game/kxmlbgame-26jun102040chccol:0
[  407971ms] [WARNING] The resource https://kalshi.com/images/research/mission/real-world-impact.png was preloaded using link preload but not used within a few seconds from the window's load event. Please make sure it has an appropriate `as` value and it is preloaded intentionally. @ https://kalshi.com/markets/kxmlbgame/professional-baseball-game/kxmlbgame-26jun102040chccol:0
[  407971ms] [WARNING] The resource https://kalshi.com/images/research/mission/belief-updating-dynamics.png was preloaded using link preload but not used within a few seconds from the window's load event. Please make sure it has an appropriate `as` value and it is preloaded intentionally. @ https://kalshi.com/markets/kxmlbgame/professional-baseball-game/kxmlbgame-26jun102040chccol:0
[  407971ms] [WARNING] The resource https://kalshi.com/images/research/mission/market-microstructure.png was preloaded using link preload but not used within a few seconds from the window's load event. Please make sure it has an appropriate `as` value and it is preloaded intentionally. @ https://kalshi.com/markets/kxmlbgame/professional-baseball-game/kxmlbgame-26jun102040chccol:0
[  407971ms] [WARNING] The resource https://kalshi.com/images/research/mission/participant-heterogeneity.png was preloaded using link preload but not used within a few seconds from the window's load event. Please make sure it has an appropriate `as` value and it is preloaded intentionally. @ https://kalshi.com/markets/kxmlbgame/professional-baseball-game/kxmlbgame-26jun102040chccol:0
[  412202ms] [WARNING] The resource https://kalshi.com/images/research/mission/Frame.png was preloaded using link preload but not used within a few seconds from the window's load event. Please make sure it has an appropriate `as` value and it is preloaded intentionally. @ https://kalshi.com/markets/kxmlbgame/professional-baseball-game/kxmlbgame-26jun102040chccol:0
[  412202ms] [WARNING] The resource https://kalshi.com/images/research/mission/calibration.png was preloaded using link preload but not used within a few seconds from the window's load event. Please make sure it has an appropriate `as` value and it is preloaded intentionally. @ https://kalshi.com/markets/kxmlbgame/professional-baseball-game/kxmlbgame-26jun102040chccol:0
[  412202ms] [WARNING] The resource https://kalshi.com/images/research/mission/prediction-accuracy.png was preloaded using link preload but not used within a few seconds from the window's load event. Please make sure it has an appropriate `as` value and it is preloaded intentionally. @ https://kalshi.com/markets/kxmlbgame/professional-baseball-game/kxmlbgame-26jun102040chccol:0
[  412202ms] [WARNING] The resource https://kalshi.com/images/research/mission/real-world-impact.png was preloaded using link preload but not used within a few seconds from the window's load event. Please make sure it has an appropriate `as` value and it is preloaded intentionally. @ https://kalshi.com/markets/kxmlbgame/professional-baseball-game/kxmlbgame-26jun102040chccol:0
[  412202ms] [WARNING] The resource https://kalshi.com/images/research/mission/belief-updating-dynamics.png was preloaded using link preload but not used within a few seconds from the window's load event. Please make sure it has an appropriate `as` value and it is preloaded intentionally. @ https://kalshi.com/markets/kxmlbgame/professional-baseball-game/kxmlbgame-26jun102040chccol:0
[  412202ms] [WARNING] The resource https://kalshi.com/images/research/mission/market-microstructure.png was preloaded using link preload but not used within a few seconds from the window's load event. Please make sure it has an appropriate `as` value and it is preloaded intentionally. @ https://kalshi.com/markets/kxmlbgame/professional-baseball-game/kxmlbgame-26jun102040chccol:0
[  412202ms] [WARNING] The resource https://kalshi.com/images/research/mission/participant-heterogeneity.png was preloaded using link preload but not used within a few seconds from the window's load event. Please make sure it has an appropriate `as` value and it is preloaded intentionally. @ https://kalshi.com/markets/kxmlbgame/professional-baseball-game/kxmlbgame-26jun102040chccol:0
[  413010ms] [ERROR] Failed to load resource: net::ERR_NAME_NOT_RESOLVED @ https://browser-intake-datadoghq.com/api/v2/rum?ddsource=browser&dd-api-key=pub222856fe11852abc3642b1395fac0627&dd-evp-origin-version=7.1.0&dd-evp-origin=browser&dd-request-id=78741f1e-86d6-4085-8c54-7dd255d68283&batch_time=1780920708580&_dd.api=fetch:0
[  416201ms] [WARNING] The resource https://kalshi.com/images/research/mission/Frame.png was preloaded using link preload but not used within a few seconds from the window's load event. Please make sure it has an appropriate `as` value and it is preloaded intentionally. @ https://kalshi.com/markets/kxmlbgame/professional-baseball-game/kxmlbgame-26jun102040chccol:0
[  416202ms] [WARNING] The resource https://kalshi.com/images/research/mission/calibration.png was preloaded using link preload but not used within a few seconds from the window's load event. Please make sure it has an appropriate `as` value and it is preloaded intentionally. @ https://kalshi.com/markets/kxmlbgame/professional-baseball-game/kxmlbgame-26jun102040chccol:0
[  416202ms] [WARNING] The resource https://kalshi.com/images/research/mission/prediction-accuracy.png was preloaded using link preload but not used within a few seconds from the window's load event. Please make sure it has an appropriate `as` value and it is preloaded intentionally. @ https://kalshi.com/markets/kxmlbgame/professional-baseball-game/kxmlbgame-26jun102040chccol:0
[  416202ms] [WARNING] The resource https://kalshi.com/images/research/mission/real-world-impact.png was preloaded using link preload but not used within a few seconds from the window's load event. Please make sure it has an appropriate `as` value and it is preloaded intentionally. @ https://kalshi.com/markets/kxmlbgame/professional-baseball-game/kxmlbgame-26jun102040chccol:0
[  416202ms] [WARNING] The resource https://kalshi.com/images/research/mission/belief-updating-dynamics.png was preloaded using link preload but not used within a few seconds from the window's load event. Please make sure it has an appropriate `as` value and it is preloaded intentionally. @ https://kalshi.com/markets/kxmlbgame/professional-baseball-game/kxmlbgame-26jun102040chccol:0
[  416202ms] [WARNING] The resource https://kalshi.com/images/research/mission/market-microstructure.png was preloaded using link preload but not used within a few seconds from the window's load event. Please make sure it has an appropriate `as` value and it is preloaded intentionally. @ https://kalshi.com/markets/kxmlbgame/professional-baseball-game/kxmlbgame-26jun102040chccol:0
[  416202ms] [WARNING] The resource https://kalshi.com/images/research/mission/participant-heterogeneity.png was preloaded using link preload but not used within a few seconds from the window's load event. Please make sure it has an appropriate `as` value and it is preloaded intentionally. @ https://kalshi.com/markets/kxmlbgame/professional-baseball-game/kxmlbgame-26jun102040chccol:0
[  416879ms] [ERROR] Failed to load resource: the server responded with a status of 429 () @ https://api.elections.kalshi.com/v1/series/KXMLBGAME/events/KXMLBGAME-26JUN102040CHCCOL?with_markdown=true:0
[  416938ms] [LOG] Transport layer info: You are making requests too frequently @ https://kalshi.com/_next/static/chunks/0q~3w5mbasf3y.js?dpl=dpl_8DZC32fyfJrhwVcY7PUjK6qhB1QX:3
[  420203ms] [WARNING] The resource https://kalshi.com/images/research/mission/Frame.png was preloaded using link preload but not used within a few seconds from the window's load event. Please make sure it has an appropriate `as` value and it is preloaded intentionally. @ https://kalshi.com/markets/kxmlbgame/professional-baseball-game/kxmlbgame-26jun102040chccol:0
[  420203ms] [WARNING] The resource https://kalshi.com/images/research/mission/calibration.png was preloaded using link preload but not used within a few seconds from the window's load event. Please make sure it has an appropriate `as` value and it is preloaded intentionally. @ https://kalshi.com/markets/kxmlbgame/professional-baseball-game/kxmlbgame-26jun102040chccol:0
[  420203ms] [WARNING] The resource https://kalshi.com/images/research/mission/prediction-accuracy.png was preloaded using link preload but not used within a few seconds from the window's load event. Please make sure it has an appropriate `as` value and it is preloaded intentionally. @ https://kalshi.com/markets/kxmlbgame/professional-baseball-game/kxmlbgame-26jun102040chccol:0
[  420203ms] [WARNING] The resource https://kalshi.com/images/research/mission/real-world-impact.png was preloaded using link preload but not used within a few seconds from the window's load event. Please make sure it has an appropriate `as` value and it is preloaded intentionally. @ https://kalshi.com/markets/kxmlbgame/professional-baseball-game/kxmlbgame-26jun102040chccol:0
[  420203ms] [WARNING] The resource https://kalshi.com/images/research/mission/belief-updating-dynamics.png was preloaded using link preload but not used within a few seconds from the window's load event. Please make sure it has an appropriate `as` value and it is preloaded intentionally. @ https://kalshi.com/markets/kxmlbgame/professional-baseball-game/kxmlbgame-26jun102040chccol:0
[  420203ms] [WARNING] The resource https://kalshi.com/images/research/mission/market-microstructure.png was preloaded using link preload but not used within a few seconds from the window's load event. Please make sure it has an appropriate `as` value and it is preloaded intentionally. @ https://kalshi.com/markets/kxmlbgame/professional-baseball-game/kxmlbgame-26jun102040chccol:0
[  420203ms] [WARNING] The resource https://kalshi.com/images/research/mission/participant-heterogeneity.png was preloaded using link preload but not used within a few seconds from the window's load event. Please make sure it has an appropriate `as` value and it is preloaded intentionally. @ https://kalshi.com/markets/kxmlbgame/professional-baseball-game/kxmlbgame-26jun102040chccol:0
[  420945ms] [ERROR] Failed to load resource: net::ERR_NAME_NOT_RESOLVED @ https://browser-intake-datadoghq.com/api/v2/rum?ddsource=browser&dd-api-key=pub222856fe11852abc3642b1395fac0627&dd-evp-origin-version=7.1.0&dd-evp-origin=browser&dd-request-id=dd0ce5ad-d9ff-4490-ac4a-84d4d87b239e&batch_time=1780920716519&_dd.api=fetch:0
[  425645ms] [ERROR] Failed to load resource: net::ERR_NAME_NOT_RESOLVED @ https://browser-intake-datadoghq.com/api/v2/rum?ddsource=browser&dd-api-key=pub222856fe11852abc3642b1395fac0627&dd-evp-origin-version=7.1.0&dd-evp-origin=browser&dd-request-id=a4ba57af-4880-4f34-9c2a-50ac45f7d305&batch_time=1780920721219&_dd.api=fetch:0
[  428653ms] [WARNING] The resource https://kalshi.com/images/research/mission/Frame.png was preloaded using link preload but not used within a few seconds from the window's load event. Please make sure it has an appropriate `as` value and it is preloaded intentionally. @ https://kalshi.com/markets/kxmlbgame/professional-baseball-game/kxmlbgame-26jun102040chccol:0
[  428653ms] [WARNING] The resource https://kalshi.com/images/research/mission/calibration.png was preloaded using link preload but not used within a few seconds from the window's load event. Please make sure it has an appropriate `as` value and it is preloaded intentionally. @ https://kalshi.com/markets/kxmlbgame/professional-baseball-game/kxmlbgame-26jun102040chccol:0
[  428653ms] [WARNING] The resource https://kalshi.com/images/research/mission/prediction-accuracy.png was preloaded using link preload but not used within a few seconds from the window's load event. Please make sure it has an appropriate `as` value and it is preloaded intentionally. @ https://kalshi.com/markets/kxmlbgame/professional-baseball-game/kxmlbgame-26jun102040chccol:0
[  428653ms] [WARNING] The resource https://kalshi.com/images/research/mission/real-world-impact.png was preloaded using link preload but not used within a few seconds from the window's load event. Please make sure it has an appropriate `as` value and it is preloaded intentionally. @ https://kalshi.com/markets/kxmlbgame/professional-baseball-game/kxmlbgame-26jun102040chccol:0
[  428653ms] [WARNING] The resource https://kalshi.com/images/research/mission/belief-updating-dynamics.png was preloaded using link preload but not used within a few seconds from the window's load event. Please make sure it has an appropriate `as` value and it is preloaded intentionally. @ https://kalshi.com/markets/kxmlbgame/professional-baseball-game/kxmlbgame-26jun102040chccol:0
[  428653ms] [WARNING] The resource https://kalshi.com/images/research/mission/market-microstructure.png was preloaded using link preload but not used within a few seconds from the window's load event. Please make sure it has an appropriate `as` value and it is preloaded intentionally. @ https://kalshi.com/markets/kxmlbgame/professional-baseball-game/kxmlbgame-26jun102040chccol:0
[  428653ms] [WARNING] The resource https://kalshi.com/images/research/mission/participant-heterogeneity.png was preloaded using link preload but not used within a few seconds from the window's load event. Please make sure it has an appropriate `as` value and it is preloaded intentionally. @ https://kalshi.com/markets/kxmlbgame/professional-baseball-game/kxmlbgame-26jun102040chccol:0
[  433148ms] [ERROR] Failed to load resource: net::ERR_NAME_NOT_RESOLVED @ https://browser-intake-datadoghq.com/api/v2/rum?ddsource=browser&dd-api-key=pub222856fe11852abc3642b1395fac0627&dd-evp-origin-version=7.1.0&dd-evp-origin=browser&dd-request-id=5851ad38-92b0-4c22-8e6a-fb9fc776f39c&batch_time=1780920728722&_dd.api=fetch:0
[  433512ms] [ERROR] Failed to load resource: net::ERR_NAME_NOT_RESOLVED @ https://browser-intake-datadoghq.com/api/v2/rum?ddsource=browser&dd-api-key=pub222856fe11852abc3642b1395fac0627&dd-evp-origin-version=7.1.0&dd-evp-origin=browser&dd-request-id=d66211a1-060b-43c1-8b17-419229cf16ad&batch_time=1780920729086&_dd.api=fetch:0
[  435764ms] [ERROR] Failed to load resource: net::ERR_NAME_NOT_RESOLVED @ https://browser-intake-datadoghq.com/api/v2/rum?ddsource=browser&dd-api-key=pub222856fe11852abc3642b1395fac0627&dd-evp-origin-version=7.1.0&dd-evp-origin=browser&dd-request-id=4c2526ea-6a89-4f5d-8d87-515bbee2a87b&batch_time=1780920731339&_dd.api=fetch:0
[  438463ms] [ERROR] Failed to load resource: net::ERR_NAME_NOT_RESOLVED @ https://browser-intake-datadoghq.com/api/v2/rum?ddsource=browser&dd-api-key=pub222856fe11852abc3642b1395fac0627&dd-evp-origin-version=7.1.0&dd-evp-origin=browser&dd-request-id=d2bca9cd-1c9d-4ce9-b0bf-81a2bb9502ab&batch_time=1780920734037&_dd.api=fetch:0
[  441996ms] [ERROR] Failed to load resource: net::ERR_NAME_NOT_RESOLVED @ https://browser-intake-datadoghq.com/api/v2/rum?ddsource=browser&dd-api-key=pub222856fe11852abc3642b1395fac0627&dd-evp-origin-version=7.1.0&dd-evp-origin=browser&dd-request-id=ac1f4c3a-acd4-44ce-a8be-147f26dc4883&batch_time=1780920737570&_dd.api=fetch:0
[  445533ms] [ERROR] Failed to load resource: net::ERR_NAME_NOT_RESOLVED @ https://browser-intake-datadoghq.com/api/v2/rum?ddsource=browser&dd-api-key=pub222856fe11852abc3642b1395fac0627&dd-evp-origin-version=7.1.0&dd-evp-origin=browser&dd-request-id=1924599b-63a8-45b0-ab0c-111580158be6&batch_time=1780920741093&_dd.api=fetch:0
[  448537ms] [WARNING] The resource https://kalshi.com/images/research/mission/Frame.png was preloaded using link preload but not used within a few seconds from the window's load event. Please make sure it has an appropriate `as` value and it is preloaded intentionally. @ https://kalshi.com/markets/kxmlbgame/professional-baseball-game/kxmlbgame-26jun102040chccol:0
[  448537ms] [WARNING] The resource https://kalshi.com/images/research/mission/calibration.png was preloaded using link preload but not used within a few seconds from the window's load event. Please make sure it has an appropriate `as` value and it is preloaded intentionally. @ https://kalshi.com/markets/kxmlbgame/professional-baseball-game/kxmlbgame-26jun102040chccol:0
[  448537ms] [WARNING] The resource https://kalshi.com/images/research/mission/prediction-accuracy.png was preloaded using link preload but not used within a few seconds from the window's load event. Please make sure it has an appropriate `as` value and it is preloaded intentionally. @ https://kalshi.com/markets/kxmlbgame/professional-baseball-game/kxmlbgame-26jun102040chccol:0
[  448537ms] [WARNING] The resource https://kalshi.com/images/research/mission/real-world-impact.png was preloaded using link preload but not used within a few seconds from the window's load event. Please make sure it has an appropriate `as` value and it is preloaded intentionally. @ https://kalshi.com/markets/kxmlbgame/professional-baseball-game/kxmlbgame-26jun102040chccol:0
[  448537ms] [WARNING] The resource https://kalshi.com/images/research/mission/belief-updating-dynamics.png was preloaded using link preload but not used within a few seconds from the window's load event. Please make sure it has an appropriate `as` value and it is preloaded intentionally. @ https://kalshi.com/markets/kxmlbgame/professional-baseball-game/kxmlbgame-26jun102040chccol:0
[  448537ms] [WARNING] The resource https://kalshi.com/images/research/mission/market-microstructure.png was preloaded using link preload but not used within a few seconds from the window's load event. Please make sure it has an appropriate `as` value and it is preloaded intentionally. @ https://kalshi.com/markets/kxmlbgame/professional-baseball-game/kxmlbgame-26jun102040chccol:0
[  448537ms] [WARNING] The resource https://kalshi.com/images/research/mission/participant-heterogeneity.png was preloaded using link preload but not used within a few seconds from the window's load event. Please make sure it has an appropriate `as` value and it is preloaded intentionally. @ https://kalshi.com/markets/kxmlbgame/professional-baseball-game/kxmlbgame-26jun102040chccol:0
[  449571ms] [ERROR] Failed to load resource: net::ERR_NAME_NOT_RESOLVED @ https://browser-intake-datadoghq.com/api/v2/rum?ddsource=browser&dd-api-key=pub222856fe11852abc3642b1395fac0627&dd-evp-origin-version=7.1.0&dd-evp-origin=browser&dd-request-id=76c762a3-9423-46e0-bd11-430194c3c52b&batch_time=1780920745145&_dd.api=fetch:0
[  452573ms] [WARNING] The resource https://kalshi.com/images/research/mission/Frame.png was preloaded using link preload but not used within a few seconds from the window's load event. Please make sure it has an appropriate `as` value and it is preloaded intentionally. @ https://kalshi.com/markets/kxmlbgame/professional-baseball-game/kxmlbgame-26jun102040chccol:0
[  452573ms] [WARNING] The resource https://kalshi.com/images/research/mission/calibration.png was preloaded using link preload but not used within a few seconds from the window's load event. Please make sure it has an appropriate `as` value and it is preloaded intentionally. @ https://kalshi.com/markets/kxmlbgame/professional-baseball-game/kxmlbgame-26jun102040chccol:0
[  452573ms] [WARNING] The resource https://kalshi.com/images/research/mission/prediction-accuracy.png was preloaded using link preload but not used within a few seconds from the window's load event. Please make sure it has an appropriate `as` value and it is preloaded intentionally. @ https://kalshi.com/markets/kxmlbgame/professional-baseball-game/kxmlbgame-26jun102040chccol:0
[  452573ms] [WARNING] The resource https://kalshi.com/images/research/mission/real-world-impact.png was preloaded using link preload but not used within a few seconds from the window's load event. Please make sure it has an appropriate `as` value and it is preloaded intentionally. @ https://kalshi.com/markets/kxmlbgame/professional-baseball-game/kxmlbgame-26jun102040chccol:0
[  452573ms] [WARNING] The resource https://kalshi.com/images/research/mission/belief-updating-dynamics.png was preloaded using link preload but not used within a few seconds from the window's load event. Please make sure it has an appropriate `as` value and it is preloaded intentionally. @ https://kalshi.com/markets/kxmlbgame/professional-baseball-game/kxmlbgame-26jun102040chccol:0
[  452573ms] [WARNING] The resource https://kalshi.com/images/research/mission/market-microstructure.png was preloaded using link preload but not used within a few seconds from the window's load event. Please make sure it has an appropriate `as` value and it is preloaded intentionally. @ https://kalshi.com/markets/kxmlbgame/professional-baseball-game/kxmlbgame-26jun102040chccol:0
[  452573ms] [WARNING] The resource https://kalshi.com/images/research/mission/participant-heterogeneity.png was preloaded using link preload but not used within a few seconds from the window's load event. Please make sure it has an appropriate `as` value and it is preloaded intentionally. @ https://kalshi.com/markets/kxmlbgame/professional-baseball-game/kxmlbgame-26jun102040chccol:0
[  453623ms] [ERROR] Failed to load resource: net::ERR_NAME_NOT_RESOLVED @ https://browser-intake-datadoghq.com/api/v2/rum?ddsource=browser&dd-api-key=pub222856fe11852abc3642b1395fac0627&dd-evp-origin-version=7.1.0&dd-evp-origin=browser&dd-request-id=0d91e45b-04b7-4ba1-8dd1-6ac3ec33854c&batch_time=1780920749197&_dd.api=fetch:0
[  456632ms] [WARNING] The resource https://kalshi.com/images/research/mission/Frame.png was preloaded using link preload but not used within a few seconds from the window's load event. Please make sure it has an appropriate `as` value and it is preloaded intentionally. @ https://kalshi.com/markets/kxmlbgame/professional-baseball-game/kxmlbgame-26jun102040chccol:0
[  456632ms] [WARNING] The resource https://kalshi.com/images/research/mission/calibration.png was preloaded using link preload but not used within a few seconds from the window's load event. Please make sure it has an appropriate `as` value and it is preloaded intentionally. @ https://kalshi.com/markets/kxmlbgame/professional-baseball-game/kxmlbgame-26jun102040chccol:0
[  456632ms] [WARNING] The resource https://kalshi.com/images/research/mission/prediction-accuracy.png was preloaded using link preload but not used within a few seconds from the window's load event. Please make sure it has an appropriate `as` value and it is preloaded intentionally. @ https://kalshi.com/markets/kxmlbgame/professional-baseball-game/kxmlbgame-26jun102040chccol:0
[  456632ms] [WARNING] The resource https://kalshi.com/images/research/mission/real-world-impact.png was preloaded using link preload but not used within a few seconds from the window's load event. Please make sure it has an appropriate `as` value and it is preloaded intentionally. @ https://kalshi.com/markets/kxmlbgame/professional-baseball-game/kxmlbgame-26jun102040chccol:0
[  456632ms] [WARNING] The resource https://kalshi.com/images/research/mission/belief-updating-dynamics.png was preloaded using link preload but not used within a few seconds from the window's load event. Please make sure it has an appropriate `as` value and it is preloaded intentionally. @ https://kalshi.com/markets/kxmlbgame/professional-baseball-game/kxmlbgame-26jun102040chccol:0
[  456632ms] [WARNING] The resource https://kalshi.com/images/research/mission/market-microstructure.png was preloaded using link preload but not used within a few seconds from the window's load event. Please make sure it has an appropriate `as` value and it is preloaded intentionally. @ https://kalshi.com/markets/kxmlbgame/professional-baseball-game/kxmlbgame-26jun102040chccol:0
[  456632ms] [WARNING] The resource https://kalshi.com/images/research/mission/participant-heterogeneity.png was preloaded using link preload but not used within a few seconds from the window's load event. Please make sure it has an appropriate `as` value and it is preloaded intentionally. @ https://kalshi.com/markets/kxmlbgame/professional-baseball-game/kxmlbgame-26jun102040chccol:0
[  457661ms] [ERROR] Failed to load resource: net::ERR_NAME_NOT_RESOLVED @ https://browser-intake-datadoghq.com/api/v2/rum?ddsource=browser&dd-api-key=pub222856fe11852abc3642b1395fac0627&dd-evp-origin-version=7.1.0&dd-evp-origin=browser&dd-request-id=6460fa44-e750-485e-a075-3d7d61f73fb6&batch_time=1780920753232&_dd.api=fetch:0
[  460669ms] [WARNING] The resource https://kalshi.com/images/research/mission/Frame.png was preloaded using link preload but not used within a few seconds from the window's load event. Please make sure it has an appropriate `as` value and it is preloaded intentionally. @ https://kalshi.com/markets/kxmlbgame/professional-baseball-game/kxmlbgame-26jun102040chccol:0
[  460669ms] [WARNING] The resource https://kalshi.com/images/research/mission/calibration.png was preloaded using link preload but not used within a few seconds from the window's load event. Please make sure it has an appropriate `as` value and it is preloaded intentionally. @ https://kalshi.com/markets/kxmlbgame/professional-baseball-game/kxmlbgame-26jun102040chccol:0
[  460669ms] [WARNING] The resource https://kalshi.com/images/research/mission/prediction-accuracy.png was preloaded using link preload but not used within a few seconds from the window's load event. Please make sure it has an appropriate `as` value and it is preloaded intentionally. @ https://kalshi.com/markets/kxmlbgame/professional-baseball-game/kxmlbgame-26jun102040chccol:0
[  460669ms] [WARNING] The resource https://kalshi.com/images/research/mission/real-world-impact.png was preloaded using link preload but not used within a few seconds from the window's load event. Please make sure it has an appropriate `as` value and it is preloaded intentionally. @ https://kalshi.com/markets/kxmlbgame/professional-baseball-game/kxmlbgame-26jun102040chccol:0
[  460669ms] [WARNING] The resource https://kalshi.com/images/research/mission/belief-updating-dynamics.png was preloaded using link preload but not used within a few seconds from the window's load event. Please make sure it has an appropriate `as` value and it is preloaded intentionally. @ https://kalshi.com/markets/kxmlbgame/professional-baseball-game/kxmlbgame-26jun102040chccol:0
[  460669ms] [WARNING] The resource https://kalshi.com/images/research/mission/market-microstructure.png was preloaded using link preload but not used within a few seconds from the window's load event. Please make sure it has an appropriate `as` value and it is preloaded intentionally. @ https://kalshi.com/markets/kxmlbgame/professional-baseball-game/kxmlbgame-26jun102040chccol:0
[  460669ms] [WARNING] The resource https://kalshi.com/images/research/mission/participant-heterogeneity.png was preloaded using link preload but not used within a few seconds from the window's load event. Please make sure it has an appropriate `as` value and it is preloaded intentionally. @ https://kalshi.com/markets/kxmlbgame/professional-baseball-game/kxmlbgame-26jun102040chccol:0
[  462717ms] [ERROR] Failed to load resource: net::ERR_NAME_NOT_RESOLVED @ https://browser-intake-datadoghq.com/api/v2/rum?ddsource=browser&dd-api-key=pub222856fe11852abc3642b1395fac0627&dd-evp-origin-version=7.1.0&dd-evp-origin=browser&dd-request-id=e48036f9-b67e-4725-8e51-e8a449b0e757&batch_time=1780920758290&_dd.api=fetch:0
[  464731ms] [ERROR] Failed to load resource: net::ERR_NAME_NOT_RESOLVED @ https://browser-intake-datadoghq.com/api/v2/rum?ddsource=browser&dd-api-key=pub222856fe11852abc3642b1395fac0627&dd-evp-origin-version=7.1.0&dd-evp-origin=browser&dd-request-id=521be654-c726-4da0-8345-9d6345f8d3d9&batch_time=1780920760305&_dd.api=fetch:0
[  467974ms] [WARNING] The resource https://kalshi.com/images/research/mission/Frame.png was preloaded using link preload but not used within a few seconds from the window's load event. Please make sure it has an appropriate `as` value and it is preloaded intentionally. @ https://kalshi.com/markets/kxmlbgame/professional-baseball-game/kxmlbgame-26jun102040chccol:0
[  467974ms] [WARNING] The resource https://kalshi.com/images/research/mission/calibration.png was preloaded using link preload but not used within a few seconds from the window's load event. Please make sure it has an appropriate `as` value and it is preloaded intentionally. @ https://kalshi.com/markets/kxmlbgame/professional-baseball-game/kxmlbgame-26jun102040chccol:0
[  467974ms] [WARNING] The resource https://kalshi.com/images/research/mission/prediction-accuracy.png was preloaded using link preload but not used within a few seconds from the window's load event. Please make sure it has an appropriate `as` value and it is preloaded intentionally. @ https://kalshi.com/markets/kxmlbgame/professional-baseball-game/kxmlbgame-26jun102040chccol:0
[  467974ms] [WARNING] The resource https://kalshi.com/images/research/mission/real-world-impact.png was preloaded using link preload but not used within a few seconds from the window's load event. Please make sure it has an appropriate `as` value and it is preloaded intentionally. @ https://kalshi.com/markets/kxmlbgame/professional-baseball-game/kxmlbgame-26jun102040chccol:0
[  467974ms] [WARNING] The resource https://kalshi.com/images/research/mission/belief-updating-dynamics.png was preloaded using link preload but not used within a few seconds from the window's load event. Please make sure it has an appropriate `as` value and it is preloaded intentionally. @ https://kalshi.com/markets/kxmlbgame/professional-baseball-game/kxmlbgame-26jun102040chccol:0
[  467974ms] [WARNING] The resource https://kalshi.com/images/research/mission/market-microstructure.png was preloaded using link preload but not used within a few seconds from the window's load event. Please make sure it has an appropriate `as` value and it is preloaded intentionally. @ https://kalshi.com/markets/kxmlbgame/professional-baseball-game/kxmlbgame-26jun102040chccol:0
[  467974ms] [WARNING] The resource https://kalshi.com/images/research/mission/participant-heterogeneity.png was preloaded using link preload but not used within a few seconds from the window's load event. Please make sure it has an appropriate `as` value and it is preloaded intentionally. @ https://kalshi.com/markets/kxmlbgame/professional-baseball-game/kxmlbgame-26jun102040chccol:0
[  469460ms] [ERROR] Failed to load resource: net::ERR_NAME_NOT_RESOLVED @ https://browser-intake-datadoghq.com/api/v2/rum?ddsource=browser&dd-api-key=pub222856fe11852abc3642b1395fac0627&dd-evp-origin-version=7.1.0&dd-evp-origin=browser&dd-request-id=9d79d106-f221-48b2-9840-af756738cdc0&batch_time=1780920765032&_dd.api=fetch:0
[  472464ms] [WARNING] The resource https://kalshi.com/images/research/mission/Frame.png was preloaded using link preload but not used within a few seconds from the window's load event. Please make sure it has an appropriate `as` value and it is preloaded intentionally. @ https://kalshi.com/markets/kxmlbgame/professional-baseball-game/kxmlbgame-26jun102040chccol:0
[  472464ms] [WARNING] The resource https://kalshi.com/images/research/mission/calibration.png was preloaded using link preload but not used within a few seconds from the window's load event. Please make sure it has an appropriate `as` value and it is preloaded intentionally. @ https://kalshi.com/markets/kxmlbgame/professional-baseball-game/kxmlbgame-26jun102040chccol:0
[  472464ms] [WARNING] The resource https://kalshi.com/images/research/mission/prediction-accuracy.png was preloaded using link preload but not used within a few seconds from the window's load event. Please make sure it has an appropriate `as` value and it is preloaded intentionally. @ https://kalshi.com/markets/kxmlbgame/professional-baseball-game/kxmlbgame-26jun102040chccol:0
[  472464ms] [WARNING] The resource https://kalshi.com/images/research/mission/real-world-impact.png was preloaded using link preload but not used within a few seconds from the window's load event. Please make sure it has an appropriate `as` value and it is preloaded intentionally. @ https://kalshi.com/markets/kxmlbgame/professional-baseball-game/kxmlbgame-26jun102040chccol:0
[  472464ms] [WARNING] The resource https://kalshi.com/images/research/mission/belief-updating-dynamics.png was preloaded using link preload but not used within a few seconds from the window's load event. Please make sure it has an appropriate `as` value and it is preloaded intentionally. @ https://kalshi.com/markets/kxmlbgame/professional-baseball-game/kxmlbgame-26jun102040chccol:0
[  472464ms] [WARNING] The resource https://kalshi.com/images/research/mission/market-microstructure.png was preloaded using link preload but not used within a few seconds from the window's load event. Please make sure it has an appropriate `as` value and it is preloaded intentionally. @ https://kalshi.com/markets/kxmlbgame/professional-baseball-game/kxmlbgame-26jun102040chccol:0
[  472464ms] [WARNING] The resource https://kalshi.com/images/research/mission/participant-heterogeneity.png was preloaded using link preload but not used within a few seconds from the window's load event. Please make sure it has an appropriate `as` value and it is preloaded intentionally. @ https://kalshi.com/markets/kxmlbgame/professional-baseball-game/kxmlbgame-26jun102040chccol:0
[  473292ms] [ERROR] Failed to load resource: net::ERR_NAME_NOT_RESOLVED @ https://browser-intake-datadoghq.com/api/v2/rum?ddsource=browser&dd-api-key=pub222856fe11852abc3642b1395fac0627&dd-evp-origin-version=7.1.0&dd-evp-origin=browser&dd-request-id=09abadb6-b8fa-4b82-96b0-627be48b8d0b&batch_time=1780920768845&_dd.api=fetch:0
[  476278ms] [ERROR] Failed to load resource: net::ERR_NAME_NOT_RESOLVED @ https://browser-intake-datadoghq.com/api/v2/rum?ddsource=browser&dd-api-key=pub222856fe11852abc3642b1395fac0627&dd-evp-origin-version=7.1.0&dd-evp-origin=browser&dd-request-id=97e51e67-cfee-4e96-9f8f-eb290c0ffdd6&batch_time=1780920771852&_dd.api=fetch:0
[  480211ms] [WARNING] The resource https://kalshi.com/images/research/mission/Frame.png was preloaded using link preload but not used within a few seconds from the window's load event. Please make sure it has an appropriate `as` value and it is preloaded intentionally. @ https://kalshi.com/markets/kxmlbgame/professional-baseball-game/kxmlbgame-26jun102040chccol:0
[  480211ms] [WARNING] The resource https://kalshi.com/images/research/mission/calibration.png was preloaded using link preload but not used within a few seconds from the window's load event. Please make sure it has an appropriate `as` value and it is preloaded intentionally. @ https://kalshi.com/markets/kxmlbgame/professional-baseball-game/kxmlbgame-26jun102040chccol:0
[  480211ms] [WARNING] The resource https://kalshi.com/images/research/mission/prediction-accuracy.png was preloaded using link preload but not used within a few seconds from the window's load event. Please make sure it has an appropriate `as` value and it is preloaded intentionally. @ https://kalshi.com/markets/kxmlbgame/professional-baseball-game/kxmlbgame-26jun102040chccol:0
[  480211ms] [WARNING] The resource https://kalshi.com/images/research/mission/real-world-impact.png was preloaded using link preload but not used within a few seconds from the window's load event. Please make sure it has an appropriate `as` value and it is preloaded intentionally. @ https://kalshi.com/markets/kxmlbgame/professional-baseball-game/kxmlbgame-26jun102040chccol:0
[  480211ms] [WARNING] The resource https://kalshi.com/images/research/mission/belief-updating-dynamics.png was preloaded using link preload but not used within a few seconds from the window's load event. Please make sure it has an appropriate `as` value and it is preloaded intentionally. @ https://kalshi.com/markets/kxmlbgame/professional-baseball-game/kxmlbgame-26jun102040chccol:0
[  480211ms] [WARNING] The resource https://kalshi.com/images/research/mission/market-microstructure.png was preloaded using link preload but not used within a few seconds from the window's load event. Please make sure it has an appropriate `as` value and it is preloaded intentionally. @ https://kalshi.com/markets/kxmlbgame/professional-baseball-game/kxmlbgame-26jun102040chccol:0
[  480211ms] [WARNING] The resource https://kalshi.com/images/research/mission/participant-heterogeneity.png was preloaded using link preload but not used within a few seconds from the window's load event. Please make sure it has an appropriate `as` value and it is preloaded intentionally. @ https://kalshi.com/markets/kxmlbgame/professional-baseball-game/kxmlbgame-26jun102040chccol:0
[  481354ms] [ERROR] Failed to load resource: net::ERR_NAME_NOT_RESOLVED @ https://browser-intake-datadoghq.com/api/v2/rum?ddsource=browser&dd-api-key=pub222856fe11852abc3642b1395fac0627&dd-evp-origin-version=7.1.0&dd-evp-origin=browser&dd-request-id=a8c9f759-0196-4276-9ee7-21e271ae3d88&batch_time=1780920776928&_dd.api=fetch:0
[  485380ms] [ERROR] Failed to load resource: net::ERR_NAME_NOT_RESOLVED @ https://browser-intake-datadoghq.com/api/v2/rum?ddsource=browser&dd-api-key=pub222856fe11852abc3642b1395fac0627&dd-evp-origin-version=7.1.0&dd-evp-origin=browser&dd-request-id=83d8a56e-4651-4861-9259-8b33244399ad&batch_time=1780920780941&_dd.api=fetch:0
[  488389ms] [WARNING] The resource https://kalshi.com/images/research/mission/Frame.png was preloaded using link preload but not used within a few seconds from the window's load event. Please make sure it has an appropriate `as` value and it is preloaded intentionally. @ https://kalshi.com/markets/kxmlbgame/professional-baseball-game/kxmlbgame-26jun102040chccol:0
[  488389ms] [WARNING] The resource https://kalshi.com/images/research/mission/calibration.png was preloaded using link preload but not used within a few seconds from the window's load event. Please make sure it has an appropriate `as` value and it is preloaded intentionally. @ https://kalshi.com/markets/kxmlbgame/professional-baseball-game/kxmlbgame-26jun102040chccol:0
[  488389ms] [WARNING] The resource https://kalshi.com/images/research/mission/prediction-accuracy.png was preloaded using link preload but not used within a few seconds from the window's load event. Please make sure it has an appropriate `as` value and it is preloaded intentionally. @ https://kalshi.com/markets/kxmlbgame/professional-baseball-game/kxmlbgame-26jun102040chccol:0
[  488389ms] [WARNING] The resource https://kalshi.com/images/research/mission/real-world-impact.png was preloaded using link preload but not used within a few seconds from the window's load event. Please make sure it has an appropriate `as` value and it is preloaded intentionally. @ https://kalshi.com/markets/kxmlbgame/professional-baseball-game/kxmlbgame-26jun102040chccol:0
[  488389ms] [WARNING] The resource https://kalshi.com/images/research/mission/belief-updating-dynamics.png was preloaded using link preload but not used within a few seconds from the window's load event. Please make sure it has an appropriate `as` value and it is preloaded intentionally. @ https://kalshi.com/markets/kxmlbgame/professional-baseball-game/kxmlbgame-26jun102040chccol:0
[  488389ms] [WARNING] The resource https://kalshi.com/images/research/mission/market-microstructure.png was preloaded using link preload but not used within a few seconds from the window's load event. Please make sure it has an appropriate `as` value and it is preloaded intentionally. @ https://kalshi.com/markets/kxmlbgame/professional-baseball-game/kxmlbgame-26jun102040chccol:0
[  488389ms] [WARNING] The resource https://kalshi.com/images/research/mission/participant-heterogeneity.png was preloaded using link preload but not used within a few seconds from the window's load event. Please make sure it has an appropriate `as` value and it is preloaded intentionally. @ https://kalshi.com/markets/kxmlbgame/professional-baseball-game/kxmlbgame-26jun102040chccol:0
[  489421ms] [ERROR] Failed to load resource: net::ERR_NAME_NOT_RESOLVED @ https://browser-intake-datadoghq.com/api/v2/rum?ddsource=browser&dd-api-key=pub222856fe11852abc3642b1395fac0627&dd-evp-origin-version=7.1.0&dd-evp-origin=browser&dd-request-id=90e1eebe-3f11-4030-96a2-2c45a4a53b6c&batch_time=1780920784995&_dd.api=fetch:0
[  493454ms] [ERROR] Failed to load resource: net::ERR_NAME_NOT_RESOLVED @ https://browser-intake-datadoghq.com/api/v2/rum?ddsource=browser&dd-api-key=pub222856fe11852abc3642b1395fac0627&dd-evp-origin-version=7.1.0&dd-evp-origin=browser&dd-request-id=5e5317bd-b69c-4e22-82f3-527d70620ca7&batch_time=1780920789029&_dd.api=fetch:0
[  495451ms] [ERROR] Failed to load resource: net::ERR_NAME_NOT_RESOLVED @ https://browser-intake-datadoghq.com/api/v2/rum?ddsource=browser&dd-api-key=pub222856fe11852abc3642b1395fac0627&dd-evp-origin-version=7.1.0&dd-evp-origin=browser&dd-request-id=52e4259f-7518-4335-80b0-03ed35ea7363&batch_time=1780920791025&_dd.api=fetch:0
[  499945ms] [WARNING] The resource https://kalshi.com/images/research/mission/Frame.png was preloaded using link preload but not used within a few seconds from the window's load event. Please make sure it has an appropriate `as` value and it is preloaded intentionally. @ https://kalshi.com/markets/kxmlbgame/professional-baseball-game/kxmlbgame-26jun102040chccol:0
[  499945ms] [WARNING] The resource https://kalshi.com/images/research/mission/calibration.png was preloaded using link preload but not used within a few seconds from the window's load event. Please make sure it has an appropriate `as` value and it is preloaded intentionally. @ https://kalshi.com/markets/kxmlbgame/professional-baseball-game/kxmlbgame-26jun102040chccol:0
[  499945ms] [WARNING] The resource https://kalshi.com/images/research/mission/prediction-accuracy.png was preloaded using link preload but not used within a few seconds from the window's load event. Please make sure it has an appropriate `as` value and it is preloaded intentionally. @ https://kalshi.com/markets/kxmlbgame/professional-baseball-game/kxmlbgame-26jun102040chccol:0
[  499945ms] [WARNING] The resource https://kalshi.com/images/research/mission/real-world-impact.png was preloaded using link preload but not used within a few seconds from the window's load event. Please make sure it has an appropriate `as` value and it is preloaded intentionally. @ https://kalshi.com/markets/kxmlbgame/professional-baseball-game/kxmlbgame-26jun102040chccol:0
[  499945ms] [WARNING] The resource https://kalshi.com/images/research/mission/belief-updating-dynamics.png was preloaded using link preload but not used within a few seconds from the window's load event. Please make sure it has an appropriate `as` value and it is preloaded intentionally. @ https://kalshi.com/markets/kxmlbgame/professional-baseball-game/kxmlbgame-26jun102040chccol:0
[  499945ms] [WARNING] The resource https://kalshi.com/images/research/mission/market-microstructure.png was preloaded using link preload but not used within a few seconds from the window's load event. Please make sure it has an appropriate `as` value and it is preloaded intentionally. @ https://kalshi.com/markets/kxmlbgame/professional-baseball-game/kxmlbgame-26jun102040chccol:0
[  499945ms] [WARNING] The resource https://kalshi.com/images/research/mission/participant-heterogeneity.png was preloaded using link preload but not used within a few seconds from the window's load event. Please make sure it has an appropriate `as` value and it is preloaded intentionally. @ https://kalshi.com/markets/kxmlbgame/professional-baseball-game/kxmlbgame-26jun102040chccol:0
[  500544ms] [ERROR] Failed to load resource: net::ERR_NAME_NOT_RESOLVED @ https://browser-intake-datadoghq.com/api/v2/rum?ddsource=browser&dd-api-key=pub222856fe11852abc3642b1395fac0627&dd-evp-origin-version=7.1.0&dd-evp-origin=browser&dd-request-id=92be408c-bdc4-4ad0-a771-484a4b549d2d&batch_time=1780920796106&_dd.api=fetch:0
[  503563ms] [ERROR] Failed to load resource: net::ERR_NAME_NOT_RESOLVED @ https://browser-intake-datadoghq.com/api/v2/rum?ddsource=browser&dd-api-key=pub222856fe11852abc3642b1395fac0627&dd-evp-origin-version=7.1.0&dd-evp-origin=browser&dd-request-id=9fc24f3d-b1fd-4d77-b40b-cd537c88b570&batch_time=1780920799130&_dd.api=fetch:0
[  507623ms] [ERROR] Failed to load resource: net::ERR_NAME_NOT_RESOLVED @ https://browser-intake-datadoghq.com/api/v2/rum?ddsource=browser&dd-api-key=pub222856fe11852abc3642b1395fac0627&dd-evp-origin-version=7.1.0&dd-evp-origin=browser&dd-request-id=92545315-db35-428f-abd2-d625c2f572b5&batch_time=1780920803196&_dd.api=fetch:0
[  512164ms] [WARNING] The resource https://kalshi.com/images/research/mission/Frame.png was preloaded using link preload but not used within a few seconds from the window's load event. Please make sure it has an appropriate `as` value and it is preloaded intentionally. @ https://kalshi.com/markets/kxmlbgame/professional-baseball-game/kxmlbgame-26jun102040chccol:0
[  512164ms] [WARNING] The resource https://kalshi.com/images/research/mission/calibration.png was preloaded using link preload but not used within a few seconds from the window's load event. Please make sure it has an appropriate `as` value and it is preloaded intentionally. @ https://kalshi.com/markets/kxmlbgame/professional-baseball-game/kxmlbgame-26jun102040chccol:0
[  512164ms] [WARNING] The resource https://kalshi.com/images/research/mission/prediction-accuracy.png was preloaded using link preload but not used within a few seconds from the window's load event. Please make sure it has an appropriate `as` value and it is preloaded intentionally. @ https://kalshi.com/markets/kxmlbgame/professional-baseball-game/kxmlbgame-26jun102040chccol:0
[  512164ms] [WARNING] The resource https://kalshi.com/images/research/mission/real-world-impact.png was preloaded using link preload but not used within a few seconds from the window's load event. Please make sure it has an appropriate `as` value and it is preloaded intentionally. @ https://kalshi.com/markets/kxmlbgame/professional-baseball-game/kxmlbgame-26jun102040chccol:0
[  512164ms] [WARNING] The resource https://kalshi.com/images/research/mission/belief-updating-dynamics.png was preloaded using link preload but not used within a few seconds from the window's load event. Please make sure it has an appropriate `as` value and it is preloaded intentionally. @ https://kalshi.com/markets/kxmlbgame/professional-baseball-game/kxmlbgame-26jun102040chccol:0
[  512164ms] [WARNING] The resource https://kalshi.com/images/research/mission/market-microstructure.png was preloaded using link preload but not used within a few seconds from the window's load event. Please make sure it has an appropriate `as` value and it is preloaded intentionally. @ https://kalshi.com/markets/kxmlbgame/professional-baseball-game/kxmlbgame-26jun102040chccol:0
[  512164ms] [WARNING] The resource https://kalshi.com/images/research/mission/participant-heterogeneity.png was preloaded using link preload but not used within a few seconds from the window's load event. Please make sure it has an appropriate `as` value and it is preloaded intentionally. @ https://kalshi.com/markets/kxmlbgame/professional-baseball-game/kxmlbgame-26jun102040chccol:0
[  512844ms] [ERROR] Failed to load resource: net::ERR_NAME_NOT_RESOLVED @ https://browser-intake-datadoghq.com/api/v2/rum?ddsource=browser&dd-api-key=pub222856fe11852abc3642b1395fac0627&dd-evp-origin-version=7.1.0&dd-evp-origin=browser&dd-request-id=05d1dbcc-e16b-4a8f-9b18-0aa81c89c557&batch_time=1780920808406&_dd.api=fetch:0
[  513617ms] [ERROR] Failed to load resource: net::ERR_NAME_NOT_RESOLVED @ https://browser-intake-datadoghq.com/api/v2/rum?ddsource=browser&dd-api-key=pub222856fe11852abc3642b1395fac0627&dd-evp-origin-version=7.1.0&dd-evp-origin=browser&dd-request-id=8ed43b0e-60f7-40a9-9011-f236383ffb05&batch_time=1780920809191&_dd.api=fetch:0
[  516617ms] [WARNING] The resource https://kalshi.com/images/research/mission/Frame.png was preloaded using link preload but not used within a few seconds from the window's load event. Please make sure it has an appropriate `as` value and it is preloaded intentionally. @ https://kalshi.com/markets/kxmlbgame/professional-baseball-game/kxmlbgame-26jun102040chccol:0
[  516617ms] [WARNING] The resource https://kalshi.com/images/research/mission/calibration.png was preloaded using link preload but not used within a few seconds from the window's load event. Please make sure it has an appropriate `as` value and it is preloaded intentionally. @ https://kalshi.com/markets/kxmlbgame/professional-baseball-game/kxmlbgame-26jun102040chccol:0
[  516617ms] [WARNING] The resource https://kalshi.com/images/research/mission/prediction-accuracy.png was preloaded using link preload but not used within a few seconds from the window's load event. Please make sure it has an appropriate `as` value and it is preloaded intentionally. @ https://kalshi.com/markets/kxmlbgame/professional-baseball-game/kxmlbgame-26jun102040chccol:0
[  516617ms] [WARNING] The resource https://kalshi.com/images/research/mission/real-world-impact.png was preloaded using link preload but not used within a few seconds from the window's load event. Please make sure it has an appropriate `as` value and it is preloaded intentionally. @ https://kalshi.com/markets/kxmlbgame/professional-baseball-game/kxmlbgame-26jun102040chccol:0
[  516617ms] [WARNING] The resource https://kalshi.com/images/research/mission/belief-updating-dynamics.png was preloaded using link preload but not used within a few seconds from the window's load event. Please make sure it has an appropriate `as` value and it is preloaded intentionally. @ https://kalshi.com/markets/kxmlbgame/professional-baseball-game/kxmlbgame-26jun102040chccol:0
[  516617ms] [WARNING] The resource https://kalshi.com/images/research/mission/market-microstructure.png was preloaded using link preload but not used within a few seconds from the window's load event. Please make sure it has an appropriate `as` value and it is preloaded intentionally. @ https://kalshi.com/markets/kxmlbgame/professional-baseball-game/kxmlbgame-26jun102040chccol:0
[  516617ms] [WARNING] The resource https://kalshi.com/images/research/mission/participant-heterogeneity.png was preloaded using link preload but not used within a few seconds from the window's load event. Please make sure it has an appropriate `as` value and it is preloaded intentionally. @ https://kalshi.com/markets/kxmlbgame/professional-baseball-game/kxmlbgame-26jun102040chccol:0
[  519519ms] [ERROR] Failed to load resource: net::ERR_NAME_NOT_RESOLVED @ https://browser-intake-datadoghq.com/api/v2/rum?ddsource=browser&dd-api-key=pub222856fe11852abc3642b1395fac0627&dd-evp-origin-version=7.1.0&dd-evp-origin=browser&dd-request-id=81667ab2-0777-492a-a102-f76fc7b977be&batch_time=1780920815093&_dd.api=fetch:0
[  522911ms] [ERROR] Failed to load resource: net::ERR_NAME_NOT_RESOLVED @ https://browser-intake-datadoghq.com/api/v2/rum?ddsource=browser&dd-api-key=pub222856fe11852abc3642b1395fac0627&dd-evp-origin-version=7.1.0&dd-evp-origin=browser&dd-request-id=c679dae2-f36d-4c4e-bdca-9d38ddc9c6a6&batch_time=1780920818474&_dd.api=fetch:0
[  525939ms] [ERROR] Failed to load resource: net::ERR_NAME_NOT_RESOLVED @ https://browser-intake-datadoghq.com/api/v2/rum?ddsource=browser&dd-api-key=pub222856fe11852abc3642b1395fac0627&dd-evp-origin-version=7.1.0&dd-evp-origin=browser&dd-request-id=fb02b67f-73bf-448d-b9fe-b892c36830d7&batch_time=1780920821513&_dd.api=fetch:0
[  530986ms] [ERROR] Failed to load resource: net::ERR_NAME_NOT_RESOLVED @ https://browser-intake-datadoghq.com/api/v2/rum?ddsource=browser&dd-api-key=pub222856fe11852abc3642b1395fac0627&dd-evp-origin-version=7.1.0&dd-evp-origin=browser&dd-request-id=d1afcecf-43bf-47a4-b479-8baaab8a395f&batch_time=1780920826560&_dd.api=fetch:0
[  534037ms] [ERROR] Failed to load resource: net::ERR_NAME_NOT_RESOLVED @ https://browser-intake-datadoghq.com/api/v2/rum?ddsource=browser&dd-api-key=pub222856fe11852abc3642b1395fac0627&dd-evp-origin-version=7.1.0&dd-evp-origin=browser&dd-request-id=fbfa0195-8461-4b28-b056-8810640f7643&batch_time=1780920829592&_dd.api=fetch:0
[  539079ms] [ERROR] Failed to load resource: net::ERR_NAME_NOT_RESOLVED @ https://browser-intake-datadoghq.com/api/v2/rum?ddsource=browser&dd-api-key=pub222856fe11852abc3642b1395fac0627&dd-evp-origin-version=7.1.0&dd-evp-origin=browser&dd-request-id=0e6b5110-de2b-44aa-bac2-0d2a9942bb77&batch_time=1780920834642&_dd.api=fetch:0
[  542103ms] [ERROR] Failed to load resource: net::ERR_NAME_NOT_RESOLVED @ https://browser-intake-datadoghq.com/api/v2/rum?ddsource=browser&dd-api-key=pub222856fe11852abc3642b1395fac0627&dd-evp-origin-version=7.1.0&dd-evp-origin=browser&dd-request-id=f895da5a-597b-4c01-8ced-dfe6bc48612e&batch_time=1780920837677&_dd.api=fetch:0
[  545132ms] [ERROR] Failed to load resource: net::ERR_NAME_NOT_RESOLVED @ https://browser-intake-datadoghq.com/api/v2/rum?ddsource=browser&dd-api-key=pub222856fe11852abc3642b1395fac0627&dd-evp-origin-version=7.1.0&dd-evp-origin=browser&dd-request-id=63f1d3a7-e1fb-4fae-a536-4a7afb08840c&batch_time=1780920840701&_dd.api=fetch:0
[  548139ms] [WARNING] The resource https://kalshi.com/images/research/mission/Frame.png was preloaded using link preload but not used within a few seconds from the window's load event. Please make sure it has an appropriate `as` value and it is preloaded intentionally. @ https://kalshi.com/markets/kxmlbgame/professional-baseball-game/kxmlbgame-26jun102040chccol:0
[  548139ms] [WARNING] The resource https://kalshi.com/images/research/mission/calibration.png was preloaded using link preload but not used within a few seconds from the window's load event. Please make sure it has an appropriate `as` value and it is preloaded intentionally. @ https://kalshi.com/markets/kxmlbgame/professional-baseball-game/kxmlbgame-26jun102040chccol:0
[  548139ms] [WARNING] The resource https://kalshi.com/images/research/mission/prediction-accuracy.png was preloaded using link preload but not used within a few seconds from the window's load event. Please make sure it has an appropriate `as` value and it is preloaded intentionally. @ https://kalshi.com/markets/kxmlbgame/professional-baseball-game/kxmlbgame-26jun102040chccol:0
[  548139ms] [WARNING] The resource https://kalshi.com/images/research/mission/real-world-impact.png was preloaded using link preload but not used within a few seconds from the window's load event. Please make sure it has an appropriate `as` value and it is preloaded intentionally. @ https://kalshi.com/markets/kxmlbgame/professional-baseball-game/kxmlbgame-26jun102040chccol:0
[  548139ms] [WARNING] The resource https://kalshi.com/images/research/mission/belief-updating-dynamics.png was preloaded using link preload but not used within a few seconds from the window's load event. Please make sure it has an appropriate `as` value and it is preloaded intentionally. @ https://kalshi.com/markets/kxmlbgame/professional-baseball-game/kxmlbgame-26jun102040chccol:0
[  548139ms] [WARNING] The resource https://kalshi.com/images/research/mission/market-microstructure.png was preloaded using link preload but not used within a few seconds from the window's load event. Please make sure it has an appropriate `as` value and it is preloaded intentionally. @ https://kalshi.com/markets/kxmlbgame/professional-baseball-game/kxmlbgame-26jun102040chccol:0
[  548139ms] [WARNING] The resource https://kalshi.com/images/research/mission/participant-heterogeneity.png was preloaded using link preload but not used within a few seconds from the window's load event. Please make sure it has an appropriate `as` value and it is preloaded intentionally. @ https://kalshi.com/markets/kxmlbgame/professional-baseball-game/kxmlbgame-26jun102040chccol:0
[  549097ms] [ERROR] Failed to load resource: the server responded with a status of 429 () @ https://api.elections.kalshi.com/v1/series/KXMLBGAME/events/KXMLBGAME-26JUN102040CHCCOL?with_markdown=true:0
[  549153ms] [LOG] Transport layer info: You are making requests too frequently @ https://kalshi.com/_next/static/chunks/0q~3w5mbasf3y.js?dpl=dpl_8DZC32fyfJrhwVcY7PUjK6qhB1QX:3
[  550179ms] [ERROR] Failed to load resource: net::ERR_NAME_NOT_RESOLVED @ https://browser-intake-datadoghq.com/api/v2/rum?ddsource=browser&dd-api-key=pub222856fe11852abc3642b1395fac0627&dd-evp-origin-version=7.1.0&dd-evp-origin=browser&dd-request-id=626b41b0-55a8-4b30-b024-4d50b696a6ea&batch_time=1780920845736&_dd.api=fetch:0
[  553191ms] [ERROR] Failed to load resource: net::ERR_NAME_NOT_RESOLVED @ https://browser-intake-datadoghq.com/api/v2/rum?ddsource=browser&dd-api-key=pub222856fe11852abc3642b1395fac0627&dd-evp-origin-version=7.1.0&dd-evp-origin=browser&dd-request-id=ac8cd32f-909c-4af7-b121-bb019a13e5fe&batch_time=1780920848766&_dd.api=fetch:0
[  555251ms] [ERROR] Failed to load resource: net::ERR_NAME_NOT_RESOLVED @ https://browser-intake-datadoghq.com/api/v2/rum?ddsource=browser&dd-api-key=pub222856fe11852abc3642b1395fac0627&dd-evp-origin-version=7.1.0&dd-evp-origin=browser&dd-request-id=239086cd-ea5b-4bda-9c61-59d3232f95a2&batch_time=1780920850824&_dd.api=fetch:0
[  558551ms] [ERROR] Failed to load resource: net::ERR_NAME_NOT_RESOLVED @ https://browser-intake-datadoghq.com/api/v2/rum?ddsource=browser&dd-api-key=pub222856fe11852abc3642b1395fac0627&dd-evp-origin-version=7.1.0&dd-evp-origin=browser&dd-request-id=6f6bc860-7938-46bb-8ae6-8f4b613a017c&batch_time=1780920854126&_dd.api=fetch:0
[  562387ms] [ERROR] Failed to load resource: net::ERR_NAME_NOT_RESOLVED @ https://browser-intake-datadoghq.com/api/v2/rum?ddsource=browser&dd-api-key=pub222856fe11852abc3642b1395fac0627&dd-evp-origin-version=7.1.0&dd-evp-origin=browser&dd-request-id=60adb248-3b7c-418c-a658-969a84d9a56a&batch_time=1780920857961&_dd.api=fetch:0
[  564651ms] [ERROR] Failed to load resource: net::ERR_NAME_NOT_RESOLVED @ https://browser-intake-datadoghq.com/api/v2/rum?ddsource=browser&dd-api-key=pub222856fe11852abc3642b1395fac0627&dd-evp-origin-version=7.1.0&dd-evp-origin=browser&dd-request-id=2aecf976-6acf-4818-8c77-125c16fb781e&batch_time=1780920860225&_dd.api=fetch:0
[  567986ms] [WARNING] The resource https://kalshi.com/images/research/mission/Frame.png was preloaded using link preload but not used within a few seconds from the window's load event. Please make sure it has an appropriate `as` value and it is preloaded intentionally. @ https://kalshi.com/markets/kxmlbgame/professional-baseball-game/kxmlbgame-26jun102040chccol:0
[  567986ms] [WARNING] The resource https://kalshi.com/images/research/mission/calibration.png was preloaded using link preload but not used within a few seconds from the window's load event. Please make sure it has an appropriate `as` value and it is preloaded intentionally. @ https://kalshi.com/markets/kxmlbgame/professional-baseball-game/kxmlbgame-26jun102040chccol:0
[  567986ms] [WARNING] The resource https://kalshi.com/images/research/mission/prediction-accuracy.png was preloaded using link preload but not used within a few seconds from the window's load event. Please make sure it has an appropriate `as` value and it is preloaded intentionally. @ https://kalshi.com/markets/kxmlbgame/professional-baseball-game/kxmlbgame-26jun102040chccol:0
[  567986ms] [WARNING] The resource https://kalshi.com/images/research/mission/real-world-impact.png was preloaded using link preload but not used within a few seconds from the window's load event. Please make sure it has an appropriate `as` value and it is preloaded intentionally. @ https://kalshi.com/markets/kxmlbgame/professional-baseball-game/kxmlbgame-26jun102040chccol:0
[  567986ms] [WARNING] The resource https://kalshi.com/images/research/mission/belief-updating-dynamics.png was preloaded using link preload but not used within a few seconds from the window's load event. Please make sure it has an appropriate `as` value and it is preloaded intentionally. @ https://kalshi.com/markets/kxmlbgame/professional-baseball-game/kxmlbgame-26jun102040chccol:0
[  567986ms] [WARNING] The resource https://kalshi.com/images/research/mission/market-microstructure.png was preloaded using link preload but not used within a few seconds from the window's load event. Please make sure it has an appropriate `as` value and it is preloaded intentionally. @ https://kalshi.com/markets/kxmlbgame/professional-baseball-game/kxmlbgame-26jun102040chccol:0
[  567986ms] [WARNING] The resource https://kalshi.com/images/research/mission/participant-heterogeneity.png was preloaded using link preload but not used within a few seconds from the window's load event. Please make sure it has an appropriate `as` value and it is preloaded intentionally. @ https://kalshi.com/markets/kxmlbgame/professional-baseball-game/kxmlbgame-26jun102040chccol:0
[  570487ms] [ERROR] Failed to load resource: net::ERR_NAME_NOT_RESOLVED @ https://browser-intake-datadoghq.com/api/v2/rum?ddsource=browser&dd-api-key=pub222856fe11852abc3642b1395fac0627&dd-evp-origin-version=7.1.0&dd-evp-origin=browser&dd-request-id=2737f14a-1b15-4cbd-ace8-354c356e7777&batch_time=1780920866061&_dd.api=fetch:0
[  573510ms] [ERROR] Failed to load resource: net::ERR_NAME_NOT_RESOLVED @ https://browser-intake-datadoghq.com/api/v2/rum?ddsource=browser&dd-api-key=pub222856fe11852abc3642b1395fac0627&dd-evp-origin-version=7.1.0&dd-evp-origin=browser&dd-request-id=853fdc81-6185-47a9-8a99-9f1981c80558&batch_time=1780920869085&_dd.api=fetch:0
[  576522ms] [WARNING] The resource https://kalshi.com/images/research/mission/Frame.png was preloaded using link preload but not used within a few seconds from the window's load event. Please make sure it has an appropriate `as` value and it is preloaded intentionally. @ https://kalshi.com/markets/kxmlbgame/professional-baseball-game/kxmlbgame-26jun102040chccol:0
[  576522ms] [WARNING] The resource https://kalshi.com/images/research/mission/calibration.png was preloaded using link preload but not used within a few seconds from the window's load event. Please make sure it has an appropriate `as` value and it is preloaded intentionally. @ https://kalshi.com/markets/kxmlbgame/professional-baseball-game/kxmlbgame-26jun102040chccol:0
[  576522ms] [WARNING] The resource https://kalshi.com/images/research/mission/prediction-accuracy.png was preloaded using link preload but not used within a few seconds from the window's load event. Please make sure it has an appropriate `as` value and it is preloaded intentionally. @ https://kalshi.com/markets/kxmlbgame/professional-baseball-game/kxmlbgame-26jun102040chccol:0
[  576522ms] [WARNING] The resource https://kalshi.com/images/research/mission/real-world-impact.png was preloaded using link preload but not used within a few seconds from the window's load event. Please make sure it has an appropriate `as` value and it is preloaded intentionally. @ https://kalshi.com/markets/kxmlbgame/professional-baseball-game/kxmlbgame-26jun102040chccol:0
[  576522ms] [WARNING] The resource https://kalshi.com/images/research/mission/belief-updating-dynamics.png was preloaded using link preload but not used within a few seconds from the window's load event. Please make sure it has an appropriate `as` value and it is preloaded intentionally. @ https://kalshi.com/markets/kxmlbgame/professional-baseball-game/kxmlbgame-26jun102040chccol:0
[  576522ms] [WARNING] The resource https://kalshi.com/images/research/mission/market-microstructure.png was preloaded using link preload but not used within a few seconds from the window's load event. Please make sure it has an appropriate `as` value and it is preloaded intentionally. @ https://kalshi.com/markets/kxmlbgame/professional-baseball-game/kxmlbgame-26jun102040chccol:0
[  576522ms] [WARNING] The resource https://kalshi.com/images/research/mission/participant-heterogeneity.png was preloaded using link preload but not used within a few seconds from the window's load event. Please make sure it has an appropriate `as` value and it is preloaded intentionally. @ https://kalshi.com/markets/kxmlbgame/professional-baseball-game/kxmlbgame-26jun102040chccol:0
[  577565ms] [ERROR] Failed to load resource: net::ERR_NAME_NOT_RESOLVED @ https://browser-intake-datadoghq.com/api/v2/rum?ddsource=browser&dd-api-key=pub222856fe11852abc3642b1395fac0627&dd-evp-origin-version=7.1.0&dd-evp-origin=browser&dd-request-id=98185794-b9fe-42da-aa09-a409f0a2be7c&batch_time=1780920873127&_dd.api=fetch:0
[  580565ms] [WARNING] The resource https://kalshi.com/images/research/mission/Frame.png was preloaded using link preload but not used within a few seconds from the window's load event. Please make sure it has an appropriate `as` value and it is preloaded intentionally. @ https://kalshi.com/markets/kxmlbgame/professional-baseball-game/kxmlbgame-26jun102040chccol:0
[  580565ms] [WARNING] The resource https://kalshi.com/images/research/mission/calibration.png was preloaded using link preload but not used within a few seconds from the window's load event. Please make sure it has an appropriate `as` value and it is preloaded intentionally. @ https://kalshi.com/markets/kxmlbgame/professional-baseball-game/kxmlbgame-26jun102040chccol:0
[  580565ms] [WARNING] The resource https://kalshi.com/images/research/mission/prediction-accuracy.png was preloaded using link preload but not used within a few seconds from the window's load event. Please make sure it has an appropriate `as` value and it is preloaded intentionally. @ https://kalshi.com/markets/kxmlbgame/professional-baseball-game/kxmlbgame-26jun102040chccol:0
[  580565ms] [WARNING] The resource https://kalshi.com/images/research/mission/real-world-impact.png was preloaded using link preload but not used within a few seconds from the window's load event. Please make sure it has an appropriate `as` value and it is preloaded intentionally. @ https://kalshi.com/markets/kxmlbgame/professional-baseball-game/kxmlbgame-26jun102040chccol:0
[  580565ms] [WARNING] The resource https://kalshi.com/images/research/mission/belief-updating-dynamics.png was preloaded using link preload but not used within a few seconds from the window's load event. Please make sure it has an appropriate `as` value and it is preloaded intentionally. @ https://kalshi.com/markets/kxmlbgame/professional-baseball-game/kxmlbgame-26jun102040chccol:0
[  580565ms] [WARNING] The resource https://kalshi.com/images/research/mission/market-microstructure.png was preloaded using link preload but not used within a few seconds from the window's load event. Please make sure it has an appropriate `as` value and it is preloaded intentionally. @ https://kalshi.com/markets/kxmlbgame/professional-baseball-game/kxmlbgame-26jun102040chccol:0
[  580565ms] [WARNING] The resource https://kalshi.com/images/research/mission/participant-heterogeneity.png was preloaded using link preload but not used within a few seconds from the window's load event. Please make sure it has an appropriate `as` value and it is preloaded intentionally. @ https://kalshi.com/markets/kxmlbgame/professional-baseball-game/kxmlbgame-26jun102040chccol:0
[  582593ms] [ERROR] Failed to load resource: net::ERR_NAME_NOT_RESOLVED @ https://browser-intake-datadoghq.com/api/v2/rum?ddsource=browser&dd-api-key=pub222856fe11852abc3642b1395fac0627&dd-evp-origin-version=7.1.0&dd-evp-origin=browser&dd-request-id=369aa2a5-a818-4ee6-b1a2-e33bc7794acb&batch_time=1780920878166&_dd.api=fetch:0
[  585629ms] [ERROR] Failed to load resource: net::ERR_NAME_NOT_RESOLVED @ https://browser-intake-datadoghq.com/api/v2/rum?ddsource=browser&dd-api-key=pub222856fe11852abc3642b1395fac0627&dd-evp-origin-version=7.1.0&dd-evp-origin=browser&dd-request-id=adca152f-d8d3-4760-ab0c-15f22caae894&batch_time=1780920881203&_dd.api=fetch:0
[  588635ms] [WARNING] The resource https://kalshi.com/images/research/mission/Frame.png was preloaded using link preload but not used within a few seconds from the window's load event. Please make sure it has an appropriate `as` value and it is preloaded intentionally. @ https://kalshi.com/markets/kxmlbgame/professional-baseball-game/kxmlbgame-26jun102040chccol:0
[  588635ms] [WARNING] The resource https://kalshi.com/images/research/mission/calibration.png was preloaded using link preload but not used within a few seconds from the window's load event. Please make sure it has an appropriate `as` value and it is preloaded intentionally. @ https://kalshi.com/markets/kxmlbgame/professional-baseball-game/kxmlbgame-26jun102040chccol:0
[  588635ms] [WARNING] The resource https://kalshi.com/images/research/mission/prediction-accuracy.png was preloaded using link preload but not used within a few seconds from the window's load event. Please make sure it has an appropriate `as` value and it is preloaded intentionally. @ https://kalshi.com/markets/kxmlbgame/professional-baseball-game/kxmlbgame-26jun102040chccol:0
[  588635ms] [WARNING] The resource https://kalshi.com/images/research/mission/real-world-impact.png was preloaded using link preload but not used within a few seconds from the window's load event. Please make sure it has an appropriate `as` value and it is preloaded intentionally. @ https://kalshi.com/markets/kxmlbgame/professional-baseball-game/kxmlbgame-26jun102040chccol:0
[  588635ms] [WARNING] The resource https://kalshi.com/images/research/mission/belief-updating-dynamics.png was preloaded using link preload but not used within a few seconds from the window's load event. Please make sure it has an appropriate `as` value and it is preloaded intentionally. @ https://kalshi.com/markets/kxmlbgame/professional-baseball-game/kxmlbgame-26jun102040chccol:0
[  588635ms] [WARNING] The resource https://kalshi.com/images/research/mission/market-microstructure.png was preloaded using link preload but not used within a few seconds from the window's load event. Please make sure it has an appropriate `as` value and it is preloaded intentionally. @ https://kalshi.com/markets/kxmlbgame/professional-baseball-game/kxmlbgame-26jun102040chccol:0
[  588635ms] [WARNING] The resource https://kalshi.com/images/research/mission/participant-heterogeneity.png was preloaded using link preload but not used within a few seconds from the window's load event. Please make sure it has an appropriate `as` value and it is preloaded intentionally. @ https://kalshi.com/markets/kxmlbgame/professional-baseball-game/kxmlbgame-26jun102040chccol:0
[  589642ms] [ERROR] Failed to load resource: net::ERR_NAME_NOT_RESOLVED @ https://browser-intake-datadoghq.com/api/v2/rum?ddsource=browser&dd-api-key=pub222856fe11852abc3642b1395fac0627&dd-evp-origin-version=7.1.0&dd-evp-origin=browser&dd-request-id=335b3aa0-c37a-42a8-830c-b50c9dc9d9e6&batch_time=1780920885216&_dd.api=fetch:0
[  592658ms] [WARNING] The resource https://kalshi.com/images/research/mission/Frame.png was preloaded using link preload but not used within a few seconds from the window's load event. Please make sure it has an appropriate `as` value and it is preloaded intentionally. @ https://kalshi.com/markets/kxmlbgame/professional-baseball-game/kxmlbgame-26jun102040chccol:0
[  592658ms] [WARNING] The resource https://kalshi.com/images/research/mission/calibration.png was preloaded using link preload but not used within a few seconds from the window's load event. Please make sure it has an appropriate `as` value and it is preloaded intentionally. @ https://kalshi.com/markets/kxmlbgame/professional-baseball-game/kxmlbgame-26jun102040chccol:0
[  592658ms] [WARNING] The resource https://kalshi.com/images/research/mission/prediction-accuracy.png was preloaded using link preload but not used within a few seconds from the window's load event. Please make sure it has an appropriate `as` value and it is preloaded intentionally. @ https://kalshi.com/markets/kxmlbgame/professional-baseball-game/kxmlbgame-26jun102040chccol:0
[  592658ms] [WARNING] The resource https://kalshi.com/images/research/mission/real-world-impact.png was preloaded using link preload but not used within a few seconds from the window's load event. Please make sure it has an appropriate `as` value and it is preloaded intentionally. @ https://kalshi.com/markets/kxmlbgame/professional-baseball-game/kxmlbgame-26jun102040chccol:0
[  592658ms] [WARNING] The resource https://kalshi.com/images/research/mission/belief-updating-dynamics.png was preloaded using link preload but not used within a few seconds from the window's load event. Please make sure it has an appropriate `as` value and it is preloaded intentionally. @ https://kalshi.com/markets/kxmlbgame/professional-baseball-game/kxmlbgame-26jun102040chccol:0
[  592658ms] [WARNING] The resource https://kalshi.com/images/research/mission/market-microstructure.png was preloaded using link preload but not used within a few seconds from the window's load event. Please make sure it has an appropriate `as` value and it is preloaded intentionally. @ https://kalshi.com/markets/kxmlbgame/professional-baseball-game/kxmlbgame-26jun102040chccol:0
[  592658ms] [WARNING] The resource https://kalshi.com/images/research/mission/participant-heterogeneity.png was preloaded using link preload but not used within a few seconds from the window's load event. Please make sure it has an appropriate `as` value and it is preloaded intentionally. @ https://kalshi.com/markets/kxmlbgame/professional-baseball-game/kxmlbgame-26jun102040chccol:0
[  593683ms] [ERROR] Failed to load resource: net::ERR_NAME_NOT_RESOLVED @ https://browser-intake-datadoghq.com/api/v2/rum?ddsource=browser&dd-api-key=pub222856fe11852abc3642b1395fac0627&dd-evp-origin-version=7.1.0&dd-evp-origin=browser&dd-request-id=77fccbb7-f7f6-4992-8cbd-65b0836a9447&batch_time=1780920889252&_dd.api=fetch:0
[  596683ms] [WARNING] The resource https://kalshi.com/images/research/mission/Frame.png was preloaded using link preload but not used within a few seconds from the window's load event. Please make sure it has an appropriate `as` value and it is preloaded intentionally. @ https://kalshi.com/markets/kxmlbgame/professional-baseball-game/kxmlbgame-26jun102040chccol:0
[  596683ms] [WARNING] The resource https://kalshi.com/images/research/mission/calibration.png was preloaded using link preload but not used within a few seconds from the window's load event. Please make sure it has an appropriate `as` value and it is preloaded intentionally. @ https://kalshi.com/markets/kxmlbgame/professional-baseball-game/kxmlbgame-26jun102040chccol:0
[  596683ms] [WARNING] The resource https://kalshi.com/images/research/mission/prediction-accuracy.png was preloaded using link preload but not used within a few seconds from the window's load event. Please make sure it has an appropriate `as` value and it is preloaded intentionally. @ https://kalshi.com/markets/kxmlbgame/professional-baseball-game/kxmlbgame-26jun102040chccol:0
[  596683ms] [WARNING] The resource https://kalshi.com/images/research/mission/real-world-impact.png was preloaded using link preload but not used within a few seconds from the window's load event. Please make sure it has an appropriate `as` value and it is preloaded intentionally. @ https://kalshi.com/markets/kxmlbgame/professional-baseball-game/kxmlbgame-26jun102040chccol:0
[  596683ms] [WARNING] The resource https://kalshi.com/images/research/mission/belief-updating-dynamics.png was preloaded using link preload but not used within a few seconds from the window's load event. Please make sure it has an appropriate `as` value and it is preloaded intentionally. @ https://kalshi.com/markets/kxmlbgame/professional-baseball-game/kxmlbgame-26jun102040chccol:0
[  596683ms] [WARNING] The resource https://kalshi.com/images/research/mission/market-microstructure.png was preloaded using link preload but not used within a few seconds from the window's load event. Please make sure it has an appropriate `as` value and it is preloaded intentionally. @ https://kalshi.com/markets/kxmlbgame/professional-baseball-game/kxmlbgame-26jun102040chccol:0
[  596683ms] [WARNING] The resource https://kalshi.com/images/research/mission/participant-heterogeneity.png was preloaded using link preload but not used within a few seconds from the window's load event. Please make sure it has an appropriate `as` value and it is preloaded intentionally. @ https://kalshi.com/markets/kxmlbgame/professional-baseball-game/kxmlbgame-26jun102040chccol:0
[  597729ms] [ERROR] Failed to load resource: net::ERR_NAME_NOT_RESOLVED @ https://browser-intake-datadoghq.com/api/v2/rum?ddsource=browser&dd-api-key=pub222856fe11852abc3642b1395fac0627&dd-evp-origin-version=7.1.0&dd-evp-origin=browser&dd-request-id=8fe7ec6b-9403-492f-ab4d-bba1c6f97171&batch_time=1780920893302&_dd.api=fetch:0
[  600738ms] [WARNING] The resource https://kalshi.com/images/research/mission/Frame.png was preloaded using link preload but not used within a few seconds from the window's load event. Please make sure it has an appropriate `as` value and it is preloaded intentionally. @ https://kalshi.com/markets/kxmlbgame/professional-baseball-game/kxmlbgame-26jun102040chccol:0
[  600738ms] [WARNING] The resource https://kalshi.com/images/research/mission/calibration.png was preloaded using link preload but not used within a few seconds from the window's load event. Please make sure it has an appropriate `as` value and it is preloaded intentionally. @ https://kalshi.com/markets/kxmlbgame/professional-baseball-game/kxmlbgame-26jun102040chccol:0
[  600738ms] [WARNING] The resource https://kalshi.com/images/research/mission/prediction-accuracy.png was preloaded using link preload but not used within a few seconds from the window's load event. Please make sure it has an appropriate `as` value and it is preloaded intentionally. @ https://kalshi.com/markets/kxmlbgame/professional-baseball-game/kxmlbgame-26jun102040chccol:0
[  600738ms] [WARNING] The resource https://kalshi.com/images/research/mission/real-world-impact.png was preloaded using link preload but not used within a few seconds from the window's load event. Please make sure it has an appropriate `as` value and it is preloaded intentionally. @ https://kalshi.com/markets/kxmlbgame/professional-baseball-game/kxmlbgame-26jun102040chccol:0
[  600738ms] [WARNING] The resource https://kalshi.com/images/research/mission/belief-updating-dynamics.png was preloaded using link preload but not used within a few seconds from the window's load event. Please make sure it has an appropriate `as` value and it is preloaded intentionally. @ https://kalshi.com/markets/kxmlbgame/professional-baseball-game/kxmlbgame-26jun102040chccol:0
[  600738ms] [WARNING] The resource https://kalshi.com/images/research/mission/market-microstructure.png was preloaded using link preload but not used within a few seconds from the window's load event. Please make sure it has an appropriate `as` value and it is preloaded intentionally. @ https://kalshi.com/markets/kxmlbgame/professional-baseball-game/kxmlbgame-26jun102040chccol:0
[  600738ms] [WARNING] The resource https://kalshi.com/images/research/mission/participant-heterogeneity.png was preloaded using link preload but not used within a few seconds from the window's load event. Please make sure it has an appropriate `as` value and it is preloaded intentionally. @ https://kalshi.com/markets/kxmlbgame/professional-baseball-game/kxmlbgame-26jun102040chccol:0
[  601777ms] [ERROR] Failed to load resource: net::ERR_NAME_NOT_RESOLVED @ https://browser-intake-datadoghq.com/api/v2/rum?ddsource=browser&dd-api-key=pub222856fe11852abc3642b1395fac0627&dd-evp-origin-version=7.1.0&dd-evp-origin=browser&dd-request-id=61b5b5be-b947-47e1-98b6-3661a8f1fd1c&batch_time=1780920897353&_dd.api=fetch:0
[  603835ms] [ERROR] Failed to load resource: net::ERR_NAME_NOT_RESOLVED @ https://browser-intake-datadoghq.com/api/v2/rum?ddsource=browser&dd-api-key=pub222856fe11852abc3642b1395fac0627&dd-evp-origin-version=7.1.0&dd-evp-origin=browser&dd-request-id=a94684ac-774d-475c-ad53-f13b11446eff&batch_time=1780920899410&_dd.api=fetch:0
[  607961ms] [WARNING] The resource https://kalshi.com/images/research/mission/Frame.png was preloaded using link preload but not used within a few seconds from the window's load event. Please make sure it has an appropriate `as` value and it is preloaded intentionally. @ https://kalshi.com/markets/kxmlbgame/professional-baseball-game/kxmlbgame-26jun102040chccol:0
[  607961ms] [WARNING] The resource https://kalshi.com/images/research/mission/calibration.png was preloaded using link preload but not used within a few seconds from the window's load event. Please make sure it has an appropriate `as` value and it is preloaded intentionally. @ https://kalshi.com/markets/kxmlbgame/professional-baseball-game/kxmlbgame-26jun102040chccol:0
[  607961ms] [WARNING] The resource https://kalshi.com/images/research/mission/prediction-accuracy.png was preloaded using link preload but not used within a few seconds from the window's load event. Please make sure it has an appropriate `as` value and it is preloaded intentionally. @ https://kalshi.com/markets/kxmlbgame/professional-baseball-game/kxmlbgame-26jun102040chccol:0
[  607961ms] [WARNING] The resource https://kalshi.com/images/research/mission/real-world-impact.png was preloaded using link preload but not used within a few seconds from the window's load event. Please make sure it has an appropriate `as` value and it is preloaded intentionally. @ https://kalshi.com/markets/kxmlbgame/professional-baseball-game/kxmlbgame-26jun102040chccol:0
[  607961ms] [WARNING] The resource https://kalshi.com/images/research/mission/belief-updating-dynamics.png was preloaded using link preload but not used within a few seconds from the window's load event. Please make sure it has an appropriate `as` value and it is preloaded intentionally. @ https://kalshi.com/markets/kxmlbgame/professional-baseball-game/kxmlbgame-26jun102040chccol:0
[  607961ms] [WARNING] The resource https://kalshi.com/images/research/mission/market-microstructure.png was preloaded using link preload but not used within a few seconds from the window's load event. Please make sure it has an appropriate `as` value and it is preloaded intentionally. @ https://kalshi.com/markets/kxmlbgame/professional-baseball-game/kxmlbgame-26jun102040chccol:0
[  607961ms] [WARNING] The resource https://kalshi.com/images/research/mission/participant-heterogeneity.png was preloaded using link preload but not used within a few seconds from the window's load event. Please make sure it has an appropriate `as` value and it is preloaded intentionally. @ https://kalshi.com/markets/kxmlbgame/professional-baseball-game/kxmlbgame-26jun102040chccol:0
[  609746ms] [ERROR] Failed to load resource: net::ERR_NAME_NOT_RESOLVED @ https://browser-intake-datadoghq.com/api/v2/rum?ddsource=browser&dd-api-key=pub222856fe11852abc3642b1395fac0627&dd-evp-origin-version=7.1.0&dd-evp-origin=browser&dd-request-id=206bb215-09e1-4ef5-b311-d7c1752050dd&batch_time=1780920905317&_dd.api=fetch:0
[  613153ms] [ERROR] Failed to load resource: net::ERR_NAME_NOT_RESOLVED @ https://browser-intake-datadoghq.com/api/v2/rum?ddsource=browser&dd-api-key=pub222856fe11852abc3642b1395fac0627&dd-evp-origin-version=7.1.0&dd-evp-origin=browser&dd-request-id=47c429ab-7378-4ebd-91f1-e7c5919c153b&batch_time=1780920908727&_dd.api=fetch:0
[  614871ms] [ERROR] Failed to load resource: net::ERR_NAME_NOT_RESOLVED @ https://browser-intake-datadoghq.com/api/v2/rum?ddsource=browser&dd-api-key=pub222856fe11852abc3642b1395fac0627&dd-evp-origin-version=7.1.0&dd-evp-origin=browser&dd-request-id=ffa28400-c749-4de2-b69a-1f44a0f6165c&batch_time=1780920910445&_dd.api=fetch:0
[  619305ms] [ERROR] Failed to load resource: net::ERR_NAME_NOT_RESOLVED @ https://browser-intake-datadoghq.com/api/v2/rum?ddsource=browser&dd-api-key=pub222856fe11852abc3642b1395fac0627&dd-evp-origin-version=7.1.0&dd-evp-origin=browser&dd-request-id=5d931632-167a-4815-b97e-75f66ca9f883&batch_time=1780920914880&_dd.api=fetch:0
[  621928ms] [ERROR] Failed to load resource: net::ERR_NAME_NOT_RESOLVED @ https://browser-intake-datadoghq.com/api/v2/rum?ddsource=browser&dd-api-key=pub222856fe11852abc3642b1395fac0627&dd-evp-origin-version=7.1.0&dd-evp-origin=browser&dd-request-id=99fc256f-e63a-47fd-bdbe-adfb01cefcab&batch_time=1780920917502&_dd.api=fetch:0
[  625992ms] [ERROR] Failed to load resource: net::ERR_NAME_NOT_RESOLVED @ https://browser-intake-datadoghq.com/api/v2/rum?ddsource=browser&dd-api-key=pub222856fe11852abc3642b1395fac0627&dd-evp-origin-version=7.1.0&dd-evp-origin=browser&dd-request-id=d2230816-c0d6-4673-b6e9-75f32c310bd6&batch_time=1780920921553&_dd.api=fetch:0
[  628995ms] [ERROR] Failed to load resource: net::ERR_NAME_NOT_RESOLVED @ https://browser-intake-datadoghq.com/api/v2/rum?ddsource=browser&dd-api-key=pub222856fe11852abc3642b1395fac0627&dd-evp-origin-version=7.1.0&dd-evp-origin=browser&dd-request-id=ad63aba6-cf73-4934-96af-9ccc882dc327&batch_time=1780920924569&_dd.api=fetch:0
[  632005ms] [WARNING] The resource https://kalshi.com/images/research/mission/Frame.png was preloaded using link preload but not used within a few seconds from the window's load event. Please make sure it has an appropriate `as` value and it is preloaded intentionally. @ https://kalshi.com/markets/kxmlbgame/professional-baseball-game/kxmlbgame-26jun102040chccol:0
[  632005ms] [WARNING] The resource https://kalshi.com/images/research/mission/calibration.png was preloaded using link preload but not used within a few seconds from the window's load event. Please make sure it has an appropriate `as` value and it is preloaded intentionally. @ https://kalshi.com/markets/kxmlbgame/professional-baseball-game/kxmlbgame-26jun102040chccol:0
[  632005ms] [WARNING] The resource https://kalshi.com/images/research/mission/prediction-accuracy.png was preloaded using link preload but not used within a few seconds from the window's load event. Please make sure it has an appropriate `as` value and it is preloaded intentionally. @ https://kalshi.com/markets/kxmlbgame/professional-baseball-game/kxmlbgame-26jun102040chccol:0
[  632005ms] [WARNING] The resource https://kalshi.com/images/research/mission/real-world-impact.png was preloaded using link preload but not used within a few seconds from the window's load event. Please make sure it has an appropriate `as` value and it is preloaded intentionally. @ https://kalshi.com/markets/kxmlbgame/professional-baseball-game/kxmlbgame-26jun102040chccol:0
[  632005ms] [WARNING] The resource https://kalshi.com/images/research/mission/belief-updating-dynamics.png was preloaded using link preload but not used within a few seconds from the window's load event. Please make sure it has an appropriate `as` value and it is preloaded intentionally. @ https://kalshi.com/markets/kxmlbgame/professional-baseball-game/kxmlbgame-26jun102040chccol:0
[  632005ms] [WARNING] The resource https://kalshi.com/images/research/mission/market-microstructure.png was preloaded using link preload but not used within a few seconds from the window's load event. Please make sure it has an appropriate `as` value and it is preloaded intentionally. @ https://kalshi.com/markets/kxmlbgame/professional-baseball-game/kxmlbgame-26jun102040chccol:0
[  632005ms] [WARNING] The resource https://kalshi.com/images/research/mission/participant-heterogeneity.png was preloaded using link preload but not used within a few seconds from the window's load event. Please make sure it has an appropriate `as` value and it is preloaded intentionally. @ https://kalshi.com/markets/kxmlbgame/professional-baseball-game/kxmlbgame-26jun102040chccol:0
[  633293ms] [ERROR] Failed to load resource: net::ERR_NAME_NOT_RESOLVED @ https://browser-intake-datadoghq.com/api/v2/rum?ddsource=browser&dd-api-key=pub222856fe11852abc3642b1395fac0627&dd-evp-origin-version=7.1.0&dd-evp-origin=browser&dd-request-id=868c0dd9-5638-46b5-bd55-5fe7917a43d4&batch_time=1780920928868&_dd.api=fetch:0
[  634286ms] [ERROR] Failed to load resource: net::ERR_NAME_NOT_RESOLVED @ https://browser-intake-datadoghq.com/api/v2/rum?ddsource=browser&dd-api-key=pub222856fe11852abc3642b1395fac0627&dd-evp-origin-version=7.1.0&dd-evp-origin=browser&dd-request-id=1b31c1f0-38cf-4fb9-a552-3ee91c2e060c&batch_time=1780920929856&_dd.api=fetch:0
[  637770ms] [ERROR] Failed to load resource: net::ERR_NAME_NOT_RESOLVED @ https://browser-intake-datadoghq.com/api/v2/rum?ddsource=browser&dd-api-key=pub222856fe11852abc3642b1395fac0627&dd-evp-origin-version=7.1.0&dd-evp-origin=browser&dd-request-id=662a51d5-09c2-46b5-aee7-287c81c29802&batch_time=1780920933345&_dd.api=fetch:0
[  640779ms] [WARNING] The resource https://kalshi.com/images/research/mission/Frame.png was preloaded using link preload but not used within a few seconds from the window's load event. Please make sure it has an appropriate `as` value and it is preloaded intentionally. @ https://kalshi.com/markets/kxmlbgame/professional-baseball-game/kxmlbgame-26jun102040chccol:0
[  640779ms] [WARNING] The resource https://kalshi.com/images/research/mission/calibration.png was preloaded using link preload but not used within a few seconds from the window's load event. Please make sure it has an appropriate `as` value and it is preloaded intentionally. @ https://kalshi.com/markets/kxmlbgame/professional-baseball-game/kxmlbgame-26jun102040chccol:0
[  640779ms] [WARNING] The resource https://kalshi.com/images/research/mission/prediction-accuracy.png was preloaded using link preload but not used within a few seconds from the window's load event. Please make sure it has an appropriate `as` value and it is preloaded intentionally. @ https://kalshi.com/markets/kxmlbgame/professional-baseball-game/kxmlbgame-26jun102040chccol:0
[  640779ms] [WARNING] The resource https://kalshi.com/images/research/mission/real-world-impact.png was preloaded using link preload but not used within a few seconds from the window's load event. Please make sure it has an appropriate `as` value and it is preloaded intentionally. @ https://kalshi.com/markets/kxmlbgame/professional-baseball-game/kxmlbgame-26jun102040chccol:0
[  640779ms] [WARNING] The resource https://kalshi.com/images/research/mission/belief-updating-dynamics.png was preloaded using link preload but not used within a few seconds from the window's load event. Please make sure it has an appropriate `as` value and it is preloaded intentionally. @ https://kalshi.com/markets/kxmlbgame/professional-baseball-game/kxmlbgame-26jun102040chccol:0
[  640779ms] [WARNING] The resource https://kalshi.com/images/research/mission/market-microstructure.png was preloaded using link preload but not used within a few seconds from the window's load event. Please make sure it has an appropriate `as` value and it is preloaded intentionally. @ https://kalshi.com/markets/kxmlbgame/professional-baseball-game/kxmlbgame-26jun102040chccol:0
[  640779ms] [WARNING] The resource https://kalshi.com/images/research/mission/participant-heterogeneity.png was preloaded using link preload but not used within a few seconds from the window's load event. Please make sure it has an appropriate `as` value and it is preloaded intentionally. @ https://kalshi.com/markets/kxmlbgame/professional-baseball-game/kxmlbgame-26jun102040chccol:0
[  642152ms] [ERROR] Failed to load resource: net::ERR_NAME_NOT_RESOLVED @ https://browser-intake-datadoghq.com/api/v2/rum?ddsource=browser&dd-api-key=pub222856fe11852abc3642b1395fac0627&dd-evp-origin-version=7.1.0&dd-evp-origin=browser&dd-request-id=9403e1a7-1cba-40c8-9df1-fb8e501a6306&batch_time=1780920937712&_dd.api=fetch:0
[  645043ms] [ERROR] Failed to load resource: net::ERR_NAME_NOT_RESOLVED @ https://browser-intake-datadoghq.com/api/v2/rum?ddsource=browser&dd-api-key=pub222856fe11852abc3642b1395fac0627&dd-evp-origin-version=7.1.0&dd-evp-origin=browser&dd-request-id=9080c30c-9cda-4ab4-ac55-fdfbb6511c41&batch_time=1780920940617&_dd.api=fetch:0
[  648048ms] [WARNING] The resource https://kalshi.com/images/research/mission/Frame.png was preloaded using link preload but not used within a few seconds from the window's load event. Please make sure it has an appropriate `as` value and it is preloaded intentionally. @ https://kalshi.com/markets/kxmlbgame/professional-baseball-game/kxmlbgame-26jun102040chccol:0
[  648048ms] [WARNING] The resource https://kalshi.com/images/research/mission/calibration.png was preloaded using link preload but not used within a few seconds from the window's load event. Please make sure it has an appropriate `as` value and it is preloaded intentionally. @ https://kalshi.com/markets/kxmlbgame/professional-baseball-game/kxmlbgame-26jun102040chccol:0
[  648048ms] [WARNING] The resource https://kalshi.com/images/research/mission/prediction-accuracy.png was preloaded using link preload but not used within a few seconds from the window's load event. Please make sure it has an appropriate `as` value and it is preloaded intentionally. @ https://kalshi.com/markets/kxmlbgame/professional-baseball-game/kxmlbgame-26jun102040chccol:0
[  648048ms] [WARNING] The resource https://kalshi.com/images/research/mission/real-world-impact.png was preloaded using link preload but not used within a few seconds from the window's load event. Please make sure it has an appropriate `as` value and it is preloaded intentionally. @ https://kalshi.com/markets/kxmlbgame/professional-baseball-game/kxmlbgame-26jun102040chccol:0
[  648048ms] [WARNING] The resource https://kalshi.com/images/research/mission/belief-updating-dynamics.png was preloaded using link preload but not used within a few seconds from the window's load event. Please make sure it has an appropriate `as` value and it is preloaded intentionally. @ https://kalshi.com/markets/kxmlbgame/professional-baseball-game/kxmlbgame-26jun102040chccol:0
[  648048ms] [WARNING] The resource https://kalshi.com/images/research/mission/market-microstructure.png was preloaded using link preload but not used within a few seconds from the window's load event. Please make sure it has an appropriate `as` value and it is preloaded intentionally. @ https://kalshi.com/markets/kxmlbgame/professional-baseball-game/kxmlbgame-26jun102040chccol:0
[  648048ms] [WARNING] The resource https://kalshi.com/images/research/mission/participant-heterogeneity.png was preloaded using link preload but not used within a few seconds from the window's load event. Please make sure it has an appropriate `as` value and it is preloaded intentionally. @ https://kalshi.com/markets/kxmlbgame/professional-baseball-game/kxmlbgame-26jun102040chccol:0
[  649360ms] [ERROR] Failed to load resource: net::ERR_NAME_NOT_RESOLVED @ https://browser-intake-datadoghq.com/api/v2/rum?ddsource=browser&dd-api-key=pub222856fe11852abc3642b1395fac0627&dd-evp-origin-version=7.1.0&dd-evp-origin=browser&dd-request-id=e655b38f-f4a4-4814-9037-446b9d8880e2&batch_time=1780920944935&_dd.api=fetch:0
[  651359ms] [ERROR] Failed to load resource: net::ERR_NAME_NOT_RESOLVED @ https://browser-intake-datadoghq.com/api/v2/rum?ddsource=browser&dd-api-key=pub222856fe11852abc3642b1395fac0627&dd-evp-origin-version=7.1.0&dd-evp-origin=browser&dd-request-id=100556c2-a62a-4270-b485-f893feb487e5&batch_time=1780920946933&_dd.api=fetch:0
[  653378ms] [ERROR] Failed to load resource: net::ERR_NAME_NOT_RESOLVED @ https://browser-intake-datadoghq.com/api/v2/rum?ddsource=browser&dd-api-key=pub222856fe11852abc3642b1395fac0627&dd-evp-origin-version=7.1.0&dd-evp-origin=browser&dd-request-id=0ae6594d-50c1-4941-9609-418786b60e24&batch_time=1780920948953&_dd.api=fetch:0
[  656386ms] [WARNING] The resource https://kalshi.com/images/research/mission/Frame.png was preloaded using link preload but not used within a few seconds from the window's load event. Please make sure it has an appropriate `as` value and it is preloaded intentionally. @ https://kalshi.com/markets/kxmlbgame/professional-baseball-game/kxmlbgame-26jun102040chccol:0
[  656386ms] [WARNING] The resource https://kalshi.com/images/research/mission/calibration.png was preloaded using link preload but not used within a few seconds from the window's load event. Please make sure it has an appropriate `as` value and it is preloaded intentionally. @ https://kalshi.com/markets/kxmlbgame/professional-baseball-game/kxmlbgame-26jun102040chccol:0
[  656386ms] [WARNING] The resource https://kalshi.com/images/research/mission/prediction-accuracy.png was preloaded using link preload but not used within a few seconds from the window's load event. Please make sure it has an appropriate `as` value and it is preloaded intentionally. @ https://kalshi.com/markets/kxmlbgame/professional-baseball-game/kxmlbgame-26jun102040chccol:0
[  656386ms] [WARNING] The resource https://kalshi.com/images/research/mission/real-world-impact.png was preloaded using link preload but not used within a few seconds from the window's load event. Please make sure it has an appropriate `as` value and it is preloaded intentionally. @ https://kalshi.com/markets/kxmlbgame/professional-baseball-game/kxmlbgame-26jun102040chccol:0
[  656386ms] [WARNING] The resource https://kalshi.com/images/research/mission/belief-updating-dynamics.png was preloaded using link preload but not used within a few seconds from the window's load event. Please make sure it has an appropriate `as` value and it is preloaded intentionally. @ https://kalshi.com/markets/kxmlbgame/professional-baseball-game/kxmlbgame-26jun102040chccol:0
[  656386ms] [WARNING] The resource https://kalshi.com/images/research/mission/market-microstructure.png was preloaded using link preload but not used within a few seconds from the window's load event. Please make sure it has an appropriate `as` value and it is preloaded intentionally. @ https://kalshi.com/markets/kxmlbgame/professional-baseball-game/kxmlbgame-26jun102040chccol:0
[  656386ms] [WARNING] The resource https://kalshi.com/images/research/mission/participant-heterogeneity.png was preloaded using link preload but not used within a few seconds from the window's load event. Please make sure it has an appropriate `as` value and it is preloaded intentionally. @ https://kalshi.com/markets/kxmlbgame/professional-baseball-game/kxmlbgame-26jun102040chccol:0
[  657408ms] [ERROR] Failed to load resource: net::ERR_NAME_NOT_RESOLVED @ https://browser-intake-datadoghq.com/api/v2/rum?ddsource=browser&dd-api-key=pub222856fe11852abc3642b1395fac0627&dd-evp-origin-version=7.1.0&dd-evp-origin=browser&dd-request-id=a9d01d5b-ffcc-49fd-b8e2-542a4d823e75&batch_time=1780920952979&_dd.api=fetch:0
[  660421ms] [WARNING] The resource https://kalshi.com/images/research/mission/Frame.png was preloaded using link preload but not used within a few seconds from the window's load event. Please make sure it has an appropriate `as` value and it is preloaded intentionally. @ https://kalshi.com/markets/kxmlbgame/professional-baseball-game/kxmlbgame-26jun102040chccol:0
[  660421ms] [WARNING] The resource https://kalshi.com/images/research/mission/calibration.png was preloaded using link preload but not used within a few seconds from the window's load event. Please make sure it has an appropriate `as` value and it is preloaded intentionally. @ https://kalshi.com/markets/kxmlbgame/professional-baseball-game/kxmlbgame-26jun102040chccol:0
[  660421ms] [WARNING] The resource https://kalshi.com/images/research/mission/prediction-accuracy.png was preloaded using link preload but not used within a few seconds from the window's load event. Please make sure it has an appropriate `as` value and it is preloaded intentionally. @ https://kalshi.com/markets/kxmlbgame/professional-baseball-game/kxmlbgame-26jun102040chccol:0
[  660421ms] [WARNING] The resource https://kalshi.com/images/research/mission/real-world-impact.png was preloaded using link preload but not used within a few seconds from the window's load event. Please make sure it has an appropriate `as` value and it is preloaded intentionally. @ https://kalshi.com/markets/kxmlbgame/professional-baseball-game/kxmlbgame-26jun102040chccol:0
[  660421ms] [WARNING] The resource https://kalshi.com/images/research/mission/belief-updating-dynamics.png was preloaded using link preload but not used within a few seconds from the window's load event. Please make sure it has an appropriate `as` value and it is preloaded intentionally. @ https://kalshi.com/markets/kxmlbgame/professional-baseball-game/kxmlbgame-26jun102040chccol:0
[  660421ms] [WARNING] The resource https://kalshi.com/images/research/mission/market-microstructure.png was preloaded using link preload but not used within a few seconds from the window's load event. Please make sure it has an appropriate `as` value and it is preloaded intentionally. @ https://kalshi.com/markets/kxmlbgame/professional-baseball-game/kxmlbgame-26jun102040chccol:0
[  660421ms] [WARNING] The resource https://kalshi.com/images/research/mission/participant-heterogeneity.png was preloaded using link preload but not used within a few seconds from the window's load event. Please make sure it has an appropriate `as` value and it is preloaded intentionally. @ https://kalshi.com/markets/kxmlbgame/professional-baseball-game/kxmlbgame-26jun102040chccol:0
[  662440ms] [ERROR] Failed to load resource: net::ERR_NAME_NOT_RESOLVED @ https://browser-intake-datadoghq.com/api/v2/rum?ddsource=browser&dd-api-key=pub222856fe11852abc3642b1395fac0627&dd-evp-origin-version=7.1.0&dd-evp-origin=browser&dd-request-id=646bbe8d-f247-41ec-9cdd-3227facb8ccd&batch_time=1780920958014&_dd.api=fetch:0
[  665465ms] [ERROR] Failed to load resource: net::ERR_NAME_NOT_RESOLVED @ https://browser-intake-datadoghq.com/api/v2/rum?ddsource=browser&dd-api-key=pub222856fe11852abc3642b1395fac0627&dd-evp-origin-version=7.1.0&dd-evp-origin=browser&dd-request-id=87162eb8-a6ad-4ca7-87a5-ad020db1a68f&batch_time=1780920961040&_dd.api=fetch:0
[  668471ms] [WARNING] The resource https://kalshi.com/images/research/mission/Frame.png was preloaded using link preload but not used within a few seconds from the window's load event. Please make sure it has an appropriate `as` value and it is preloaded intentionally. @ https://kalshi.com/markets/kxmlbgame/professional-baseball-game/kxmlbgame-26jun102040chccol:0
[  668471ms] [WARNING] The resource https://kalshi.com/images/research/mission/calibration.png was preloaded using link preload but not used within a few seconds from the window's load event. Please make sure it has an appropriate `as` value and it is preloaded intentionally. @ https://kalshi.com/markets/kxmlbgame/professional-baseball-game/kxmlbgame-26jun102040chccol:0
[  668471ms] [WARNING] The resource https://kalshi.com/images/research/mission/prediction-accuracy.png was preloaded using link preload but not used within a few seconds from the window's load event. Please make sure it has an appropriate `as` value and it is preloaded intentionally. @ https://kalshi.com/markets/kxmlbgame/professional-baseball-game/kxmlbgame-26jun102040chccol:0
[  668471ms] [WARNING] The resource https://kalshi.com/images/research/mission/real-world-impact.png was preloaded using link preload but not used within a few seconds from the window's load event. Please make sure it has an appropriate `as` value and it is preloaded intentionally. @ https://kalshi.com/markets/kxmlbgame/professional-baseball-game/kxmlbgame-26jun102040chccol:0
[  668472ms] [WARNING] The resource https://kalshi.com/images/research/mission/belief-updating-dynamics.png was preloaded using link preload but not used within a few seconds from the window's load event. Please make sure it has an appropriate `as` value and it is preloaded intentionally. @ https://kalshi.com/markets/kxmlbgame/professional-baseball-game/kxmlbgame-26jun102040chccol:0
[  668472ms] [WARNING] The resource https://kalshi.com/images/research/mission/market-microstructure.png was preloaded using link preload but not used within a few seconds from the window's load event. Please make sure it has an appropriate `as` value and it is preloaded intentionally. @ https://kalshi.com/markets/kxmlbgame/professional-baseball-game/kxmlbgame-26jun102040chccol:0
[  668472ms] [WARNING] The resource https://kalshi.com/images/research/mission/participant-heterogeneity.png was preloaded using link preload but not used within a few seconds from the window's load event. Please make sure it has an appropriate `as` value and it is preloaded intentionally. @ https://kalshi.com/markets/kxmlbgame/professional-baseball-game/kxmlbgame-26jun102040chccol:0
[  670521ms] [ERROR] Failed to load resource: net::ERR_NAME_NOT_RESOLVED @ https://browser-intake-datadoghq.com/api/v2/rum?ddsource=browser&dd-api-key=pub222856fe11852abc3642b1395fac0627&dd-evp-origin-version=7.1.0&dd-evp-origin=browser&dd-request-id=0f5e13e0-4ccb-4817-880b-9dadac30da1f&batch_time=1780920966096&_dd.api=fetch:0
[  673919ms] [ERROR] Failed to load resource: net::ERR_NAME_NOT_RESOLVED @ https://browser-intake-datadoghq.com/api/v2/rum?ddsource=browser&dd-api-key=pub222856fe11852abc3642b1395fac0627&dd-evp-origin-version=7.1.0&dd-evp-origin=browser&dd-request-id=e7df215f-3fa2-4895-a592-786b64ce2f9b&batch_time=1780920969481&_dd.api=fetch:0
[  676572ms] [ERROR] Failed to load resource: net::ERR_NAME_NOT_RESOLVED @ https://browser-intake-datadoghq.com/api/v2/rum?ddsource=browser&dd-api-key=pub222856fe11852abc3642b1395fac0627&dd-evp-origin-version=7.1.0&dd-evp-origin=browser&dd-request-id=a36d1088-8481-4c00-b00c-a86d8425d76b&batch_time=1780920972147&_dd.api=fetch:0
[  679970ms] [WARNING] The resource https://kalshi.com/images/research/mission/Frame.png was preloaded using link preload but not used within a few seconds from the window's load event. Please make sure it has an appropriate `as` value and it is preloaded intentionally. @ https://kalshi.com/markets/kxmlbgame/professional-baseball-game/kxmlbgame-26jun102040chccol:0
[  679971ms] [WARNING] The resource https://kalshi.com/images/research/mission/calibration.png was preloaded using link preload but not used within a few seconds from the window's load event. Please make sure it has an appropriate `as` value and it is preloaded intentionally. @ https://kalshi.com/markets/kxmlbgame/professional-baseball-game/kxmlbgame-26jun102040chccol:0
[  679971ms] [WARNING] The resource https://kalshi.com/images/research/mission/prediction-accuracy.png was preloaded using link preload but not used within a few seconds from the window's load event. Please make sure it has an appropriate `as` value and it is preloaded intentionally. @ https://kalshi.com/markets/kxmlbgame/professional-baseball-game/kxmlbgame-26jun102040chccol:0
[  679971ms] [WARNING] The resource https://kalshi.com/images/research/mission/real-world-impact.png was preloaded using link preload but not used within a few seconds from the window's load event. Please make sure it has an appropriate `as` value and it is preloaded intentionally. @ https://kalshi.com/markets/kxmlbgame/professional-baseball-game/kxmlbgame-26jun102040chccol:0
[  679971ms] [WARNING] The resource https://kalshi.com/images/research/mission/belief-updating-dynamics.png was preloaded using link preload but not used within a few seconds from the window's load event. Please make sure it has an appropriate `as` value and it is preloaded intentionally. @ https://kalshi.com/markets/kxmlbgame/professional-baseball-game/kxmlbgame-26jun102040chccol:0
[  679971ms] [WARNING] The resource https://kalshi.com/images/research/mission/market-microstructure.png was preloaded using link preload but not used within a few seconds from the window's load event. Please make sure it has an appropriate `as` value and it is preloaded intentionally. @ https://kalshi.com/markets/kxmlbgame/professional-baseball-game/kxmlbgame-26jun102040chccol:0
[  679971ms] [WARNING] The resource https://kalshi.com/images/research/mission/participant-heterogeneity.png was preloaded using link preload but not used within a few seconds from the window's load event. Please make sure it has an appropriate `as` value and it is preloaded intentionally. @ https://kalshi.com/markets/kxmlbgame/professional-baseball-game/kxmlbgame-26jun102040chccol:0
[  680617ms] [ERROR] Failed to load resource: net::ERR_NAME_NOT_RESOLVED @ https://browser-intake-datadoghq.com/api/v2/rum?ddsource=browser&dd-api-key=pub222856fe11852abc3642b1395fac0627&dd-evp-origin-version=7.1.0&dd-evp-origin=browser&dd-request-id=f777dbb4-f37d-4b65-93f8-1bdd611bfd89&batch_time=1780920976181&_dd.api=fetch:0
[  684656ms] [ERROR] Failed to load resource: net::ERR_NAME_NOT_RESOLVED @ https://browser-intake-datadoghq.com/api/v2/rum?ddsource=browser&dd-api-key=pub222856fe11852abc3642b1395fac0627&dd-evp-origin-version=7.1.0&dd-evp-origin=browser&dd-request-id=46d917c9-2e3d-43c6-89b4-23a5bd21ad82&batch_time=1780920980230&_dd.api=fetch:0
[  688032ms] [WARNING] The resource https://kalshi.com/images/research/mission/Frame.png was preloaded using link preload but not used within a few seconds from the window's load event. Please make sure it has an appropriate `as` value and it is preloaded intentionally. @ https://kalshi.com/markets/kxmlbgame/professional-baseball-game/kxmlbgame-26jun102040chccol:0
[  688033ms] [WARNING] The resource https://kalshi.com/images/research/mission/calibration.png was preloaded using link preload but not used within a few seconds from the window's load event. Please make sure it has an appropriate `as` value and it is preloaded intentionally. @ https://kalshi.com/markets/kxmlbgame/professional-baseball-game/kxmlbgame-26jun102040chccol:0
[  688033ms] [WARNING] The resource https://kalshi.com/images/research/mission/prediction-accuracy.png was preloaded using link preload but not used within a few seconds from the window's load event. Please make sure it has an appropriate `as` value and it is preloaded intentionally. @ https://kalshi.com/markets/kxmlbgame/professional-baseball-game/kxmlbgame-26jun102040chccol:0
[  688033ms] [WARNING] The resource https://kalshi.com/images/research/mission/real-world-impact.png was preloaded using link preload but not used within a few seconds from the window's load event. Please make sure it has an appropriate `as` value and it is preloaded intentionally. @ https://kalshi.com/markets/kxmlbgame/professional-baseball-game/kxmlbgame-26jun102040chccol:0
[  688033ms] [WARNING] The resource https://kalshi.com/images/research/mission/belief-updating-dynamics.png was preloaded using link preload but not used within a few seconds from the window's load event. Please make sure it has an appropriate `as` value and it is preloaded intentionally. @ https://kalshi.com/markets/kxmlbgame/professional-baseball-game/kxmlbgame-26jun102040chccol:0
[  688033ms] [WARNING] The resource https://kalshi.com/images/research/mission/market-microstructure.png was preloaded using link preload but not used within a few seconds from the window's load event. Please make sure it has an appropriate `as` value and it is preloaded intentionally. @ https://kalshi.com/markets/kxmlbgame/professional-baseball-game/kxmlbgame-26jun102040chccol:0
[  688033ms] [WARNING] The resource https://kalshi.com/images/research/mission/participant-heterogeneity.png was preloaded using link preload but not used within a few seconds from the window's load event. Please make sure it has an appropriate `as` value and it is preloaded intentionally. @ https://kalshi.com/markets/kxmlbgame/professional-baseball-game/kxmlbgame-26jun102040chccol:0
[  688722ms] [ERROR] Failed to load resource: net::ERR_NAME_NOT_RESOLVED @ https://browser-intake-datadoghq.com/api/v2/rum?ddsource=browser&dd-api-key=pub222856fe11852abc3642b1395fac0627&dd-evp-origin-version=7.1.0&dd-evp-origin=browser&dd-request-id=a4e13d11-4596-49ef-bdc2-abcda3d9056a&batch_time=1780920984297&_dd.api=fetch:0
[  690717ms] [ERROR] Failed to load resource: net::ERR_NAME_NOT_RESOLVED @ https://browser-intake-datadoghq.com/api/v2/rum?ddsource=browser&dd-api-key=pub222856fe11852abc3642b1395fac0627&dd-evp-origin-version=7.1.0&dd-evp-origin=browser&dd-request-id=851ac651-4f3e-4150-bb1b-139726c15da5&batch_time=1780920986292&_dd.api=fetch:0
[  696201ms] [WARNING] The resource https://kalshi.com/images/research/mission/Frame.png was preloaded using link preload but not used within a few seconds from the window's load event. Please make sure it has an appropriate `as` value and it is preloaded intentionally. @ https://kalshi.com/markets/kxmlbgame/professional-baseball-game/kxmlbgame-26jun102040chccol:0
[  696201ms] [WARNING] The resource https://kalshi.com/images/research/mission/calibration.png was preloaded using link preload but not used within a few seconds from the window's load event. Please make sure it has an appropriate `as` value and it is preloaded intentionally. @ https://kalshi.com/markets/kxmlbgame/professional-baseball-game/kxmlbgame-26jun102040chccol:0
[  696202ms] [WARNING] The resource https://kalshi.com/images/research/mission/prediction-accuracy.png was preloaded using link preload but not used within a few seconds from the window's load event. Please make sure it has an appropriate `as` value and it is preloaded intentionally. @ https://kalshi.com/markets/kxmlbgame/professional-baseball-game/kxmlbgame-26jun102040chccol:0
[  696202ms] [WARNING] The resource https://kalshi.com/images/research/mission/real-world-impact.png was preloaded using link preload but not used within a few seconds from the window's load event. Please make sure it has an appropriate `as` value and it is preloaded intentionally. @ https://kalshi.com/markets/kxmlbgame/professional-baseball-game/kxmlbgame-26jun102040chccol:0
[  696202ms] [WARNING] The resource https://kalshi.com/images/research/mission/belief-updating-dynamics.png was preloaded using link preload but not used within a few seconds from the window's load event. Please make sure it has an appropriate `as` value and it is preloaded intentionally. @ https://kalshi.com/markets/kxmlbgame/professional-baseball-game/kxmlbgame-26jun102040chccol:0
[  696202ms] [WARNING] The resource https://kalshi.com/images/research/mission/market-microstructure.png was preloaded using link preload but not used within a few seconds from the window's load event. Please make sure it has an appropriate `as` value and it is preloaded intentionally. @ https://kalshi.com/markets/kxmlbgame/professional-baseball-game/kxmlbgame-26jun102040chccol:0
[  696202ms] [WARNING] The resource https://kalshi.com/images/research/mission/participant-heterogeneity.png was preloaded using link preload but not used within a few seconds from the window's load event. Please make sure it has an appropriate `as` value and it is preloaded intentionally. @ https://kalshi.com/markets/kxmlbgame/professional-baseball-game/kxmlbgame-26jun102040chccol:0
[  696539ms] [ERROR] Failed to load resource: net::ERR_NAME_NOT_RESOLVED @ https://browser-intake-datadoghq.com/api/v2/rum?ddsource=browser&dd-api-key=pub222856fe11852abc3642b1395fac0627&dd-evp-origin-version=7.1.0&dd-evp-origin=browser&dd-request-id=5fc85a9a-1ea5-41e4-97fd-65a87d1b935b&batch_time=1780920992114&_dd.api=fetch:0
[  700090ms] [ERROR] Failed to load resource: net::ERR_NAME_NOT_RESOLVED @ https://browser-intake-datadoghq.com/api/v2/rum?ddsource=browser&dd-api-key=pub222856fe11852abc3642b1395fac0627&dd-evp-origin-version=7.1.0&dd-evp-origin=browser&dd-request-id=fd0bfc9c-1b97-489b-a6ba-31c45895f90a&batch_time=1780920995664&_dd.api=fetch:0
[  703029ms] [ERROR] Failed to load resource: net::ERR_NAME_NOT_RESOLVED @ https://browser-intake-datadoghq.com/api/v2/rum?ddsource=browser&dd-api-key=pub222856fe11852abc3642b1395fac0627&dd-evp-origin-version=7.1.0&dd-evp-origin=browser&dd-request-id=d47f324f-384c-426d-96f5-d951fc238219&batch_time=1780920998604&_dd.api=fetch:0
[  705051ms] [ERROR] Failed to load resource: net::ERR_NAME_NOT_RESOLVED @ https://browser-intake-datadoghq.com/api/v2/rum?ddsource=browser&dd-api-key=pub222856fe11852abc3642b1395fac0627&dd-evp-origin-version=7.1.0&dd-evp-origin=browser&dd-request-id=46a84bc9-5605-475c-8777-60fc04fbcc79&batch_time=1780921000615&_dd.api=fetch:0
[  708190ms] [WARNING] The resource https://kalshi.com/images/research/mission/Frame.png was preloaded using link preload but not used within a few seconds from the window's load event. Please make sure it has an appropriate `as` value and it is preloaded intentionally. @ https://kalshi.com/markets/kxmlbgame/professional-baseball-game/kxmlbgame-26jun102040chccol:0
[  708190ms] [WARNING] The resource https://kalshi.com/images/research/mission/calibration.png was preloaded using link preload but not used within a few seconds from the window's load event. Please make sure it has an appropriate `as` value and it is preloaded intentionally. @ https://kalshi.com/markets/kxmlbgame/professional-baseball-game/kxmlbgame-26jun102040chccol:0
[  708190ms] [WARNING] The resource https://kalshi.com/images/research/mission/prediction-accuracy.png was preloaded using link preload but not used within a few seconds from the window's load event. Please make sure it has an appropriate `as` value and it is preloaded intentionally. @ https://kalshi.com/markets/kxmlbgame/professional-baseball-game/kxmlbgame-26jun102040chccol:0
[  708190ms] [WARNING] The resource https://kalshi.com/images/research/mission/real-world-impact.png was preloaded using link preload but not used within a few seconds from the window's load event. Please make sure it has an appropriate `as` value and it is preloaded intentionally. @ https://kalshi.com/markets/kxmlbgame/professional-baseball-game/kxmlbgame-26jun102040chccol:0
[  708190ms] [WARNING] The resource https://kalshi.com/images/research/mission/belief-updating-dynamics.png was preloaded using link preload but not used within a few seconds from the window's load event. Please make sure it has an appropriate `as` value and it is preloaded intentionally. @ https://kalshi.com/markets/kxmlbgame/professional-baseball-game/kxmlbgame-26jun102040chccol:0
[  708190ms] [WARNING] The resource https://kalshi.com/images/research/mission/market-microstructure.png was preloaded using link preload but not used within a few seconds from the window's load event. Please make sure it has an appropriate `as` value and it is preloaded intentionally. @ https://kalshi.com/markets/kxmlbgame/professional-baseball-game/kxmlbgame-26jun102040chccol:0
[  708190ms] [WARNING] The resource https://kalshi.com/images/research/mission/participant-heterogeneity.png was preloaded using link preload but not used within a few seconds from the window's load event. Please make sure it has an appropriate `as` value and it is preloaded intentionally. @ https://kalshi.com/markets/kxmlbgame/professional-baseball-game/kxmlbgame-26jun102040chccol:0
[  709012ms] [ERROR] Failed to load resource: net::ERR_NAME_NOT_RESOLVED @ https://browser-intake-datadoghq.com/api/v2/rum?ddsource=browser&dd-api-key=pub222856fe11852abc3642b1395fac0627&dd-evp-origin-version=7.1.0&dd-evp-origin=browser&dd-request-id=4128a16e-0df1-4e4b-b576-c84f4538d000&batch_time=1780921004586&_dd.api=fetch:0
[  712014ms] [WARNING] The resource https://kalshi.com/images/research/mission/Frame.png was preloaded using link preload but not used within a few seconds from the window's load event. Please make sure it has an appropriate `as` value and it is preloaded intentionally. @ https://kalshi.com/markets/kxmlbgame/professional-baseball-game/kxmlbgame-26jun102040chccol:0
[  712014ms] [WARNING] The resource https://kalshi.com/images/research/mission/calibration.png was preloaded using link preload but not used within a few seconds from the window's load event. Please make sure it has an appropriate `as` value and it is preloaded intentionally. @ https://kalshi.com/markets/kxmlbgame/professional-baseball-game/kxmlbgame-26jun102040chccol:0
[  712014ms] [WARNING] The resource https://kalshi.com/images/research/mission/prediction-accuracy.png was preloaded using link preload but not used within a few seconds from the window's load event. Please make sure it has an appropriate `as` value and it is preloaded intentionally. @ https://kalshi.com/markets/kxmlbgame/professional-baseball-game/kxmlbgame-26jun102040chccol:0
[  712014ms] [WARNING] The resource https://kalshi.com/images/research/mission/real-world-impact.png was preloaded using link preload but not used within a few seconds from the window's load event. Please make sure it has an appropriate `as` value and it is preloaded intentionally. @ https://kalshi.com/markets/kxmlbgame/professional-baseball-game/kxmlbgame-26jun102040chccol:0
[  712014ms] [WARNING] The resource https://kalshi.com/images/research/mission/belief-updating-dynamics.png was preloaded using link preload but not used within a few seconds from the window's load event. Please make sure it has an appropriate `as` value and it is preloaded intentionally. @ https://kalshi.com/markets/kxmlbgame/professional-baseball-game/kxmlbgame-26jun102040chccol:0
[  712014ms] [WARNING] The resource https://kalshi.com/images/research/mission/market-microstructure.png was preloaded using link preload but not used within a few seconds from the window's load event. Please make sure it has an appropriate `as` value and it is preloaded intentionally. @ https://kalshi.com/markets/kxmlbgame/professional-baseball-game/kxmlbgame-26jun102040chccol:0
[  712014ms] [WARNING] The resource https://kalshi.com/images/research/mission/participant-heterogeneity.png was preloaded using link preload but not used within a few seconds from the window's load event. Please make sure it has an appropriate `as` value and it is preloaded intentionally. @ https://kalshi.com/markets/kxmlbgame/professional-baseball-game/kxmlbgame-26jun102040chccol:0
[  712758ms] [ERROR] Failed to load resource: net::ERR_NAME_NOT_RESOLVED @ https://browser-intake-datadoghq.com/api/v2/rum?ddsource=browser&dd-api-key=pub222856fe11852abc3642b1395fac0627&dd-evp-origin-version=7.1.0&dd-evp-origin=browser&dd-request-id=3011a9ce-ef1e-4b35-8f5b-9fc8ac5f6610&batch_time=1780921008332&_dd.api=fetch:0
[  715727ms] [ERROR] Failed to load resource: net::ERR_NAME_NOT_RESOLVED @ https://browser-intake-datadoghq.com/api/v2/rum?ddsource=browser&dd-api-key=pub222856fe11852abc3642b1395fac0627&dd-evp-origin-version=7.1.0&dd-evp-origin=browser&dd-request-id=ef2c9881-aedc-4170-8469-4516d6b02c28&batch_time=1780921011291&_dd.api=fetch:0
[  718276ms] [ERROR] Failed to load resource: net::ERR_NAME_NOT_RESOLVED @ https://browser-intake-datadoghq.com/api/v2/rum?ddsource=browser&dd-api-key=pub222856fe11852abc3642b1395fac0627&dd-evp-origin-version=7.1.0&dd-evp-origin=browser&dd-request-id=667c7468-1c9b-4545-92ad-4cd0814617ed&batch_time=1780921013848&_dd.api=fetch:0
[  720540ms] [ERROR] Failed to load resource: net::ERR_NAME_NOT_RESOLVED @ https://browser-intake-datadoghq.com/api/v2/rum?ddsource=browser&dd-api-key=pub222856fe11852abc3642b1395fac0627&dd-evp-origin-version=7.1.0&dd-evp-origin=browser&dd-request-id=606c5e7e-8639-4f4f-adc0-8745f66d3563&batch_time=1780921016115&_dd.api=fetch:0
[  723864ms] [ERROR] Failed to load resource: net::ERR_NAME_NOT_RESOLVED @ https://browser-intake-datadoghq.com/api/v2/rum?ddsource=browser&dd-api-key=pub222856fe11852abc3642b1395fac0627&dd-evp-origin-version=7.1.0&dd-evp-origin=browser&dd-request-id=2bf70156-5a3f-4257-b92a-3ced5ddb18b1&batch_time=1780921019439&_dd.api=fetch:0
[  728160ms] [WARNING] The resource https://kalshi.com/images/research/mission/Frame.png was preloaded using link preload but not used within a few seconds from the window's load event. Please make sure it has an appropriate `as` value and it is preloaded intentionally. @ https://kalshi.com/markets/kxmlbgame/professional-baseball-game/kxmlbgame-26jun102040chccol:0
[  728160ms] [WARNING] The resource https://kalshi.com/images/research/mission/calibration.png was preloaded using link preload but not used within a few seconds from the window's load event. Please make sure it has an appropriate `as` value and it is preloaded intentionally. @ https://kalshi.com/markets/kxmlbgame/professional-baseball-game/kxmlbgame-26jun102040chccol:0
[  728160ms] [WARNING] The resource https://kalshi.com/images/research/mission/prediction-accuracy.png was preloaded using link preload but not used within a few seconds from the window's load event. Please make sure it has an appropriate `as` value and it is preloaded intentionally. @ https://kalshi.com/markets/kxmlbgame/professional-baseball-game/kxmlbgame-26jun102040chccol:0
[  728160ms] [WARNING] The resource https://kalshi.com/images/research/mission/real-world-impact.png was preloaded using link preload but not used within a few seconds from the window's load event. Please make sure it has an appropriate `as` value and it is preloaded intentionally. @ https://kalshi.com/markets/kxmlbgame/professional-baseball-game/kxmlbgame-26jun102040chccol:0
[  728160ms] [WARNING] The resource https://kalshi.com/images/research/mission/belief-updating-dynamics.png was preloaded using link preload but not used within a few seconds from the window's load event. Please make sure it has an appropriate `as` value and it is preloaded intentionally. @ https://kalshi.com/markets/kxmlbgame/professional-baseball-game/kxmlbgame-26jun102040chccol:0
[  728160ms] [WARNING] The resource https://kalshi.com/images/research/mission/market-microstructure.png was preloaded using link preload but not used within a few seconds from the window's load event. Please make sure it has an appropriate `as` value and it is preloaded intentionally. @ https://kalshi.com/markets/kxmlbgame/professional-baseball-game/kxmlbgame-26jun102040chccol:0
[  728160ms] [WARNING] The resource https://kalshi.com/images/research/mission/participant-heterogeneity.png was preloaded using link preload but not used within a few seconds from the window's load event. Please make sure it has an appropriate `as` value and it is preloaded intentionally. @ https://kalshi.com/markets/kxmlbgame/professional-baseball-game/kxmlbgame-26jun102040chccol:0
[  728975ms] [ERROR] Failed to load resource: net::ERR_NAME_NOT_RESOLVED @ https://browser-intake-datadoghq.com/api/v2/rum?ddsource=browser&dd-api-key=pub222856fe11852abc3642b1395fac0627&dd-evp-origin-version=7.1.0&dd-evp-origin=browser&dd-request-id=53125f8c-343a-4511-9eb7-fc3618a3dda6&batch_time=1780921024551&_dd.api=fetch:0
[  732993ms] [ERROR] Failed to load resource: net::ERR_NAME_NOT_RESOLVED @ https://browser-intake-datadoghq.com/api/v2/rum?ddsource=browser&dd-api-key=pub222856fe11852abc3642b1395fac0627&dd-evp-origin-version=7.1.0&dd-evp-origin=browser&dd-request-id=147962b2-c057-4472-b6b5-3c1a20c731e1&batch_time=1780921028553&_dd.api=fetch:0
[  735922ms] [ERROR] Failed to load resource: net::ERR_NAME_NOT_RESOLVED @ https://browser-intake-datadoghq.com/api/v2/rum?ddsource=browser&dd-api-key=pub222856fe11852abc3642b1395fac0627&dd-evp-origin-version=7.1.0&dd-evp-origin=browser&dd-request-id=a536b3f6-09af-40d3-9326-b96ab7b87f4b&batch_time=1780921031497&_dd.api=fetch:0
[  738550ms] [ERROR] Failed to load resource: net::ERR_NAME_NOT_RESOLVED @ https://browser-intake-datadoghq.com/api/v2/rum?ddsource=browser&dd-api-key=pub222856fe11852abc3642b1395fac0627&dd-evp-origin-version=7.1.0&dd-evp-origin=browser&dd-request-id=9672dc5f-69b3-451c-8b3f-838ba48ffa74&batch_time=1780921034112&_dd.api=fetch:0
[  740960ms] [ERROR] Failed to load resource: net::ERR_NAME_NOT_RESOLVED @ https://browser-intake-datadoghq.com/api/v2/rum?ddsource=browser&dd-api-key=pub222856fe11852abc3642b1395fac0627&dd-evp-origin-version=7.1.0&dd-evp-origin=browser&dd-request-id=be589853-8dc0-47a6-a875-abc55f2e2b44&batch_time=1780921036535&_dd.api=fetch:0
[  745167ms] [ERROR] Failed to load resource: net::ERR_NAME_NOT_RESOLVED @ https://browser-intake-datadoghq.com/api/v2/rum?ddsource=browser&dd-api-key=pub222856fe11852abc3642b1395fac0627&dd-evp-origin-version=7.1.0&dd-evp-origin=browser&dd-request-id=60b6824b-84f8-46e7-a9cc-685826599e8d&batch_time=1780921040742&_dd.api=fetch:0
[  748178ms] [WARNING] The resource https://kalshi.com/images/research/mission/Frame.png was preloaded using link preload but not used within a few seconds from the window's load event. Please make sure it has an appropriate `as` value and it is preloaded intentionally. @ https://kalshi.com/markets/kxmlbgame/professional-baseball-game/kxmlbgame-26jun102040chccol:0
[  748178ms] [WARNING] The resource https://kalshi.com/images/research/mission/calibration.png was preloaded using link preload but not used within a few seconds from the window's load event. Please make sure it has an appropriate `as` value and it is preloaded intentionally. @ https://kalshi.com/markets/kxmlbgame/professional-baseball-game/kxmlbgame-26jun102040chccol:0
[  748178ms] [WARNING] The resource https://kalshi.com/images/research/mission/prediction-accuracy.png was preloaded using link preload but not used within a few seconds from the window's load event. Please make sure it has an appropriate `as` value and it is preloaded intentionally. @ https://kalshi.com/markets/kxmlbgame/professional-baseball-game/kxmlbgame-26jun102040chccol:0
[  748178ms] [WARNING] The resource https://kalshi.com/images/research/mission/real-world-impact.png was preloaded using link preload but not used within a few seconds from the window's load event. Please make sure it has an appropriate `as` value and it is preloaded intentionally. @ https://kalshi.com/markets/kxmlbgame/professional-baseball-game/kxmlbgame-26jun102040chccol:0
[  748178ms] [WARNING] The resource https://kalshi.com/images/research/mission/belief-updating-dynamics.png was preloaded using link preload but not used within a few seconds from the window's load event. Please make sure it has an appropriate `as` value and it is preloaded intentionally. @ https://kalshi.com/markets/kxmlbgame/professional-baseball-game/kxmlbgame-26jun102040chccol:0
[  748178ms] [WARNING] The resource https://kalshi.com/images/research/mission/market-microstructure.png was preloaded using link preload but not used within a few seconds from the window's load event. Please make sure it has an appropriate `as` value and it is preloaded intentionally. @ https://kalshi.com/markets/kxmlbgame/professional-baseball-game/kxmlbgame-26jun102040chccol:0
[  748178ms] [WARNING] The resource https://kalshi.com/images/research/mission/participant-heterogeneity.png was preloaded using link preload but not used within a few seconds from the window's load event. Please make sure it has an appropriate `as` value and it is preloaded intentionally. @ https://kalshi.com/markets/kxmlbgame/professional-baseball-game/kxmlbgame-26jun102040chccol:0
[  751937ms] [WARNING] The resource https://kalshi.com/images/research/mission/Frame.png was preloaded using link preload but not used within a few seconds from the window's load event. Please make sure it has an appropriate `as` value and it is preloaded intentionally. @ https://kalshi.com/markets/kxmlbgame/professional-baseball-game/kxmlbgame-26jun102040chccol:0
[  751937ms] [WARNING] The resource https://kalshi.com/images/research/mission/calibration.png was preloaded using link preload but not used within a few seconds from the window's load event. Please make sure it has an appropriate `as` value and it is preloaded intentionally. @ https://kalshi.com/markets/kxmlbgame/professional-baseball-game/kxmlbgame-26jun102040chccol:0
[  751937ms] [WARNING] The resource https://kalshi.com/images/research/mission/prediction-accuracy.png was preloaded using link preload but not used within a few seconds from the window's load event. Please make sure it has an appropriate `as` value and it is preloaded intentionally. @ https://kalshi.com/markets/kxmlbgame/professional-baseball-game/kxmlbgame-26jun102040chccol:0
[  751937ms] [WARNING] The resource https://kalshi.com/images/research/mission/real-world-impact.png was preloaded using link preload but not used within a few seconds from the window's load event. Please make sure it has an appropriate `as` value and it is preloaded intentionally. @ https://kalshi.com/markets/kxmlbgame/professional-baseball-game/kxmlbgame-26jun102040chccol:0
[  751937ms] [WARNING] The resource https://kalshi.com/images/research/mission/belief-updating-dynamics.png was preloaded using link preload but not used within a few seconds from the window's load event. Please make sure it has an appropriate `as` value and it is preloaded intentionally. @ https://kalshi.com/markets/kxmlbgame/professional-baseball-game/kxmlbgame-26jun102040chccol:0
[  751937ms] [WARNING] The resource https://kalshi.com/images/research/mission/market-microstructure.png was preloaded using link preload but not used within a few seconds from the window's load event. Please make sure it has an appropriate `as` value and it is preloaded intentionally. @ https://kalshi.com/markets/kxmlbgame/professional-baseball-game/kxmlbgame-26jun102040chccol:0
[  751937ms] [WARNING] The resource https://kalshi.com/images/research/mission/participant-heterogeneity.png was preloaded using link preload but not used within a few seconds from the window's load event. Please make sure it has an appropriate `as` value and it is preloaded intentionally. @ https://kalshi.com/markets/kxmlbgame/professional-baseball-game/kxmlbgame-26jun102040chccol:0
[  753224ms] [ERROR] Failed to load resource: net::ERR_NAME_NOT_RESOLVED @ https://browser-intake-datadoghq.com/api/v2/rum?ddsource=browser&dd-api-key=pub222856fe11852abc3642b1395fac0627&dd-evp-origin-version=7.1.0&dd-evp-origin=browser&dd-request-id=4a32f240-2b41-4a30-8380-8eebb56221bf&batch_time=1780921048799&_dd.api=fetch:0
[  756230ms] [WARNING] The resource https://kalshi.com/images/research/mission/Frame.png was preloaded using link preload but not used within a few seconds from the window's load event. Please make sure it has an appropriate `as` value and it is preloaded intentionally. @ https://kalshi.com/markets/kxmlbgame/professional-baseball-game/kxmlbgame-26jun102040chccol:0
[  756230ms] [WARNING] The resource https://kalshi.com/images/research/mission/calibration.png was preloaded using link preload but not used within a few seconds from the window's load event. Please make sure it has an appropriate `as` value and it is preloaded intentionally. @ https://kalshi.com/markets/kxmlbgame/professional-baseball-game/kxmlbgame-26jun102040chccol:0
[  756230ms] [WARNING] The resource https://kalshi.com/images/research/mission/prediction-accuracy.png was preloaded using link preload but not used within a few seconds from the window's load event. Please make sure it has an appropriate `as` value and it is preloaded intentionally. @ https://kalshi.com/markets/kxmlbgame/professional-baseball-game/kxmlbgame-26jun102040chccol:0
[  756230ms] [WARNING] The resource https://kalshi.com/images/research/mission/real-world-impact.png was preloaded using link preload but not used within a few seconds from the window's load event. Please make sure it has an appropriate `as` value and it is preloaded intentionally. @ https://kalshi.com/markets/kxmlbgame/professional-baseball-game/kxmlbgame-26jun102040chccol:0
[  756230ms] [WARNING] The resource https://kalshi.com/images/research/mission/belief-updating-dynamics.png was preloaded using link preload but not used within a few seconds from the window's load event. Please make sure it has an appropriate `as` value and it is preloaded intentionally. @ https://kalshi.com/markets/kxmlbgame/professional-baseball-game/kxmlbgame-26jun102040chccol:0
[  756230ms] [WARNING] The resource https://kalshi.com/images/research/mission/market-microstructure.png was preloaded using link preload but not used within a few seconds from the window's load event. Please make sure it has an appropriate `as` value and it is preloaded intentionally. @ https://kalshi.com/markets/kxmlbgame/professional-baseball-game/kxmlbgame-26jun102040chccol:0
[  756230ms] [WARNING] The resource https://kalshi.com/images/research/mission/participant-heterogeneity.png was preloaded using link preload but not used within a few seconds from the window's load event. Please make sure it has an appropriate `as` value and it is preloaded intentionally. @ https://kalshi.com/markets/kxmlbgame/professional-baseball-game/kxmlbgame-26jun102040chccol:0
[  760135ms] [WARNING] The resource https://kalshi.com/images/research/mission/Frame.png was preloaded using link preload but not used within a few seconds from the window's load event. Please make sure it has an appropriate `as` value and it is preloaded intentionally. @ https://kalshi.com/markets/kxmlbgame/professional-baseball-game/kxmlbgame-26jun102040chccol:0
[  760135ms] [WARNING] The resource https://kalshi.com/images/research/mission/calibration.png was preloaded using link preload but not used within a few seconds from the window's load event. Please make sure it has an appropriate `as` value and it is preloaded intentionally. @ https://kalshi.com/markets/kxmlbgame/professional-baseball-game/kxmlbgame-26jun102040chccol:0
[  760135ms] [WARNING] The resource https://kalshi.com/images/research/mission/prediction-accuracy.png was preloaded using link preload but not used within a few seconds from the window's load event. Please make sure it has an appropriate `as` value and it is preloaded intentionally. @ https://kalshi.com/markets/kxmlbgame/professional-baseball-game/kxmlbgame-26jun102040chccol:0
[  760135ms] [WARNING] The resource https://kalshi.com/images/research/mission/real-world-impact.png was preloaded using link preload but not used within a few seconds from the window's load event. Please make sure it has an appropriate `as` value and it is preloaded intentionally. @ https://kalshi.com/markets/kxmlbgame/professional-baseball-game/kxmlbgame-26jun102040chccol:0
[  760135ms] [WARNING] The resource https://kalshi.com/images/research/mission/belief-updating-dynamics.png was preloaded using link preload but not used within a few seconds from the window's load event. Please make sure it has an appropriate `as` value and it is preloaded intentionally. @ https://kalshi.com/markets/kxmlbgame/professional-baseball-game/kxmlbgame-26jun102040chccol:0
[  760135ms] [WARNING] The resource https://kalshi.com/images/research/mission/market-microstructure.png was preloaded using link preload but not used within a few seconds from the window's load event. Please make sure it has an appropriate `as` value and it is preloaded intentionally. @ https://kalshi.com/markets/kxmlbgame/professional-baseball-game/kxmlbgame-26jun102040chccol:0
[  760135ms] [WARNING] The resource https://kalshi.com/images/research/mission/participant-heterogeneity.png was preloaded using link preload but not used within a few seconds from the window's load event. Please make sure it has an appropriate `as` value and it is preloaded intentionally. @ https://kalshi.com/markets/kxmlbgame/professional-baseball-game/kxmlbgame-26jun102040chccol:0
[  763154ms] [ERROR] Failed to load resource: net::ERR_NAME_NOT_RESOLVED @ https://browser-intake-datadoghq.com/api/v2/rum?ddsource=browser&dd-api-key=pub222856fe11852abc3642b1395fac0627&dd-evp-origin-version=7.1.0&dd-evp-origin=browser&dd-request-id=a485f2a6-90b2-45a8-a54a-6d1e072e1d34&batch_time=1780921058729&_dd.api=fetch:0
[  767955ms] [WARNING] The resource https://kalshi.com/images/research/mission/Frame.png was preloaded using link preload but not used within a few seconds from the window's load event. Please make sure it has an appropriate `as` value and it is preloaded intentionally. @ https://kalshi.com/markets/kxmlbgame/professional-baseball-game/kxmlbgame-26jun102040chccol:0
[  767955ms] [WARNING] The resource https://kalshi.com/images/research/mission/calibration.png was preloaded using link preload but not used within a few seconds from the window's load event. Please make sure it has an appropriate `as` value and it is preloaded intentionally. @ https://kalshi.com/markets/kxmlbgame/professional-baseball-game/kxmlbgame-26jun102040chccol:0
[  767955ms] [WARNING] The resource https://kalshi.com/images/research/mission/prediction-accuracy.png was preloaded using link preload but not used within a few seconds from the window's load event. Please make sure it has an appropriate `as` value and it is preloaded intentionally. @ https://kalshi.com/markets/kxmlbgame/professional-baseball-game/kxmlbgame-26jun102040chccol:0
[  767955ms] [WARNING] The resource https://kalshi.com/images/research/mission/real-world-impact.png was preloaded using link preload but not used within a few seconds from the window's load event. Please make sure it has an appropriate `as` value and it is preloaded intentionally. @ https://kalshi.com/markets/kxmlbgame/professional-baseball-game/kxmlbgame-26jun102040chccol:0
[  767955ms] [WARNING] The resource https://kalshi.com/images/research/mission/belief-updating-dynamics.png was preloaded using link preload but not used within a few seconds from the window's load event. Please make sure it has an appropriate `as` value and it is preloaded intentionally. @ https://kalshi.com/markets/kxmlbgame/professional-baseball-game/kxmlbgame-26jun102040chccol:0
[  767955ms] [WARNING] The resource https://kalshi.com/images/research/mission/market-microstructure.png was preloaded using link preload but not used within a few seconds from the window's load event. Please make sure it has an appropriate `as` value and it is preloaded intentionally. @ https://kalshi.com/markets/kxmlbgame/professional-baseball-game/kxmlbgame-26jun102040chccol:0
[  767955ms] [WARNING] The resource https://kalshi.com/images/research/mission/participant-heterogeneity.png was preloaded using link preload but not used within a few seconds from the window's load event. Please make sure it has an appropriate `as` value and it is preloaded intentionally. @ https://kalshi.com/markets/kxmlbgame/professional-baseball-game/kxmlbgame-26jun102040chccol:0
[  771043ms] [ERROR] Failed to load resource: net::ERR_NAME_NOT_RESOLVED @ https://browser-intake-datadoghq.com/api/v2/rum?ddsource=browser&dd-api-key=pub222856fe11852abc3642b1395fac0627&dd-evp-origin-version=7.1.0&dd-evp-origin=browser&dd-request-id=4ef7c6d4-1837-49d5-a129-db45fad6fd31&batch_time=1780921066618&_dd.api=fetch:0
[  776211ms] [WARNING] The resource https://kalshi.com/images/research/mission/Frame.png was preloaded using link preload but not used within a few seconds from the window's load event. Please make sure it has an appropriate `as` value and it is preloaded intentionally. @ https://kalshi.com/markets/kxmlbgame/professional-baseball-game/kxmlbgame-26jun102040chccol:0
[  776211ms] [WARNING] The resource https://kalshi.com/images/research/mission/calibration.png was preloaded using link preload but not used within a few seconds from the window's load event. Please make sure it has an appropriate `as` value and it is preloaded intentionally. @ https://kalshi.com/markets/kxmlbgame/professional-baseball-game/kxmlbgame-26jun102040chccol:0
[  776211ms] [WARNING] The resource https://kalshi.com/images/research/mission/prediction-accuracy.png was preloaded using link preload but not used within a few seconds from the window's load event. Please make sure it has an appropriate `as` value and it is preloaded intentionally. @ https://kalshi.com/markets/kxmlbgame/professional-baseball-game/kxmlbgame-26jun102040chccol:0
[  776211ms] [WARNING] The resource https://kalshi.com/images/research/mission/real-world-impact.png was preloaded using link preload but not used within a few seconds from the window's load event. Please make sure it has an appropriate `as` value and it is preloaded intentionally. @ https://kalshi.com/markets/kxmlbgame/professional-baseball-game/kxmlbgame-26jun102040chccol:0
[  776211ms] [WARNING] The resource https://kalshi.com/images/research/mission/belief-updating-dynamics.png was preloaded using link preload but not used within a few seconds from the window's load event. Please make sure it has an appropriate `as` value and it is preloaded intentionally. @ https://kalshi.com/markets/kxmlbgame/professional-baseball-game/kxmlbgame-26jun102040chccol:0
[  776211ms] [WARNING] The resource https://kalshi.com/images/research/mission/market-microstructure.png was preloaded using link preload but not used within a few seconds from the window's load event. Please make sure it has an appropriate `as` value and it is preloaded intentionally. @ https://kalshi.com/markets/kxmlbgame/professional-baseball-game/kxmlbgame-26jun102040chccol:0
[  776211ms] [WARNING] The resource https://kalshi.com/images/research/mission/participant-heterogeneity.png was preloaded using link preload but not used within a few seconds from the window's load event. Please make sure it has an appropriate `as` value and it is preloaded intentionally. @ https://kalshi.com/markets/kxmlbgame/professional-baseball-game/kxmlbgame-26jun102040chccol:0
[  776929ms] [ERROR] Failed to load resource: net::ERR_NAME_NOT_RESOLVED @ https://browser-intake-datadoghq.com/api/v2/rum?ddsource=browser&dd-api-key=pub222856fe11852abc3642b1395fac0627&dd-evp-origin-version=7.1.0&dd-evp-origin=browser&dd-request-id=1d44d97c-e1a1-4d78-856f-51e3e096ecba&batch_time=1780921072504&_dd.api=fetch:0
[  780208ms] [WARNING] The resource https://kalshi.com/images/research/mission/Frame.png was preloaded using link preload but not used within a few seconds from the window's load event. Please make sure it has an appropriate `as` value and it is preloaded intentionally. @ https://kalshi.com/markets/kxmlbgame/professional-baseball-game/kxmlbgame-26jun102040chccol:0
[  780208ms] [WARNING] The resource https://kalshi.com/images/research/mission/calibration.png was preloaded using link preload but not used within a few seconds from the window's load event. Please make sure it has an appropriate `as` value and it is preloaded intentionally. @ https://kalshi.com/markets/kxmlbgame/professional-baseball-game/kxmlbgame-26jun102040chccol:0
[  780208ms] [WARNING] The resource https://kalshi.com/images/research/mission/prediction-accuracy.png was preloaded using link preload but not used within a few seconds from the window's load event. Please make sure it has an appropriate `as` value and it is preloaded intentionally. @ https://kalshi.com/markets/kxmlbgame/professional-baseball-game/kxmlbgame-26jun102040chccol:0
[  780208ms] [WARNING] The resource https://kalshi.com/images/research/mission/real-world-impact.png was preloaded using link preload but not used within a few seconds from the window's load event. Please make sure it has an appropriate `as` value and it is preloaded intentionally. @ https://kalshi.com/markets/kxmlbgame/professional-baseball-game/kxmlbgame-26jun102040chccol:0
[  780208ms] [WARNING] The resource https://kalshi.com/images/research/mission/belief-updating-dynamics.png was preloaded using link preload but not used within a few seconds from the window's load event. Please make sure it has an appropriate `as` value and it is preloaded intentionally. @ https://kalshi.com/markets/kxmlbgame/professional-baseball-game/kxmlbgame-26jun102040chccol:0
[  780208ms] [WARNING] The resource https://kalshi.com/images/research/mission/market-microstructure.png was preloaded using link preload but not used within a few seconds from the window's load event. Please make sure it has an appropriate `as` value and it is preloaded intentionally. @ https://kalshi.com/markets/kxmlbgame/professional-baseball-game/kxmlbgame-26jun102040chccol:0
[  780208ms] [WARNING] The resource https://kalshi.com/images/research/mission/participant-heterogeneity.png was preloaded using link preload but not used within a few seconds from the window's load event. Please make sure it has an appropriate `as` value and it is preloaded intentionally. @ https://kalshi.com/markets/kxmlbgame/professional-baseball-game/kxmlbgame-26jun102040chccol:0
[  784183ms] [ERROR] Failed to load resource: net::ERR_NAME_NOT_RESOLVED @ https://browser-intake-datadoghq.com/api/v2/rum?ddsource=browser&dd-api-key=pub222856fe11852abc3642b1395fac0627&dd-evp-origin-version=7.1.0&dd-evp-origin=browser&dd-request-id=5f4b330e-7abf-4627-a1d9-0fc9a4c7a6f0&batch_time=1780921079757&_dd.api=fetch:0
[  786180ms] [ERROR] Failed to load resource: net::ERR_NAME_NOT_RESOLVED @ https://browser-intake-datadoghq.com/api/v2/rum?ddsource=browser&dd-api-key=pub222856fe11852abc3642b1395fac0627&dd-evp-origin-version=7.1.0&dd-evp-origin=browser&dd-request-id=5c9aa7be-6c1a-41ce-9931-59d55ec901b7&batch_time=1780921081743&_dd.api=fetch:0
[  793163ms] [ERROR] Failed to load resource: net::ERR_NAME_NOT_RESOLVED @ https://browser-intake-datadoghq.com/api/v2/rum?ddsource=browser&dd-api-key=pub222856fe11852abc3642b1395fac0627&dd-evp-origin-version=7.1.0&dd-evp-origin=browser&dd-request-id=db6598b3-af0c-46cf-9c94-dbda72593576&batch_time=1780921088737&_dd.api=fetch:0
[  795259ms] [ERROR] Failed to load resource: net::ERR_NAME_NOT_RESOLVED @ https://browser-intake-datadoghq.com/api/v2/rum?ddsource=browser&dd-api-key=pub222856fe11852abc3642b1395fac0627&dd-evp-origin-version=7.1.0&dd-evp-origin=browser&dd-request-id=38a7713c-2e9f-4589-93bc-7f6d6d06eb8c&batch_time=1780921090834&_dd.api=fetch:0
[  798329ms] [ERROR] Failed to load resource: net::ERR_NAME_NOT_RESOLVED @ https://browser-intake-datadoghq.com/api/v2/rum?ddsource=browser&dd-api-key=pub222856fe11852abc3642b1395fac0627&dd-evp-origin-version=7.1.0&dd-evp-origin=browser&dd-request-id=f71f091a-6b55-45a5-a13a-bd4873cd1714&batch_time=1780921093903&_dd.api=fetch:0
[  802358ms] [ERROR] Failed to load resource: net::ERR_NAME_NOT_RESOLVED @ https://browser-intake-datadoghq.com/api/v2/rum?ddsource=browser&dd-api-key=pub222856fe11852abc3642b1395fac0627&dd-evp-origin-version=7.1.0&dd-evp-origin=browser&dd-request-id=4a51fbd3-b47a-4fe5-a61b-516646747631&batch_time=1780921097920&_dd.api=fetch:0
[  805404ms] [ERROR] Failed to load resource: net::ERR_NAME_NOT_RESOLVED @ https://browser-intake-datadoghq.com/api/v2/rum?ddsource=browser&dd-api-key=pub222856fe11852abc3642b1395fac0627&dd-evp-origin-version=7.1.0&dd-evp-origin=browser&dd-request-id=254b09d9-5ed9-4326-b182-6a30f8410b50&batch_time=1780921100978&_dd.api=fetch:0
[  808408ms] [WARNING] The resource https://kalshi.com/images/research/mission/Frame.png was preloaded using link preload but not used within a few seconds from the window's load event. Please make sure it has an appropriate `as` value and it is preloaded intentionally. @ https://kalshi.com/markets/kxmlbgame/professional-baseball-game/kxmlbgame-26jun102040chccol:0
[  808408ms] [WARNING] The resource https://kalshi.com/images/research/mission/calibration.png was preloaded using link preload but not used within a few seconds from the window's load event. Please make sure it has an appropriate `as` value and it is preloaded intentionally. @ https://kalshi.com/markets/kxmlbgame/professional-baseball-game/kxmlbgame-26jun102040chccol:0
[  808408ms] [WARNING] The resource https://kalshi.com/images/research/mission/prediction-accuracy.png was preloaded using link preload but not used within a few seconds from the window's load event. Please make sure it has an appropriate `as` value and it is preloaded intentionally. @ https://kalshi.com/markets/kxmlbgame/professional-baseball-game/kxmlbgame-26jun102040chccol:0
[  808408ms] [WARNING] The resource https://kalshi.com/images/research/mission/real-world-impact.png was preloaded using link preload but not used within a few seconds from the window's load event. Please make sure it has an appropriate `as` value and it is preloaded intentionally. @ https://kalshi.com/markets/kxmlbgame/professional-baseball-game/kxmlbgame-26jun102040chccol:0
[  808408ms] [WARNING] The resource https://kalshi.com/images/research/mission/belief-updating-dynamics.png was preloaded using link preload but not used within a few seconds from the window's load event. Please make sure it has an appropriate `as` value and it is preloaded intentionally. @ https://kalshi.com/markets/kxmlbgame/professional-baseball-game/kxmlbgame-26jun102040chccol:0
[  808408ms] [WARNING] The resource https://kalshi.com/images/research/mission/market-microstructure.png was preloaded using link preload but not used within a few seconds from the window's load event. Please make sure it has an appropriate `as` value and it is preloaded intentionally. @ https://kalshi.com/markets/kxmlbgame/professional-baseball-game/kxmlbgame-26jun102040chccol:0
[  808408ms] [WARNING] The resource https://kalshi.com/images/research/mission/participant-heterogeneity.png was preloaded using link preload but not used within a few seconds from the window's load event. Please make sure it has an appropriate `as` value and it is preloaded intentionally. @ https://kalshi.com/markets/kxmlbgame/professional-baseball-game/kxmlbgame-26jun102040chccol:0
[  810444ms] [ERROR] Failed to load resource: net::ERR_NAME_NOT_RESOLVED @ https://browser-intake-datadoghq.com/api/v2/rum?ddsource=browser&dd-api-key=pub222856fe11852abc3642b1395fac0627&dd-evp-origin-version=7.1.0&dd-evp-origin=browser&dd-request-id=4b963624-5415-44ad-ba16-ce49de8e61a2&batch_time=1780921106019&_dd.api=fetch:0
[  813464ms] [ERROR] Failed to load resource: net::ERR_NAME_NOT_RESOLVED @ https://browser-intake-datadoghq.com/api/v2/rum?ddsource=browser&dd-api-key=pub222856fe11852abc3642b1395fac0627&dd-evp-origin-version=7.1.0&dd-evp-origin=browser&dd-request-id=5daaf15a-610e-4407-8d3d-95e33a4485e4&batch_time=1780921109028&_dd.api=fetch:0
[  816474ms] [WARNING] The resource https://kalshi.com/images/research/mission/Frame.png was preloaded using link preload but not used within a few seconds from the window's load event. Please make sure it has an appropriate `as` value and it is preloaded intentionally. @ https://kalshi.com/markets/kxmlbgame/professional-baseball-game/kxmlbgame-26jun102040chccol:0
[  816474ms] [WARNING] The resource https://kalshi.com/images/research/mission/calibration.png was preloaded using link preload but not used within a few seconds from the window's load event. Please make sure it has an appropriate `as` value and it is preloaded intentionally. @ https://kalshi.com/markets/kxmlbgame/professional-baseball-game/kxmlbgame-26jun102040chccol:0
[  816474ms] [WARNING] The resource https://kalshi.com/images/research/mission/prediction-accuracy.png was preloaded using link preload but not used within a few seconds from the window's load event. Please make sure it has an appropriate `as` value and it is preloaded intentionally. @ https://kalshi.com/markets/kxmlbgame/professional-baseball-game/kxmlbgame-26jun102040chccol:0
[  816474ms] [WARNING] The resource https://kalshi.com/images/research/mission/real-world-impact.png was preloaded using link preload but not used within a few seconds from the window's load event. Please make sure it has an appropriate `as` value and it is preloaded intentionally. @ https://kalshi.com/markets/kxmlbgame/professional-baseball-game/kxmlbgame-26jun102040chccol:0
[  816474ms] [WARNING] The resource https://kalshi.com/images/research/mission/belief-updating-dynamics.png was preloaded using link preload but not used within a few seconds from the window's load event. Please make sure it has an appropriate `as` value and it is preloaded intentionally. @ https://kalshi.com/markets/kxmlbgame/professional-baseball-game/kxmlbgame-26jun102040chccol:0
[  816474ms] [WARNING] The resource https://kalshi.com/images/research/mission/market-microstructure.png was preloaded using link preload but not used within a few seconds from the window's load event. Please make sure it has an appropriate `as` value and it is preloaded intentionally. @ https://kalshi.com/markets/kxmlbgame/professional-baseball-game/kxmlbgame-26jun102040chccol:0
[  816474ms] [WARNING] The resource https://kalshi.com/images/research/mission/participant-heterogeneity.png was preloaded using link preload but not used within a few seconds from the window's load event. Please make sure it has an appropriate `as` value and it is preloaded intentionally. @ https://kalshi.com/markets/kxmlbgame/professional-baseball-game/kxmlbgame-26jun102040chccol:0
[  817469ms] [ERROR] Failed to load resource: net::ERR_NAME_NOT_RESOLVED @ https://browser-intake-datadoghq.com/api/v2/rum?ddsource=browser&dd-api-key=pub222856fe11852abc3642b1395fac0627&dd-evp-origin-version=7.1.0&dd-evp-origin=browser&dd-request-id=01ce1c75-07e6-4e77-b91e-db2cc7d072b3&batch_time=1780921113044&_dd.api=fetch:0
[  820483ms] [WARNING] The resource https://kalshi.com/images/research/mission/Frame.png was preloaded using link preload but not used within a few seconds from the window's load event. Please make sure it has an appropriate `as` value and it is preloaded intentionally. @ https://kalshi.com/markets/kxmlbgame/professional-baseball-game/kxmlbgame-26jun102040chccol:0
[  820483ms] [WARNING] The resource https://kalshi.com/images/research/mission/calibration.png was preloaded using link preload but not used within a few seconds from the window's load event. Please make sure it has an appropriate `as` value and it is preloaded intentionally. @ https://kalshi.com/markets/kxmlbgame/professional-baseball-game/kxmlbgame-26jun102040chccol:0
[  820483ms] [WARNING] The resource https://kalshi.com/images/research/mission/prediction-accuracy.png was preloaded using link preload but not used within a few seconds from the window's load event. Please make sure it has an appropriate `as` value and it is preloaded intentionally. @ https://kalshi.com/markets/kxmlbgame/professional-baseball-game/kxmlbgame-26jun102040chccol:0
[  820483ms] [WARNING] The resource https://kalshi.com/images/research/mission/real-world-impact.png was preloaded using link preload but not used within a few seconds from the window's load event. Please make sure it has an appropriate `as` value and it is preloaded intentionally. @ https://kalshi.com/markets/kxmlbgame/professional-baseball-game/kxmlbgame-26jun102040chccol:0
[  820483ms] [WARNING] The resource https://kalshi.com/images/research/mission/belief-updating-dynamics.png was preloaded using link preload but not used within a few seconds from the window's load event. Please make sure it has an appropriate `as` value and it is preloaded intentionally. @ https://kalshi.com/markets/kxmlbgame/professional-baseball-game/kxmlbgame-26jun102040chccol:0
[  820483ms] [WARNING] The resource https://kalshi.com/images/research/mission/market-microstructure.png was preloaded using link preload but not used within a few seconds from the window's load event. Please make sure it has an appropriate `as` value and it is preloaded intentionally. @ https://kalshi.com/markets/kxmlbgame/professional-baseball-game/kxmlbgame-26jun102040chccol:0
[  820483ms] [WARNING] The resource https://kalshi.com/images/research/mission/participant-heterogeneity.png was preloaded using link preload but not used within a few seconds from the window's load event. Please make sure it has an appropriate `as` value and it is preloaded intentionally. @ https://kalshi.com/markets/kxmlbgame/professional-baseball-game/kxmlbgame-26jun102040chccol:0
[  821520ms] [ERROR] Failed to load resource: net::ERR_NAME_NOT_RESOLVED @ https://browser-intake-datadoghq.com/api/v2/rum?ddsource=browser&dd-api-key=pub222856fe11852abc3642b1395fac0627&dd-evp-origin-version=7.1.0&dd-evp-origin=browser&dd-request-id=f4ff2c1f-51bb-4e32-8ac2-f0cf48b4b7ee&batch_time=1780921117095&_dd.api=fetch:0
[  823169ms] [ERROR] Failed to load resource: net::ERR_NAME_NOT_RESOLVED @ https://browser-intake-datadoghq.com/api/v2/rum?ddsource=browser&dd-api-key=pub222856fe11852abc3642b1395fac0627&dd-evp-origin-version=7.1.0&dd-evp-origin=browser&dd-request-id=178ded70-197a-4d81-8c62-c97942bfc5d9&batch_time=1780921118732&_dd.api=fetch:0
[  828149ms] [WARNING] The resource https://kalshi.com/images/research/mission/Frame.png was preloaded using link preload but not used within a few seconds from the window's load event. Please make sure it has an appropriate `as` value and it is preloaded intentionally. @ https://kalshi.com/markets/kxmlbgame/professional-baseball-game/kxmlbgame-26jun102040chccol:0
[  828150ms] [WARNING] The resource https://kalshi.com/images/research/mission/calibration.png was preloaded using link preload but not used within a few seconds from the window's load event. Please make sure it has an appropriate `as` value and it is preloaded intentionally. @ https://kalshi.com/markets/kxmlbgame/professional-baseball-game/kxmlbgame-26jun102040chccol:0
[  828150ms] [WARNING] The resource https://kalshi.com/images/research/mission/prediction-accuracy.png was preloaded using link preload but not used within a few seconds from the window's load event. Please make sure it has an appropriate `as` value and it is preloaded intentionally. @ https://kalshi.com/markets/kxmlbgame/professional-baseball-game/kxmlbgame-26jun102040chccol:0
[  828150ms] [WARNING] The resource https://kalshi.com/images/research/mission/real-world-impact.png was preloaded using link preload but not used within a few seconds from the window's load event. Please make sure it has an appropriate `as` value and it is preloaded intentionally. @ https://kalshi.com/markets/kxmlbgame/professional-baseball-game/kxmlbgame-26jun102040chccol:0
[  828150ms] [WARNING] The resource https://kalshi.com/images/research/mission/belief-updating-dynamics.png was preloaded using link preload but not used within a few seconds from the window's load event. Please make sure it has an appropriate `as` value and it is preloaded intentionally. @ https://kalshi.com/markets/kxmlbgame/professional-baseball-game/kxmlbgame-26jun102040chccol:0
[  828150ms] [WARNING] The resource https://kalshi.com/images/research/mission/market-microstructure.png was preloaded using link preload but not used within a few seconds from the window's load event. Please make sure it has an appropriate `as` value and it is preloaded intentionally. @ https://kalshi.com/markets/kxmlbgame/professional-baseball-game/kxmlbgame-26jun102040chccol:0
[  828150ms] [WARNING] The resource https://kalshi.com/images/research/mission/participant-heterogeneity.png was preloaded using link preload but not used within a few seconds from the window's load event. Please make sure it has an appropriate `as` value and it is preloaded intentionally. @ https://kalshi.com/markets/kxmlbgame/professional-baseball-game/kxmlbgame-26jun102040chccol:0
[  828757ms] [ERROR] Failed to load resource: net::ERR_NAME_NOT_RESOLVED @ https://browser-intake-datadoghq.com/api/v2/rum?ddsource=browser&dd-api-key=pub222856fe11852abc3642b1395fac0627&dd-evp-origin-version=7.1.0&dd-evp-origin=browser&dd-request-id=3b1feb80-b59d-481c-ba3a-6da2bca1dc15&batch_time=1780921124320&_dd.api=fetch:0
[  832168ms] [WARNING] The resource https://kalshi.com/images/research/mission/Frame.png was preloaded using link preload but not used within a few seconds from the window's load event. Please make sure it has an appropriate `as` value and it is preloaded intentionally. @ https://kalshi.com/markets/kxmlbgame/professional-baseball-game/kxmlbgame-26jun102040chccol:0
[  832169ms] [WARNING] The resource https://kalshi.com/images/research/mission/calibration.png was preloaded using link preload but not used within a few seconds from the window's load event. Please make sure it has an appropriate `as` value and it is preloaded intentionally. @ https://kalshi.com/markets/kxmlbgame/professional-baseball-game/kxmlbgame-26jun102040chccol:0
[  832169ms] [WARNING] The resource https://kalshi.com/images/research/mission/prediction-accuracy.png was preloaded using link preload but not used within a few seconds from the window's load event. Please make sure it has an appropriate `as` value and it is preloaded intentionally. @ https://kalshi.com/markets/kxmlbgame/professional-baseball-game/kxmlbgame-26jun102040chccol:0
[  832169ms] [WARNING] The resource https://kalshi.com/images/research/mission/real-world-impact.png was preloaded using link preload but not used within a few seconds from the window's load event. Please make sure it has an appropriate `as` value and it is preloaded intentionally. @ https://kalshi.com/markets/kxmlbgame/professional-baseball-game/kxmlbgame-26jun102040chccol:0
[  832169ms] [WARNING] The resource https://kalshi.com/images/research/mission/belief-updating-dynamics.png was preloaded using link preload but not used within a few seconds from the window's load event. Please make sure it has an appropriate `as` value and it is preloaded intentionally. @ https://kalshi.com/markets/kxmlbgame/professional-baseball-game/kxmlbgame-26jun102040chccol:0
[  832169ms] [WARNING] The resource https://kalshi.com/images/research/mission/market-microstructure.png was preloaded using link preload but not used within a few seconds from the window's load event. Please make sure it has an appropriate `as` value and it is preloaded intentionally. @ https://kalshi.com/markets/kxmlbgame/professional-baseball-game/kxmlbgame-26jun102040chccol:0
[  832169ms] [WARNING] The resource https://kalshi.com/images/research/mission/participant-heterogeneity.png was preloaded using link preload but not used within a few seconds from the window's load event. Please make sure it has an appropriate `as` value and it is preloaded intentionally. @ https://kalshi.com/markets/kxmlbgame/professional-baseball-game/kxmlbgame-26jun102040chccol:0
[  832596ms] [ERROR] Failed to load resource: net::ERR_NAME_NOT_RESOLVED @ https://browser-intake-datadoghq.com/api/v2/rum?ddsource=browser&dd-api-key=pub222856fe11852abc3642b1395fac0627&dd-evp-origin-version=7.1.0&dd-evp-origin=browser&dd-request-id=d6c44dd7-8e72-44bf-a52b-af204bbdf84f&batch_time=1780921128171&_dd.api=fetch:0
[  834633ms] [ERROR] Failed to load resource: net::ERR_NAME_NOT_RESOLVED @ https://browser-intake-datadoghq.com/api/v2/rum?ddsource=browser&dd-api-key=pub222856fe11852abc3642b1395fac0627&dd-evp-origin-version=7.1.0&dd-evp-origin=browser&dd-request-id=1f3e6bd0-09ec-4ab9-9b02-6ab3793dc8e9&batch_time=1780921130208&_dd.api=fetch:0
[  838663ms] [ERROR] Failed to load resource: net::ERR_NAME_NOT_RESOLVED @ https://browser-intake-datadoghq.com/api/v2/rum?ddsource=browser&dd-api-key=pub222856fe11852abc3642b1395fac0627&dd-evp-origin-version=7.1.0&dd-evp-origin=browser&dd-request-id=c944e3a4-e529-4f4b-a7c2-9a5470fc30d1&batch_time=1780921134237&_dd.api=fetch:0
[  843685ms] [ERROR] Failed to load resource: net::ERR_NAME_NOT_RESOLVED @ https://browser-intake-datadoghq.com/api/v2/rum?ddsource=browser&dd-api-key=pub222856fe11852abc3642b1395fac0627&dd-evp-origin-version=7.1.0&dd-evp-origin=browser&dd-request-id=61d643dd-3d96-4231-b038-5983e16d20f6&batch_time=1780921139259&_dd.api=fetch:0
